event_id,analysis_run_id,seq,state,event_at,error_code,source_type,synthetic_record_id
ARE-00001,56a3e890-7bf4-4449-a163-21f6f356e8a0,1,pendiente,2026-08-19T18:00:00,,synthetic,SYN-024947
ARE-00002,56a3e890-7bf4-4449-a163-21f6f356e8a0,2,en_proceso,2026-08-19T18:01:00,,synthetic,SYN-024948
ARE-00003,56a3e890-7bf4-4449-a163-21f6f356e8a0,3,completado,2026-08-19T18:02:00,,synthetic,SYN-024949
ARE-00004,b2d3ca5e-0969-419d-93da-135338c358f8,1,pendiente,2026-09-07T02:00:00,,synthetic,SYN-024951
ARE-00005,b2d3ca5e-0969-419d-93da-135338c358f8,2,en_proceso,2026-09-07T02:01:00,,synthetic,SYN-024952
ARE-00006,b2d3ca5e-0969-419d-93da-135338c358f8,3,completado,2026-09-07T02:02:00,,synthetic,SYN-024953
ARE-00007,4a74f9ce-c326-4ee0-b6c2-3420104cec42,1,pendiente,2026-07-02T17:01:00,,synthetic,SYN-024955
ARE-00008,4a74f9ce-c326-4ee0-b6c2-3420104cec42,2,en_proceso,2026-07-02T17:02:00,,synthetic,SYN-024956
ARE-00009,4a74f9ce-c326-4ee0-b6c2-3420104cec42,3,completado,2026-07-02T17:03:00,,synthetic,SYN-024957
ARE-00010,966e2f35-641a-4eab-9a64-2448ad7a50c8,1,pendiente,2026-08-02T01:00:00,,synthetic,SYN-024959
ARE-00011,966e2f35-641a-4eab-9a64-2448ad7a50c8,2,en_proceso,2026-08-02T01:01:00,,synthetic,SYN-024960
ARE-00012,966e2f35-641a-4eab-9a64-2448ad7a50c8,3,completado,2026-08-02T01:02:00,,synthetic,SYN-024961
ARE-00013,79181597-280f-4304-95f0-e7b3701bd780,1,pendiente,2026-07-26T03:00:00,,synthetic,SYN-024963
ARE-00014,79181597-280f-4304-95f0-e7b3701bd780,2,en_proceso,2026-07-26T03:01:00,,synthetic,SYN-024964
ARE-00015,79181597-280f-4304-95f0-e7b3701bd780,3,completado,2026-07-26T03:02:00,,synthetic,SYN-024965
ARE-00016,3e8641cd-744c-4014-ae0c-2565fc31a42c,1,pendiente,2026-03-15T16:00:00,,synthetic,SYN-024967
ARE-00017,3e8641cd-744c-4014-ae0c-2565fc31a42c,2,en_proceso,2026-03-15T16:01:00,,synthetic,SYN-024968
ARE-00018,3e8641cd-744c-4014-ae0c-2565fc31a42c,3,completado,2026-03-15T16:02:00,,synthetic,SYN-024969
ARE-00019,996d02ab-22d2-40a8-beed-30733c4234ee,1,pendiente,2026-09-20T16:00:00,,synthetic,SYN-024971
ARE-00020,996d02ab-22d2-40a8-beed-30733c4234ee,2,en_proceso,2026-09-20T16:01:00,,synthetic,SYN-024972
ARE-00021,996d02ab-22d2-40a8-beed-30733c4234ee,3,completado,2026-09-20T16:02:00,,synthetic,SYN-024973
ARE-00022,f1640b6d-1676-4104-a9c7-8661a6ef241e,1,pendiente,2026-02-18T19:00:00,,synthetic,SYN-024975
ARE-00023,f1640b6d-1676-4104-a9c7-8661a6ef241e,2,en_proceso,2026-02-18T19:01:00,,synthetic,SYN-024976
ARE-00024,f1640b6d-1676-4104-a9c7-8661a6ef241e,3,completado,2026-02-18T19:02:00,,synthetic,SYN-024977
ARE-00025,ebd2ef73-43fc-487b-9bfd-211a003bb75c,1,pendiente,2026-09-29T21:40:00,,synthetic,SYN-024979
ARE-00026,ebd2ef73-43fc-487b-9bfd-211a003bb75c,2,en_proceso,2026-09-29T21:41:00,,synthetic,SYN-024980
ARE-00027,ebd2ef73-43fc-487b-9bfd-211a003bb75c,3,completado,2026-09-29T21:42:00,,synthetic,SYN-024981
ARE-00028,59e38723-d6df-4a23-8b46-50e4ba383533,1,pendiente,2026-09-30T18:00:00,,synthetic,SYN-024983
ARE-00029,59e38723-d6df-4a23-8b46-50e4ba383533,2,en_proceso,2026-09-30T18:01:00,,synthetic,SYN-024984
ARE-00030,59e38723-d6df-4a23-8b46-50e4ba383533,3,completado,2026-09-30T18:02:00,,synthetic,SYN-024985
ARE-00031,4ee9b0da-8aac-4f58-9233-bef90dcd3738,1,pendiente,2026-04-18T18:00:00,,synthetic,SYN-024987
ARE-00032,4ee9b0da-8aac-4f58-9233-bef90dcd3738,2,en_proceso,2026-04-18T18:01:00,,synthetic,SYN-024988
ARE-00033,4ee9b0da-8aac-4f58-9233-bef90dcd3738,3,completado,2026-04-18T18:02:00,,synthetic,SYN-024989
ARE-00034,824fd760-694d-4e61-b468-b036904361ac,1,pendiente,2026-09-30T22:00:00,,synthetic,SYN-024991
ARE-00035,824fd760-694d-4e61-b468-b036904361ac,2,en_proceso,2026-09-30T22:01:00,,synthetic,SYN-024992
ARE-00036,824fd760-694d-4e61-b468-b036904361ac,3,completado,2026-09-30T22:02:00,,synthetic,SYN-024993
ARE-00037,ec3dd225-6107-454f-8308-d2b76d471d47,1,pendiente,2026-03-05T04:00:00,,synthetic,SYN-024995
ARE-00038,ec3dd225-6107-454f-8308-d2b76d471d47,2,en_proceso,2026-03-05T04:01:00,,synthetic,SYN-024996
ARE-00039,ec3dd225-6107-454f-8308-d2b76d471d47,3,completado,2026-03-05T04:02:00,,synthetic,SYN-024997
ARE-00040,db202bad-3cf1-4fb6-b2e1-a1200efed39d,1,pendiente,2026-08-11T22:00:00,,synthetic,SYN-024999
ARE-00041,db202bad-3cf1-4fb6-b2e1-a1200efed39d,2,en_proceso,2026-08-11T22:01:00,,synthetic,SYN-025000
ARE-00042,db202bad-3cf1-4fb6-b2e1-a1200efed39d,3,completado,2026-08-11T22:02:00,,synthetic,SYN-025001
ARE-00043,f6dfc19e-4388-496e-ac4e-205699b01a88,1,pendiente,2026-03-15T21:21:00,,synthetic,SYN-025003
ARE-00044,f6dfc19e-4388-496e-ac4e-205699b01a88,2,en_proceso,2026-03-15T21:22:00,,synthetic,SYN-025004
ARE-00045,f6dfc19e-4388-496e-ac4e-205699b01a88,3,completado,2026-03-15T21:23:00,,synthetic,SYN-025005
ARE-00046,f1768648-3fed-4952-a6ac-5afbb44560f9,1,pendiente,2026-07-01T16:00:00,,synthetic,SYN-025007
ARE-00047,f1768648-3fed-4952-a6ac-5afbb44560f9,2,en_proceso,2026-07-01T16:01:00,,synthetic,SYN-025008
ARE-00048,f1768648-3fed-4952-a6ac-5afbb44560f9,3,completado,2026-07-01T16:02:00,,synthetic,SYN-025009
ARE-00049,e5540b0a-6bd9-4f1d-8983-7259be8813ee,1,pendiente,2026-09-16T01:33:00,,synthetic,SYN-025011
ARE-00050,e5540b0a-6bd9-4f1d-8983-7259be8813ee,2,en_proceso,2026-09-16T01:34:00,,synthetic,SYN-025012
ARE-00051,e5540b0a-6bd9-4f1d-8983-7259be8813ee,3,completado,2026-09-16T01:35:00,,synthetic,SYN-025013
ARE-00052,0ed6cba9-e14d-4aba-8c15-615e0ddc4c8f,1,pendiente,2026-09-21T19:00:00,,synthetic,SYN-025015
ARE-00053,0ed6cba9-e14d-4aba-8c15-615e0ddc4c8f,2,en_proceso,2026-09-21T19:01:00,,synthetic,SYN-025016
ARE-00054,0ed6cba9-e14d-4aba-8c15-615e0ddc4c8f,3,completado,2026-09-21T19:02:00,,synthetic,SYN-025017
ARE-00055,eec5bb15-95a0-4271-9f2d-6ad37ee80791,1,pendiente,2026-06-06T20:23:00,,synthetic,SYN-025019
ARE-00056,eec5bb15-95a0-4271-9f2d-6ad37ee80791,2,en_proceso,2026-06-06T20:24:00,,synthetic,SYN-025020
ARE-00057,eec5bb15-95a0-4271-9f2d-6ad37ee80791,3,completado,2026-06-06T20:25:00,,synthetic,SYN-025021
ARE-00058,2e5ab2cb-09fe-4c90-b828-d1a1d5549046,1,pendiente,2026-09-20T22:00:00,,synthetic,SYN-025023
ARE-00059,2e5ab2cb-09fe-4c90-b828-d1a1d5549046,2,en_proceso,2026-09-20T22:01:00,,synthetic,SYN-025024
ARE-00060,2e5ab2cb-09fe-4c90-b828-d1a1d5549046,3,completado,2026-09-20T22:02:00,,synthetic,SYN-025025
ARE-00061,aaf4a544-33e4-40e2-8e5c-fa7c34efe960,1,pendiente,2026-07-07T17:00:00,,synthetic,SYN-025027
ARE-00062,aaf4a544-33e4-40e2-8e5c-fa7c34efe960,2,en_proceso,2026-07-07T17:01:00,,synthetic,SYN-025028
ARE-00063,aaf4a544-33e4-40e2-8e5c-fa7c34efe960,3,completado,2026-07-07T17:02:00,,synthetic,SYN-025029
ARE-00064,e598fe2c-5ae4-4394-afca-d01d00bdb88a,1,pendiente,2026-06-24T18:00:00,,synthetic,SYN-025031
ARE-00065,e598fe2c-5ae4-4394-afca-d01d00bdb88a,2,en_proceso,2026-06-24T18:01:00,,synthetic,SYN-025032
ARE-00066,e598fe2c-5ae4-4394-afca-d01d00bdb88a,3,completado,2026-06-24T18:02:00,,synthetic,SYN-025033
ARE-00067,3f45a8ff-6af6-4322-aa6c-1dd5554c8a3a,1,pendiente,2026-04-29T17:00:00,,synthetic,SYN-025035
ARE-00068,3f45a8ff-6af6-4322-aa6c-1dd5554c8a3a,2,en_proceso,2026-04-29T17:01:00,,synthetic,SYN-025036
ARE-00069,3f45a8ff-6af6-4322-aa6c-1dd5554c8a3a,3,completado,2026-04-29T17:02:00,,synthetic,SYN-025037
ARE-00070,514fadac-1741-4859-99e1-7cb040b8ccba,1,pendiente,2026-07-06T11:00:00,,synthetic,SYN-025039
ARE-00071,514fadac-1741-4859-99e1-7cb040b8ccba,2,en_proceso,2026-07-06T11:01:00,,synthetic,SYN-025040
ARE-00072,514fadac-1741-4859-99e1-7cb040b8ccba,3,completado,2026-07-06T11:02:00,,synthetic,SYN-025041
ARE-00073,426b35f7-63fc-4ca2-861e-280570c9a221,1,pendiente,2026-02-24T13:00:00,,synthetic,SYN-025043
ARE-00074,426b35f7-63fc-4ca2-861e-280570c9a221,2,en_proceso,2026-02-24T13:01:00,,synthetic,SYN-025044
ARE-00075,426b35f7-63fc-4ca2-861e-280570c9a221,3,completado,2026-02-24T13:02:00,,synthetic,SYN-025045
ARE-00076,ddfc3113-7425-42a6-9553-da43f04d0ede,1,pendiente,2026-08-09T20:00:00,,synthetic,SYN-025047
ARE-00077,ddfc3113-7425-42a6-9553-da43f04d0ede,2,en_proceso,2026-08-09T20:01:00,,synthetic,SYN-025048
ARE-00078,ddfc3113-7425-42a6-9553-da43f04d0ede,3,completado,2026-08-09T20:02:00,,synthetic,SYN-025049
ARE-00079,0d60f91b-dfad-4314-9d5a-c1320e497f5f,1,pendiente,2026-03-25T18:00:00,,synthetic,SYN-025051
ARE-00080,0d60f91b-dfad-4314-9d5a-c1320e497f5f,2,en_proceso,2026-03-25T18:01:00,,synthetic,SYN-025052
ARE-00081,0d60f91b-dfad-4314-9d5a-c1320e497f5f,3,completado,2026-03-25T18:02:00,,synthetic,SYN-025053
ARE-00082,c1adc84d-4789-4e87-8bc4-dc3b4e929e2e,1,pendiente,2026-07-03T20:00:00,,synthetic,SYN-025055
ARE-00083,c1adc84d-4789-4e87-8bc4-dc3b4e929e2e,2,en_proceso,2026-07-03T20:01:00,,synthetic,SYN-025056
ARE-00084,c1adc84d-4789-4e87-8bc4-dc3b4e929e2e,3,completado,2026-07-03T20:02:00,,synthetic,SYN-025057
ARE-00085,2af9e5f5-0371-4b3e-8f23-a9ef9660a46e,1,pendiente,2026-06-29T18:00:00,,synthetic,SYN-025059
ARE-00086,2af9e5f5-0371-4b3e-8f23-a9ef9660a46e,2,en_proceso,2026-06-29T18:01:00,,synthetic,SYN-025060
ARE-00087,2af9e5f5-0371-4b3e-8f23-a9ef9660a46e,3,completado,2026-06-29T18:02:00,,synthetic,SYN-025061
ARE-00088,1a6172de-737f-4ca4-ab0a-2c8809c5619f,1,pendiente,2026-05-26T02:00:00,,synthetic,SYN-025063
ARE-00089,1a6172de-737f-4ca4-ab0a-2c8809c5619f,2,en_proceso,2026-05-26T02:01:00,,synthetic,SYN-025064
ARE-00090,1a6172de-737f-4ca4-ab0a-2c8809c5619f,3,completado,2026-05-26T02:02:00,,synthetic,SYN-025065
ARE-00091,c95398d7-7acf-43c6-91ca-1776036fc0a1,1,pendiente,2026-04-14T18:00:00,,synthetic,SYN-025067
ARE-00092,c95398d7-7acf-43c6-91ca-1776036fc0a1,2,en_proceso,2026-04-14T18:01:00,,synthetic,SYN-025068
ARE-00093,c95398d7-7acf-43c6-91ca-1776036fc0a1,3,completado,2026-04-14T18:02:00,,synthetic,SYN-025069
ARE-00094,cf95d25a-7a1e-4539-96a7-ebd7e29e31be,1,pendiente,2026-07-17T22:00:00,,synthetic,SYN-025071
ARE-00095,cf95d25a-7a1e-4539-96a7-ebd7e29e31be,2,en_proceso,2026-07-17T22:01:00,,synthetic,SYN-025072
ARE-00096,cf95d25a-7a1e-4539-96a7-ebd7e29e31be,3,completado,2026-07-17T22:02:00,,synthetic,SYN-025073
ARE-00097,2634cae9-750b-4a56-b1c2-6aa5fafba291,1,pendiente,2026-07-07T00:00:00,,synthetic,SYN-025075
ARE-00098,2634cae9-750b-4a56-b1c2-6aa5fafba291,2,en_proceso,2026-07-07T00:01:00,,synthetic,SYN-025076
ARE-00099,2634cae9-750b-4a56-b1c2-6aa5fafba291,3,completado,2026-07-07T00:02:00,,synthetic,SYN-025077
ARE-00100,0e726caf-a512-4a60-9b99-754805046b73,1,pendiente,2026-07-08T13:00:00,,synthetic,SYN-025079
ARE-00101,0e726caf-a512-4a60-9b99-754805046b73,2,en_proceso,2026-07-08T13:01:00,,synthetic,SYN-025080
ARE-00102,0e726caf-a512-4a60-9b99-754805046b73,3,completado,2026-07-08T13:02:00,,synthetic,SYN-025081
ARE-00103,98ffb3ba-9b68-4110-8be8-212f610eb239,1,pendiente,2026-07-18T00:00:00,,synthetic,SYN-025083
ARE-00104,98ffb3ba-9b68-4110-8be8-212f610eb239,2,en_proceso,2026-07-18T00:01:00,,synthetic,SYN-025084
ARE-00105,98ffb3ba-9b68-4110-8be8-212f610eb239,3,completado,2026-07-18T00:02:00,,synthetic,SYN-025085
ARE-00106,86001f0c-5746-49eb-b210-07278f29c087,1,pendiente,2026-09-18T16:00:00,,synthetic,SYN-025087
ARE-00107,86001f0c-5746-49eb-b210-07278f29c087,2,en_proceso,2026-09-18T16:01:00,,synthetic,SYN-025088
ARE-00108,86001f0c-5746-49eb-b210-07278f29c087,3,completado,2026-09-18T16:02:00,,synthetic,SYN-025089
ARE-00109,9faf0128-29a5-4432-9c1e-91975fc8dd53,1,pendiente,2026-04-27T22:00:00,,synthetic,SYN-025091
ARE-00110,9faf0128-29a5-4432-9c1e-91975fc8dd53,2,en_proceso,2026-04-27T22:01:00,,synthetic,SYN-025092
ARE-00111,9faf0128-29a5-4432-9c1e-91975fc8dd53,3,fallido,2026-04-27T22:02:00,E-10,synthetic,SYN-025093
ARE-00112,76f8d129-70aa-405e-a5e0-0c4583146221,1,pendiente,2026-04-28T22:00:00,,synthetic,SYN-025095
ARE-00113,76f8d129-70aa-405e-a5e0-0c4583146221,2,en_proceso,2026-04-28T22:01:00,,synthetic,SYN-025096
ARE-00114,76f8d129-70aa-405e-a5e0-0c4583146221,3,completado,2026-04-28T22:02:00,,synthetic,SYN-025097
ARE-00115,df634e9a-5d4a-4cd6-9b78-490f23b24418,1,pendiente,2026-07-26T23:00:00,,synthetic,SYN-025099
ARE-00116,df634e9a-5d4a-4cd6-9b78-490f23b24418,2,en_proceso,2026-07-26T23:01:00,,synthetic,SYN-025100
ARE-00117,df634e9a-5d4a-4cd6-9b78-490f23b24418,3,fallido,2026-07-26T23:02:00,E-10,synthetic,SYN-025101
ARE-00118,8f041972-2701-44b5-a75e-92a224f6bf86,1,pendiente,2026-07-27T23:00:00,,synthetic,SYN-025103
ARE-00119,8f041972-2701-44b5-a75e-92a224f6bf86,2,en_proceso,2026-07-27T23:01:00,,synthetic,SYN-025104
ARE-00120,8f041972-2701-44b5-a75e-92a224f6bf86,3,completado,2026-07-27T23:02:00,,synthetic,SYN-025105
ARE-00121,51818604-37e2-4aad-9a54-50d34f66ca8b,1,pendiente,2026-04-20T23:00:00,,synthetic,SYN-025107
ARE-00122,51818604-37e2-4aad-9a54-50d34f66ca8b,2,en_proceso,2026-04-20T23:01:00,,synthetic,SYN-025108
ARE-00123,51818604-37e2-4aad-9a54-50d34f66ca8b,3,completado,2026-04-20T23:02:00,,synthetic,SYN-025109
ARE-00124,9a5de409-4dda-48d4-aeaa-5cf85587b8b5,1,pendiente,2026-06-02T22:37:00,,synthetic,SYN-025111
ARE-00125,9a5de409-4dda-48d4-aeaa-5cf85587b8b5,2,en_proceso,2026-06-02T22:38:00,,synthetic,SYN-025112
ARE-00126,9a5de409-4dda-48d4-aeaa-5cf85587b8b5,3,completado,2026-06-02T22:39:00,,synthetic,SYN-025113
ARE-00127,38c75a05-1ded-4719-a812-0f9ae3e1d157,1,pendiente,2026-04-05T23:00:00,,synthetic,SYN-025115
ARE-00128,38c75a05-1ded-4719-a812-0f9ae3e1d157,2,en_proceso,2026-04-05T23:01:00,,synthetic,SYN-025116
ARE-00129,38c75a05-1ded-4719-a812-0f9ae3e1d157,3,completado,2026-04-05T23:02:00,,synthetic,SYN-025117
ARE-00130,9f18b392-6bf6-4d91-8427-1d82687cc7d8,1,pendiente,2026-05-02T16:00:00,,synthetic,SYN-025119
ARE-00131,9f18b392-6bf6-4d91-8427-1d82687cc7d8,2,en_proceso,2026-05-02T16:01:00,,synthetic,SYN-025120
ARE-00132,9f18b392-6bf6-4d91-8427-1d82687cc7d8,3,completado,2026-05-02T16:02:00,,synthetic,SYN-025121
ARE-00133,3dd3311b-0b21-4f48-948c-f230da9841cc,1,pendiente,2026-03-02T18:06:00,,synthetic,SYN-025123
ARE-00134,3dd3311b-0b21-4f48-948c-f230da9841cc,2,en_proceso,2026-03-02T18:07:00,,synthetic,SYN-025124
ARE-00135,3dd3311b-0b21-4f48-948c-f230da9841cc,3,completado,2026-03-02T18:08:00,,synthetic,SYN-025125
ARE-00136,dfb4f442-66cd-4970-8115-4e37618d8ab5,1,pendiente,2026-09-13T18:00:00,,synthetic,SYN-025127
ARE-00137,dfb4f442-66cd-4970-8115-4e37618d8ab5,2,en_proceso,2026-09-13T18:01:00,,synthetic,SYN-025128
ARE-00138,dfb4f442-66cd-4970-8115-4e37618d8ab5,3,completado,2026-09-13T18:02:00,,synthetic,SYN-025129
ARE-00139,b6eacfce-2e8a-4b8c-a321-966b3e39f640,1,pendiente,2026-08-05T20:00:00,,synthetic,SYN-025131
ARE-00140,b6eacfce-2e8a-4b8c-a321-966b3e39f640,2,en_proceso,2026-08-05T20:01:00,,synthetic,SYN-025132
ARE-00141,b6eacfce-2e8a-4b8c-a321-966b3e39f640,3,completado,2026-08-05T20:02:00,,synthetic,SYN-025133
ARE-00142,3aed5091-661c-424a-bc7f-390d52f6ad71,1,pendiente,2026-08-19T16:00:00,,synthetic,SYN-025135
ARE-00143,3aed5091-661c-424a-bc7f-390d52f6ad71,2,en_proceso,2026-08-19T16:01:00,,synthetic,SYN-025136
ARE-00144,3aed5091-661c-424a-bc7f-390d52f6ad71,3,completado,2026-08-19T16:02:00,,synthetic,SYN-025137
ARE-00145,b8ba9262-c068-4ee2-969a-5c549ae1c9d1,1,pendiente,2026-04-09T05:23:00,,synthetic,SYN-025139
ARE-00146,b8ba9262-c068-4ee2-969a-5c549ae1c9d1,2,en_proceso,2026-04-09T05:24:00,,synthetic,SYN-025140
ARE-00147,b8ba9262-c068-4ee2-969a-5c549ae1c9d1,3,completado,2026-04-09T05:25:00,,synthetic,SYN-025141
ARE-00148,0fc167d2-fae5-4242-ba18-9e6b9b5e0bf2,1,pendiente,2026-03-18T05:00:00,,synthetic,SYN-025143
ARE-00149,0fc167d2-fae5-4242-ba18-9e6b9b5e0bf2,2,en_proceso,2026-03-18T05:01:00,,synthetic,SYN-025144
ARE-00150,0fc167d2-fae5-4242-ba18-9e6b9b5e0bf2,3,completado,2026-03-18T05:02:00,,synthetic,SYN-025145
ARE-00151,a93cce6a-dc97-4cc8-9dbc-65f23e18aa26,1,pendiente,2026-05-17T21:00:00,,synthetic,SYN-025147
ARE-00152,a93cce6a-dc97-4cc8-9dbc-65f23e18aa26,2,en_proceso,2026-05-17T21:01:00,,synthetic,SYN-025148
ARE-00153,a93cce6a-dc97-4cc8-9dbc-65f23e18aa26,3,completado,2026-05-17T21:02:00,,synthetic,SYN-025149
ARE-00154,10571344-c47c-4606-ad65-bfb8206d32bd,1,pendiente,2026-04-14T16:00:00,,synthetic,SYN-025151
ARE-00155,10571344-c47c-4606-ad65-bfb8206d32bd,2,en_proceso,2026-04-14T16:01:00,,synthetic,SYN-025152
ARE-00156,10571344-c47c-4606-ad65-bfb8206d32bd,3,completado,2026-04-14T16:02:00,,synthetic,SYN-025153
ARE-00157,6724bb40-bbc5-412e-9852-13bcda8f0033,1,pendiente,2026-06-22T19:26:00,,synthetic,SYN-025155
ARE-00158,6724bb40-bbc5-412e-9852-13bcda8f0033,2,en_proceso,2026-06-22T19:27:00,,synthetic,SYN-025156
ARE-00159,6724bb40-bbc5-412e-9852-13bcda8f0033,3,completado,2026-06-22T19:28:00,,synthetic,SYN-025157
ARE-00160,1e788c59-1d82-4a7e-95b3-e615ecc4a135,1,pendiente,2026-05-30T01:00:00,,synthetic,SYN-025159
ARE-00161,1e788c59-1d82-4a7e-95b3-e615ecc4a135,2,en_proceso,2026-05-30T01:01:00,,synthetic,SYN-025160
ARE-00162,1e788c59-1d82-4a7e-95b3-e615ecc4a135,3,completado,2026-05-30T01:02:00,,synthetic,SYN-025161
ARE-00163,6a2a7cde-2c83-48f2-a92f-77b6115dd857,1,pendiente,2026-05-07T17:00:00,,synthetic,SYN-025163
ARE-00164,6a2a7cde-2c83-48f2-a92f-77b6115dd857,2,en_proceso,2026-05-07T17:01:00,,synthetic,SYN-025164
ARE-00165,6a2a7cde-2c83-48f2-a92f-77b6115dd857,3,completado,2026-05-07T17:02:00,,synthetic,SYN-025165
ARE-00166,4bbc05a1-4e24-4fb5-9559-0662f306d7fa,1,pendiente,2026-07-20T18:00:00,,synthetic,SYN-025167
ARE-00167,4bbc05a1-4e24-4fb5-9559-0662f306d7fa,2,en_proceso,2026-07-20T18:01:00,,synthetic,SYN-025168
ARE-00168,4bbc05a1-4e24-4fb5-9559-0662f306d7fa,3,completado,2026-07-20T18:02:00,,synthetic,SYN-025169
ARE-00169,abab3b8c-cef4-4936-988c-2714de579a2d,1,pendiente,2026-07-20T19:00:00,,synthetic,SYN-025171
ARE-00170,abab3b8c-cef4-4936-988c-2714de579a2d,2,en_proceso,2026-07-20T19:01:00,,synthetic,SYN-025172
ARE-00171,abab3b8c-cef4-4936-988c-2714de579a2d,3,completado,2026-07-20T19:02:00,,synthetic,SYN-025173
ARE-00172,a58f5840-4d84-4c25-a9d9-6b85c17ca253,1,pendiente,2026-06-17T09:28:00,,synthetic,SYN-025175
ARE-00173,a58f5840-4d84-4c25-a9d9-6b85c17ca253,2,en_proceso,2026-06-17T09:29:00,,synthetic,SYN-025176
ARE-00174,a58f5840-4d84-4c25-a9d9-6b85c17ca253,3,completado,2026-06-17T09:30:00,,synthetic,SYN-025177
ARE-00175,4ef8c34b-e8e5-4eb1-9b41-ac0fa6a73119,1,pendiente,2026-06-01T23:00:00,,synthetic,SYN-025179
ARE-00176,4ef8c34b-e8e5-4eb1-9b41-ac0fa6a73119,2,en_proceso,2026-06-01T23:01:00,,synthetic,SYN-025180
ARE-00177,4ef8c34b-e8e5-4eb1-9b41-ac0fa6a73119,3,completado,2026-06-01T23:02:00,,synthetic,SYN-025181
ARE-00178,77f1e6bc-bd9e-48d4-a999-9ace1c3f150e,1,pendiente,2026-04-15T20:00:00,,synthetic,SYN-025183
ARE-00179,77f1e6bc-bd9e-48d4-a999-9ace1c3f150e,2,en_proceso,2026-04-15T20:01:00,,synthetic,SYN-025184
ARE-00180,77f1e6bc-bd9e-48d4-a999-9ace1c3f150e,3,completado,2026-04-15T20:02:00,,synthetic,SYN-025185
ARE-00181,f97abace-3e28-490b-b5a8-6f3b150bb6cb,1,pendiente,2026-03-30T20:00:00,,synthetic,SYN-025187
ARE-00182,f97abace-3e28-490b-b5a8-6f3b150bb6cb,2,en_proceso,2026-03-30T20:01:00,,synthetic,SYN-025188
ARE-00183,f97abace-3e28-490b-b5a8-6f3b150bb6cb,3,completado,2026-03-30T20:02:00,,synthetic,SYN-025189
ARE-00184,3e68a659-8aa6-49ef-88f2-e0442c229e5b,1,pendiente,2026-07-11T23:00:00,,synthetic,SYN-025191
ARE-00185,3e68a659-8aa6-49ef-88f2-e0442c229e5b,2,en_proceso,2026-07-11T23:01:00,,synthetic,SYN-025192
ARE-00186,3e68a659-8aa6-49ef-88f2-e0442c229e5b,3,completado,2026-07-11T23:02:00,,synthetic,SYN-025193
ARE-00187,709305a6-8eb0-4321-86b7-bf4cebbc6c45,1,pendiente,2026-07-28T23:00:00,,synthetic,SYN-025195
ARE-00188,709305a6-8eb0-4321-86b7-bf4cebbc6c45,2,en_proceso,2026-07-28T23:01:00,,synthetic,SYN-025196
ARE-00189,709305a6-8eb0-4321-86b7-bf4cebbc6c45,3,completado,2026-07-28T23:02:00,,synthetic,SYN-025197
ARE-00190,8bff3435-b0a1-48c5-976a-b39881b6e036,1,pendiente,2026-04-15T18:00:00,,synthetic,SYN-025199
ARE-00191,8bff3435-b0a1-48c5-976a-b39881b6e036,2,en_proceso,2026-04-15T18:01:00,,synthetic,SYN-025200
ARE-00192,8bff3435-b0a1-48c5-976a-b39881b6e036,3,completado,2026-04-15T18:02:00,,synthetic,SYN-025201
ARE-00193,ef41d120-7976-4690-95f4-cfc307d5ed1c,1,pendiente,2026-04-15T03:47:00,,synthetic,SYN-025203
ARE-00194,ef41d120-7976-4690-95f4-cfc307d5ed1c,2,en_proceso,2026-04-15T03:48:00,,synthetic,SYN-025204
ARE-00195,ef41d120-7976-4690-95f4-cfc307d5ed1c,3,completado,2026-04-15T03:49:00,,synthetic,SYN-025205
ARE-00196,d3ac01d8-ec02-4df0-8999-b39a0416e5cf,1,pendiente,2026-07-24T04:00:00,,synthetic,SYN-025207
ARE-00197,d3ac01d8-ec02-4df0-8999-b39a0416e5cf,2,en_proceso,2026-07-24T04:01:00,,synthetic,SYN-025208
ARE-00198,d3ac01d8-ec02-4df0-8999-b39a0416e5cf,3,completado,2026-07-24T04:02:00,,synthetic,SYN-025209
ARE-00199,00e6164f-2a03-4d3b-b1d0-7ee769de9ecd,1,pendiente,2026-05-04T22:00:00,,synthetic,SYN-025211
ARE-00200,00e6164f-2a03-4d3b-b1d0-7ee769de9ecd,2,en_proceso,2026-05-04T22:01:00,,synthetic,SYN-025212
ARE-00201,00e6164f-2a03-4d3b-b1d0-7ee769de9ecd,3,completado,2026-05-04T22:02:00,,synthetic,SYN-025213
ARE-00202,c8364862-33b9-4461-bf46-9b25b789a026,1,pendiente,2026-07-27T04:00:00,,synthetic,SYN-025215
ARE-00203,c8364862-33b9-4461-bf46-9b25b789a026,2,en_proceso,2026-07-27T04:01:00,,synthetic,SYN-025216
ARE-00204,c8364862-33b9-4461-bf46-9b25b789a026,3,completado,2026-07-27T04:02:00,,synthetic,SYN-025217
ARE-00205,08678cf2-8bd6-4c8d-93b1-594598c8faf8,1,pendiente,2026-05-13T18:00:00,,synthetic,SYN-025219
ARE-00206,08678cf2-8bd6-4c8d-93b1-594598c8faf8,2,en_proceso,2026-05-13T18:01:00,,synthetic,SYN-025220
ARE-00207,08678cf2-8bd6-4c8d-93b1-594598c8faf8,3,completado,2026-05-13T18:02:00,,synthetic,SYN-025221
ARE-00208,aaffc162-d8c0-40fa-9de1-f6d744f707ca,1,pendiente,2026-02-05T20:06:00,,synthetic,SYN-025223
ARE-00209,aaffc162-d8c0-40fa-9de1-f6d744f707ca,2,en_proceso,2026-02-05T20:07:00,,synthetic,SYN-025224
ARE-00210,aaffc162-d8c0-40fa-9de1-f6d744f707ca,3,completado,2026-02-05T20:08:00,,synthetic,SYN-025225
ARE-00211,97665b04-4f98-4886-942d-54d09497fb92,1,pendiente,2026-05-08T14:00:00,,synthetic,SYN-025227
ARE-00212,97665b04-4f98-4886-942d-54d09497fb92,2,en_proceso,2026-05-08T14:01:00,,synthetic,SYN-025228
ARE-00213,97665b04-4f98-4886-942d-54d09497fb92,3,completado,2026-05-08T14:02:00,,synthetic,SYN-025229
ARE-00214,6b244143-6e36-45a0-b02b-f7a22d12aa3c,1,pendiente,2026-04-08T19:00:00,,synthetic,SYN-025231
ARE-00215,6b244143-6e36-45a0-b02b-f7a22d12aa3c,2,en_proceso,2026-04-08T19:01:00,,synthetic,SYN-025232
ARE-00216,6b244143-6e36-45a0-b02b-f7a22d12aa3c,3,completado,2026-04-08T19:02:00,,synthetic,SYN-025233
ARE-00217,e36b52d5-be22-4334-a927-84d29d2f45bd,1,pendiente,2026-04-24T18:16:00,,synthetic,SYN-025235
ARE-00218,e36b52d5-be22-4334-a927-84d29d2f45bd,2,en_proceso,2026-04-24T18:17:00,,synthetic,SYN-025236
ARE-00219,e36b52d5-be22-4334-a927-84d29d2f45bd,3,completado,2026-04-24T18:18:00,,synthetic,SYN-025237
ARE-00220,a5a98569-0421-4852-ab59-44da19292b08,1,pendiente,2026-05-20T22:00:00,,synthetic,SYN-025239
ARE-00221,a5a98569-0421-4852-ab59-44da19292b08,2,en_proceso,2026-05-20T22:01:00,,synthetic,SYN-025240
ARE-00222,a5a98569-0421-4852-ab59-44da19292b08,3,completado,2026-05-20T22:02:00,,synthetic,SYN-025241
ARE-00223,8e898a0e-f115-40c2-a32a-059dab407db3,1,pendiente,2026-09-17T19:00:00,,synthetic,SYN-025243
ARE-00224,8e898a0e-f115-40c2-a32a-059dab407db3,2,en_proceso,2026-09-17T19:01:00,,synthetic,SYN-025244
ARE-00225,8e898a0e-f115-40c2-a32a-059dab407db3,3,completado,2026-09-17T19:02:00,,synthetic,SYN-025245
ARE-00226,9a9b48ef-421b-480a-b7d1-3ebf2b360edf,1,pendiente,2026-07-14T01:00:00,,synthetic,SYN-025247
ARE-00227,9a9b48ef-421b-480a-b7d1-3ebf2b360edf,2,en_proceso,2026-07-14T01:01:00,,synthetic,SYN-025248
ARE-00228,9a9b48ef-421b-480a-b7d1-3ebf2b360edf,3,completado,2026-07-14T01:02:00,,synthetic,SYN-025249
ARE-00229,ed119a07-6895-4a24-bed4-190f31df0c5c,1,pendiente,2026-08-08T01:00:00,,synthetic,SYN-025251
ARE-00230,ed119a07-6895-4a24-bed4-190f31df0c5c,2,en_proceso,2026-08-08T01:01:00,,synthetic,SYN-025252
ARE-00231,ed119a07-6895-4a24-bed4-190f31df0c5c,3,completado,2026-08-08T01:02:00,,synthetic,SYN-025253
ARE-00232,360584d1-072f-47c6-88c3-c91bee670bfd,1,pendiente,2026-09-11T00:00:00,,synthetic,SYN-025255
ARE-00233,360584d1-072f-47c6-88c3-c91bee670bfd,2,en_proceso,2026-09-11T00:01:00,,synthetic,SYN-025256
ARE-00234,360584d1-072f-47c6-88c3-c91bee670bfd,3,completado,2026-09-11T00:02:00,,synthetic,SYN-025257
ARE-00235,0935dbde-0de0-4bf6-8d9b-8df7cb9cb977,1,pendiente,2026-09-04T20:00:00,,synthetic,SYN-025259
ARE-00236,0935dbde-0de0-4bf6-8d9b-8df7cb9cb977,2,en_proceso,2026-09-04T20:01:00,,synthetic,SYN-025260
ARE-00237,0935dbde-0de0-4bf6-8d9b-8df7cb9cb977,3,completado,2026-09-04T20:02:00,,synthetic,SYN-025261
ARE-00238,02ae08bd-67b0-41f7-af97-a80c7341c109,1,pendiente,2026-02-19T20:00:00,,synthetic,SYN-025263
ARE-00239,02ae08bd-67b0-41f7-af97-a80c7341c109,2,en_proceso,2026-02-19T20:01:00,,synthetic,SYN-025264
ARE-00240,02ae08bd-67b0-41f7-af97-a80c7341c109,3,completado,2026-02-19T20:02:00,,synthetic,SYN-025265
ARE-00241,27100e62-2ec5-401c-83aa-732562e258fb,1,pendiente,2026-03-22T19:00:00,,synthetic,SYN-025267
ARE-00242,27100e62-2ec5-401c-83aa-732562e258fb,2,en_proceso,2026-03-22T19:01:00,,synthetic,SYN-025268
ARE-00243,27100e62-2ec5-401c-83aa-732562e258fb,3,completado,2026-03-22T19:02:00,,synthetic,SYN-025269
ARE-00244,fe5ef7df-7642-497f-9290-108b77d3ef6c,1,pendiente,2026-09-01T01:58:00,,synthetic,SYN-025271
ARE-00245,fe5ef7df-7642-497f-9290-108b77d3ef6c,2,en_proceso,2026-09-01T01:59:00,,synthetic,SYN-025272
ARE-00246,fe5ef7df-7642-497f-9290-108b77d3ef6c,3,completado,2026-09-01T02:00:00,,synthetic,SYN-025273
ARE-00247,0f965daa-afe4-43c3-85a9-6e8e48495b52,1,pendiente,2026-07-07T00:00:00,,synthetic,SYN-025275
ARE-00248,0f965daa-afe4-43c3-85a9-6e8e48495b52,2,en_proceso,2026-07-07T00:01:00,,synthetic,SYN-025276
ARE-00249,0f965daa-afe4-43c3-85a9-6e8e48495b52,3,completado,2026-07-07T00:02:00,,synthetic,SYN-025277
ARE-00250,b70b58d2-da90-4294-8c02-89b2e1a3514c,1,pendiente,2026-04-15T18:00:00,,synthetic,SYN-025279
ARE-00251,b70b58d2-da90-4294-8c02-89b2e1a3514c,2,en_proceso,2026-04-15T18:01:00,,synthetic,SYN-025280
ARE-00252,b70b58d2-da90-4294-8c02-89b2e1a3514c,3,completado,2026-04-15T18:02:00,,synthetic,SYN-025281
ARE-00253,74b90e20-46d2-4cd2-94d9-aff56bceebd8,1,pendiente,2026-07-07T22:00:00,,synthetic,SYN-025283
ARE-00254,74b90e20-46d2-4cd2-94d9-aff56bceebd8,2,en_proceso,2026-07-07T22:01:00,,synthetic,SYN-025284
ARE-00255,74b90e20-46d2-4cd2-94d9-aff56bceebd8,3,completado,2026-07-07T22:02:00,,synthetic,SYN-025285
ARE-00256,236853f5-e44a-4a49-945e-c1df42dd0be0,1,pendiente,2026-03-13T00:00:00,,synthetic,SYN-025287
ARE-00257,236853f5-e44a-4a49-945e-c1df42dd0be0,2,en_proceso,2026-03-13T00:01:00,,synthetic,SYN-025288
ARE-00258,236853f5-e44a-4a49-945e-c1df42dd0be0,3,completado,2026-03-13T00:02:00,,synthetic,SYN-025289
ARE-00259,a7b0f47c-283e-4357-94d8-99612ff1cf85,1,pendiente,2026-06-15T18:00:00,,synthetic,SYN-025291
ARE-00260,a7b0f47c-283e-4357-94d8-99612ff1cf85,2,en_proceso,2026-06-15T18:01:00,,synthetic,SYN-025292
ARE-00261,a7b0f47c-283e-4357-94d8-99612ff1cf85,3,completado,2026-06-15T18:02:00,,synthetic,SYN-025293
ARE-00262,4120b9ab-7101-4942-b4ff-03f4aafcbcf7,1,pendiente,2026-04-10T23:00:00,,synthetic,SYN-025295
ARE-00263,4120b9ab-7101-4942-b4ff-03f4aafcbcf7,2,en_proceso,2026-04-10T23:01:00,,synthetic,SYN-025296
ARE-00264,4120b9ab-7101-4942-b4ff-03f4aafcbcf7,3,completado,2026-04-10T23:02:00,,synthetic,SYN-025297
ARE-00265,f0a30724-9bce-4ca4-ac36-297be1161866,1,pendiente,2026-01-30T01:09:00,,synthetic,SYN-025299
ARE-00266,f0a30724-9bce-4ca4-ac36-297be1161866,2,en_proceso,2026-01-30T01:10:00,,synthetic,SYN-025300
ARE-00267,f0a30724-9bce-4ca4-ac36-297be1161866,3,completado,2026-01-30T01:11:00,,synthetic,SYN-025301
ARE-00268,a8b406eb-afd4-407c-a910-6a1a14ebc2c9,1,pendiente,2026-03-11T20:00:00,,synthetic,SYN-025303
ARE-00269,a8b406eb-afd4-407c-a910-6a1a14ebc2c9,2,en_proceso,2026-03-11T20:01:00,,synthetic,SYN-025304
ARE-00270,a8b406eb-afd4-407c-a910-6a1a14ebc2c9,3,completado,2026-03-11T20:02:00,,synthetic,SYN-025305
ARE-00271,dbc29e67-3819-44bd-9710-c75f3fe163a5,1,pendiente,2026-08-05T17:00:00,,synthetic,SYN-025307
ARE-00272,dbc29e67-3819-44bd-9710-c75f3fe163a5,2,en_proceso,2026-08-05T17:01:00,,synthetic,SYN-025308
ARE-00273,dbc29e67-3819-44bd-9710-c75f3fe163a5,3,completado,2026-08-05T17:02:00,,synthetic,SYN-025309
ARE-00274,2c5bdb10-3182-4fb8-9330-040954ec0442,1,pendiente,2026-02-23T16:00:00,,synthetic,SYN-025311
ARE-00275,2c5bdb10-3182-4fb8-9330-040954ec0442,2,en_proceso,2026-02-23T16:01:00,,synthetic,SYN-025312
ARE-00276,2c5bdb10-3182-4fb8-9330-040954ec0442,3,completado,2026-02-23T16:02:00,,synthetic,SYN-025313
ARE-00277,f59f7bc0-0380-4155-aa70-76539fdda49b,1,pendiente,2026-08-05T20:00:00,,synthetic,SYN-025315
ARE-00278,f59f7bc0-0380-4155-aa70-76539fdda49b,2,en_proceso,2026-08-05T20:01:00,,synthetic,SYN-025316
ARE-00279,f59f7bc0-0380-4155-aa70-76539fdda49b,3,completado,2026-08-05T20:02:00,,synthetic,SYN-025317
ARE-00280,a03cdc08-e540-4a24-af4f-0ca25846b08f,1,pendiente,2026-08-20T23:00:00,,synthetic,SYN-025319
ARE-00281,a03cdc08-e540-4a24-af4f-0ca25846b08f,2,en_proceso,2026-08-20T23:01:00,,synthetic,SYN-025320
ARE-00282,a03cdc08-e540-4a24-af4f-0ca25846b08f,3,fallido,2026-08-20T23:02:00,E-10,synthetic,SYN-025321
ARE-00283,66f1ac55-7d34-4570-a731-5d5bf8003698,1,pendiente,2026-08-21T23:00:00,,synthetic,SYN-025323
ARE-00284,66f1ac55-7d34-4570-a731-5d5bf8003698,2,en_proceso,2026-08-21T23:01:00,,synthetic,SYN-025324
ARE-00285,66f1ac55-7d34-4570-a731-5d5bf8003698,3,completado,2026-08-21T23:02:00,,synthetic,SYN-025325
ARE-00286,828571bf-7f4d-4364-8f75-08a05360f9e5,1,pendiente,2026-08-05T16:00:00,,synthetic,SYN-025327
ARE-00287,828571bf-7f4d-4364-8f75-08a05360f9e5,2,en_proceso,2026-08-05T16:01:00,,synthetic,SYN-025328
ARE-00288,828571bf-7f4d-4364-8f75-08a05360f9e5,3,completado,2026-08-05T16:02:00,,synthetic,SYN-025329
ARE-00289,079bcb50-21f5-449f-8632-59430f5551ac,1,pendiente,2026-04-08T21:00:00,,synthetic,SYN-025331
ARE-00290,079bcb50-21f5-449f-8632-59430f5551ac,2,en_proceso,2026-04-08T21:01:00,,synthetic,SYN-025332
ARE-00291,079bcb50-21f5-449f-8632-59430f5551ac,3,completado,2026-04-08T21:02:00,,synthetic,SYN-025333
ARE-00292,bae696d5-ae9c-4290-b1c2-d8ca53ef6848,1,pendiente,2026-04-20T20:00:00,,synthetic,SYN-025335
ARE-00293,bae696d5-ae9c-4290-b1c2-d8ca53ef6848,2,en_proceso,2026-04-20T20:01:00,,synthetic,SYN-025336
ARE-00294,bae696d5-ae9c-4290-b1c2-d8ca53ef6848,3,completado,2026-04-20T20:02:00,,synthetic,SYN-025337
ARE-00295,2135c7f4-4188-406d-932a-9f547d22c565,1,pendiente,2026-07-01T17:00:00,,synthetic,SYN-025339
ARE-00296,2135c7f4-4188-406d-932a-9f547d22c565,2,en_proceso,2026-07-01T17:01:00,,synthetic,SYN-025340
ARE-00297,2135c7f4-4188-406d-932a-9f547d22c565,3,completado,2026-07-01T17:02:00,,synthetic,SYN-025341
ARE-00298,df0d7249-f5e4-4827-b90e-f2e565d65723,1,pendiente,2026-03-27T22:00:00,,synthetic,SYN-025343
ARE-00299,df0d7249-f5e4-4827-b90e-f2e565d65723,2,en_proceso,2026-03-27T22:01:00,,synthetic,SYN-025344
ARE-00300,df0d7249-f5e4-4827-b90e-f2e565d65723,3,completado,2026-03-27T22:02:00,,synthetic,SYN-025345
ARE-00301,5262c0a0-2c2e-4d6e-8e13-eaa26b4e5a4b,1,pendiente,2026-06-09T17:00:00,,synthetic,SYN-025347
ARE-00302,5262c0a0-2c2e-4d6e-8e13-eaa26b4e5a4b,2,en_proceso,2026-06-09T17:01:00,,synthetic,SYN-025348
ARE-00303,5262c0a0-2c2e-4d6e-8e13-eaa26b4e5a4b,3,completado,2026-06-09T17:02:00,,synthetic,SYN-025349
ARE-00304,85dc1feb-1f3a-45d5-84c2-3a8e0e40f98a,1,pendiente,2026-04-20T23:00:00,,synthetic,SYN-025351
ARE-00305,85dc1feb-1f3a-45d5-84c2-3a8e0e40f98a,2,en_proceso,2026-04-20T23:01:00,,synthetic,SYN-025352
ARE-00306,85dc1feb-1f3a-45d5-84c2-3a8e0e40f98a,3,completado,2026-04-20T23:02:00,,synthetic,SYN-025353
ARE-00307,9056f74c-cf2e-495b-820f-f795b788a864,1,pendiente,2026-08-17T22:00:00,,synthetic,SYN-025355
ARE-00308,9056f74c-cf2e-495b-820f-f795b788a864,2,en_proceso,2026-08-17T22:01:00,,synthetic,SYN-025356
ARE-00309,9056f74c-cf2e-495b-820f-f795b788a864,3,completado,2026-08-17T22:02:00,,synthetic,SYN-025357
ARE-00310,b53f4f6a-6734-489b-b045-cff3537d4101,1,pendiente,2026-07-25T19:00:00,,synthetic,SYN-025359
ARE-00311,b53f4f6a-6734-489b-b045-cff3537d4101,2,en_proceso,2026-07-25T19:01:00,,synthetic,SYN-025360
ARE-00312,b53f4f6a-6734-489b-b045-cff3537d4101,3,completado,2026-07-25T19:02:00,,synthetic,SYN-025361
ARE-00313,d538093a-3b58-43a0-a629-7763e9bd76bb,1,pendiente,2026-05-06T21:00:00,,synthetic,SYN-025363
ARE-00314,d538093a-3b58-43a0-a629-7763e9bd76bb,2,en_proceso,2026-05-06T21:01:00,,synthetic,SYN-025364
ARE-00315,d538093a-3b58-43a0-a629-7763e9bd76bb,3,completado,2026-05-06T21:02:00,,synthetic,SYN-025365
ARE-00316,e9a4e783-d036-472c-aee3-136f688d3929,1,pendiente,2026-03-23T23:00:00,,synthetic,SYN-025367
ARE-00317,e9a4e783-d036-472c-aee3-136f688d3929,2,en_proceso,2026-03-23T23:01:00,,synthetic,SYN-025368
ARE-00318,e9a4e783-d036-472c-aee3-136f688d3929,3,fallido,2026-03-23T23:02:00,E-10,synthetic,SYN-025369
ARE-00319,9092cd84-a9b3-4252-9ec2-1464238c5e98,1,pendiente,2026-03-24T23:00:00,,synthetic,SYN-025371
ARE-00320,9092cd84-a9b3-4252-9ec2-1464238c5e98,2,en_proceso,2026-03-24T23:01:00,,synthetic,SYN-025372
ARE-00321,9092cd84-a9b3-4252-9ec2-1464238c5e98,3,completado,2026-03-24T23:02:00,,synthetic,SYN-025373
ARE-00322,bec66612-7f20-41d1-8553-9f0a22353e6e,1,pendiente,2026-06-27T19:00:00,,synthetic,SYN-025375
ARE-00323,bec66612-7f20-41d1-8553-9f0a22353e6e,2,en_proceso,2026-06-27T19:01:00,,synthetic,SYN-025376
ARE-00324,bec66612-7f20-41d1-8553-9f0a22353e6e,3,completado,2026-06-27T19:02:00,,synthetic,SYN-025377
ARE-00325,531bc0e7-498e-46b7-99d3-4139bb5ae4e6,1,pendiente,2026-04-26T15:00:00,,synthetic,SYN-025379
ARE-00326,531bc0e7-498e-46b7-99d3-4139bb5ae4e6,2,en_proceso,2026-04-26T15:01:00,,synthetic,SYN-025380
ARE-00327,531bc0e7-498e-46b7-99d3-4139bb5ae4e6,3,completado,2026-04-26T15:02:00,,synthetic,SYN-025381
ARE-00328,55e60942-1137-4724-a068-f4abe8115aca,1,pendiente,2026-05-29T18:00:00,,synthetic,SYN-025383
ARE-00329,55e60942-1137-4724-a068-f4abe8115aca,2,en_proceso,2026-05-29T18:01:00,,synthetic,SYN-025384
ARE-00330,55e60942-1137-4724-a068-f4abe8115aca,3,completado,2026-05-29T18:02:00,,synthetic,SYN-025385
ARE-00331,7ff5af01-ec6d-4ac4-a793-09be4c31f2fa,1,pendiente,2026-08-28T19:00:00,,synthetic,SYN-025387
ARE-00332,7ff5af01-ec6d-4ac4-a793-09be4c31f2fa,2,en_proceso,2026-08-28T19:01:00,,synthetic,SYN-025388
ARE-00333,7ff5af01-ec6d-4ac4-a793-09be4c31f2fa,3,completado,2026-08-28T19:02:00,,synthetic,SYN-025389
ARE-00334,82ff7cf3-86fd-417e-92d7-3c05503e95d9,1,pendiente,2026-08-25T18:00:00,,synthetic,SYN-025391
ARE-00335,82ff7cf3-86fd-417e-92d7-3c05503e95d9,2,en_proceso,2026-08-25T18:01:00,,synthetic,SYN-025392
ARE-00336,82ff7cf3-86fd-417e-92d7-3c05503e95d9,3,completado,2026-08-25T18:02:00,,synthetic,SYN-025393
ARE-00337,9640b9b6-6023-453b-bba8-8197723bfbc3,1,pendiente,2026-09-18T15:00:00,,synthetic,SYN-025395
ARE-00338,9640b9b6-6023-453b-bba8-8197723bfbc3,2,en_proceso,2026-09-18T15:01:00,,synthetic,SYN-025396
ARE-00339,9640b9b6-6023-453b-bba8-8197723bfbc3,3,completado,2026-09-18T15:02:00,,synthetic,SYN-025397
ARE-00340,ba4c8a8a-7c80-48b4-90c4-bcbf84c95851,1,pendiente,2026-03-05T20:51:00,,synthetic,SYN-025399
ARE-00341,ba4c8a8a-7c80-48b4-90c4-bcbf84c95851,2,en_proceso,2026-03-05T20:52:00,,synthetic,SYN-025400
ARE-00342,ba4c8a8a-7c80-48b4-90c4-bcbf84c95851,3,completado,2026-03-05T20:53:00,,synthetic,SYN-025401
ARE-00343,9a802908-f0ac-4434-9bef-fb5411550577,1,pendiente,2026-05-31T05:00:00,,synthetic,SYN-025403
ARE-00344,9a802908-f0ac-4434-9bef-fb5411550577,2,en_proceso,2026-05-31T05:01:00,,synthetic,SYN-025404
ARE-00345,9a802908-f0ac-4434-9bef-fb5411550577,3,completado,2026-05-31T05:02:00,,synthetic,SYN-025405
ARE-00346,2de8fc6e-0333-47b7-a3f9-9a7184c47067,1,pendiente,2026-09-29T21:00:00,,synthetic,SYN-025407
ARE-00347,2de8fc6e-0333-47b7-a3f9-9a7184c47067,2,en_proceso,2026-09-29T21:01:00,,synthetic,SYN-025408
ARE-00348,2de8fc6e-0333-47b7-a3f9-9a7184c47067,3,completado,2026-09-29T21:02:00,,synthetic,SYN-025409
ARE-00349,c4d98976-764e-4dec-84b9-12496ac9c957,1,pendiente,2026-02-15T21:00:00,,synthetic,SYN-025411
ARE-00350,c4d98976-764e-4dec-84b9-12496ac9c957,2,en_proceso,2026-02-15T21:01:00,,synthetic,SYN-025412
ARE-00351,c4d98976-764e-4dec-84b9-12496ac9c957,3,completado,2026-02-15T21:02:00,,synthetic,SYN-025413
ARE-00352,02a6b73e-9c12-4d50-9e49-d1a9ef1d9dc0,1,pendiente,2026-09-05T19:00:00,,synthetic,SYN-025415
ARE-00353,02a6b73e-9c12-4d50-9e49-d1a9ef1d9dc0,2,en_proceso,2026-09-05T19:01:00,,synthetic,SYN-025416
ARE-00354,02a6b73e-9c12-4d50-9e49-d1a9ef1d9dc0,3,completado,2026-09-05T19:02:00,,synthetic,SYN-025417
ARE-00355,6ffad378-284e-4be0-bb58-efb03f936277,1,pendiente,2026-05-14T14:00:00,,synthetic,SYN-025419
ARE-00356,6ffad378-284e-4be0-bb58-efb03f936277,2,en_proceso,2026-05-14T14:01:00,,synthetic,SYN-025420
ARE-00357,6ffad378-284e-4be0-bb58-efb03f936277,3,completado,2026-05-14T14:02:00,,synthetic,SYN-025421
ARE-00358,7e3cb0d1-9e72-4c0b-9f13-21f2087f2247,1,pendiente,2026-04-17T21:00:00,,synthetic,SYN-025423
ARE-00359,7e3cb0d1-9e72-4c0b-9f13-21f2087f2247,2,en_proceso,2026-04-17T21:01:00,,synthetic,SYN-025424
ARE-00360,7e3cb0d1-9e72-4c0b-9f13-21f2087f2247,3,completado,2026-04-17T21:02:00,,synthetic,SYN-025425
ARE-00361,f9304951-08ed-421d-991d-b3c28006dd5c,1,pendiente,2026-02-05T20:18:00,,synthetic,SYN-025427
ARE-00362,f9304951-08ed-421d-991d-b3c28006dd5c,2,en_proceso,2026-02-05T20:19:00,,synthetic,SYN-025428
ARE-00363,f9304951-08ed-421d-991d-b3c28006dd5c,3,completado,2026-02-05T20:20:00,,synthetic,SYN-025429
ARE-00364,479837be-35e3-41d4-8492-8dc1d0783574,1,pendiente,2026-05-08T16:00:00,,synthetic,SYN-025431
ARE-00365,479837be-35e3-41d4-8492-8dc1d0783574,2,en_proceso,2026-05-08T16:01:00,,synthetic,SYN-025432
ARE-00366,479837be-35e3-41d4-8492-8dc1d0783574,3,completado,2026-05-08T16:02:00,,synthetic,SYN-025433
ARE-00367,b5efe02d-0a63-44e0-b55d-6d4b88f67249,1,pendiente,2026-07-29T16:55:00,,synthetic,SYN-025435
ARE-00368,b5efe02d-0a63-44e0-b55d-6d4b88f67249,2,en_proceso,2026-07-29T16:56:00,,synthetic,SYN-025436
ARE-00369,b5efe02d-0a63-44e0-b55d-6d4b88f67249,3,completado,2026-07-29T16:57:00,,synthetic,SYN-025437
