analysis_run_id,vacancy_token,organization_token,trigger,rules_version,criteria_version,rubric_version,input_hash_algorithm,input_snapshot_hash,created_at,source_type,synthetic_record_id
56a3e890-7bf4-4449-a163-21f6f356e8a0,VAC-0001,ORG-S1,resultado_registrado,f33-rules-design-0,CV-VAC-0001-1,RV-VAC-0001-1,f34-input-sha256-v1,e97adfc33713616cdb55cdae31d8dafb6a277fe131858074d619044df9a25788,2026-08-19T18:00:00,synthetic,SYN-024946
b2d3ca5e-0969-419d-93da-135338c358f8,VAC-0002,ORG-S2,resultado_registrado,f33-rules-design-0,CV-VAC-0002-1,RV-VAC-0002-1,f34-input-sha256-v1,75af9dcb47ca164998870580999fde9e9030535aa4156aa85cedda2396a98274,2026-09-07T02:00:00,synthetic,SYN-024950
4a74f9ce-c326-4ee0-b6c2-3420104cec42,VAC-0003,ORG-S3,resultado_registrado,f33-rules-design-0,CV-VAC-0003-1,RV-VAC-0003-1,f34-input-sha256-v1,55a32fa0b061d562dbb5c3c2d052dbe9c5d17d58d9275d41e2e6f7a07e15f3a5,2026-07-02T17:01:00,synthetic,SYN-024954
966e2f35-641a-4eab-9a64-2448ad7a50c8,VAC-0004,ORG-S1,resultado_registrado,f33-rules-design-0,CV-VAC-0004-1,RV-VAC-0004-1,f34-input-sha256-v1,0ae53e988642e76f6499f1d7b1e70c1cfd48ea4352555e494078e8033e530cd0,2026-08-02T01:00:00,synthetic,SYN-024958
79181597-280f-4304-95f0-e7b3701bd780,VAC-0005,ORG-S2,resultado_registrado,f33-rules-design-0,CV-VAC-0005-1,RV-VAC-0005-1,f34-input-sha256-v1,e08fd5bafc9fecfb453121e2b04278318b43ca8590eb41ebfc981269468932fe,2026-07-26T03:00:00,synthetic,SYN-024962
3e8641cd-744c-4014-ae0c-2565fc31a42c,VAC-0006,ORG-S3,resultado_registrado,f33-rules-design-0,CV-VAC-0006-1,RV-VAC-0006-1,f34-input-sha256-v1,ce8b6c6e15927c3dee2f1cffbd6ee7ca32c3b990f6050abf2fdaa28e0e8d7064,2026-03-15T16:00:00,synthetic,SYN-024966
996d02ab-22d2-40a8-beed-30733c4234ee,VAC-0008,ORG-S2,resultado_registrado,f33-rules-design-0,CV-VAC-0008-1,RV-VAC-0008-1,f34-input-sha256-v1,b91bcc531215d79734a5a13dfbb95fd350d336b0d3ff3646f18c8e6791695fe1,2026-09-20T16:00:00,synthetic,SYN-024970
f1640b6d-1676-4104-a9c7-8661a6ef241e,VAC-0009,ORG-S3,resultado_registrado,f33-rules-design-0,CV-VAC-0009-1,RV-VAC-0009-1,f34-input-sha256-v1,2443f1113c3b5bc9aa4ccb25024d09b896cc28895a691bbe44b5547097ea6c98,2026-02-18T19:00:00,synthetic,SYN-024974
ebd2ef73-43fc-487b-9bfd-211a003bb75c,VAC-0010,ORG-S1,resultado_registrado,f33-rules-design-0,CV-VAC-0010-1,RV-VAC-0010-1,f34-input-sha256-v1,64f189c4c4bef74ad045f601af08c246c315f7abf1fc1b65dcee23261e8af27c,2026-09-29T21:40:00,synthetic,SYN-024978
59e38723-d6df-4a23-8b46-50e4ba383533,VAC-0011,ORG-S2,resultado_registrado,f33-rules-design-0,CV-VAC-0011-1,RV-VAC-0011-1,f34-input-sha256-v1,6d2d9e80752a667eb70876afca4ade23b6fd6a0fa0b305c5c8eb532456b4096a,2026-09-30T18:00:00,synthetic,SYN-024982
4ee9b0da-8aac-4f58-9233-bef90dcd3738,VAC-0012,ORG-S3,resultado_registrado,f33-rules-design-0,CV-VAC-0012-1,RV-VAC-0012-1,f34-input-sha256-v1,79883e5900944fcd313ad2a77be6e063568ae9fe2409016e308da87c86f76913,2026-04-18T18:00:00,synthetic,SYN-024986
824fd760-694d-4e61-b468-b036904361ac,VAC-0013,ORG-S1,resultado_registrado,f33-rules-design-0,CV-VAC-0013-1,RV-VAC-0013-1,f34-input-sha256-v1,29927c2f1b491ce97ac865114c20651f8742afc9f6fc5dda6f805dd2690ff30d,2026-09-30T22:00:00,synthetic,SYN-024990
ec3dd225-6107-454f-8308-d2b76d471d47,VAC-0014,ORG-S2,resultado_registrado,f33-rules-design-0,CV-VAC-0014-1,RV-VAC-0014-1,f34-input-sha256-v1,06a1350ca74ba74b3f935278e00e4af30242971a6eada7371bf6b0bec4ecac29,2026-03-05T04:00:00,synthetic,SYN-024994
db202bad-3cf1-4fb6-b2e1-a1200efed39d,VAC-0015,ORG-S3,resultado_registrado,f33-rules-design-0,CV-VAC-0015-1,RV-VAC-0015-1,f34-input-sha256-v1,417e0b0f5d8a54980282b53493664e70ca53baa4c0ded352afd37aa81de6d607,2026-08-11T22:00:00,synthetic,SYN-024998
f6dfc19e-4388-496e-ac4e-205699b01a88,VAC-0016,ORG-S1,resultado_registrado,f33-rules-design-0,CV-VAC-0016-1,RV-VAC-0016-1,f34-input-sha256-v1,2982d31d1056c6ae1fcb13289512bb4daf58d83077384f289799f1f2b76d0ad9,2026-03-15T21:21:00,synthetic,SYN-025002
f1768648-3fed-4952-a6ac-5afbb44560f9,VAC-0017,ORG-S2,resultado_registrado,f33-rules-design-0,CV-VAC-0017-1,RV-VAC-0017-1,f34-input-sha256-v1,604547cfb6130512755564db481bc88246a7060262426d53602c141cfa948db9,2026-07-01T16:00:00,synthetic,SYN-025006
e5540b0a-6bd9-4f1d-8983-7259be8813ee,VAC-0018,ORG-S3,resultado_registrado,f33-rules-design-0,CV-VAC-0018-1,RV-VAC-0018-1,f34-input-sha256-v1,92e5e14bf01e45de1d543a3f7aab010800fc146d9804b41f86b39591c374f74c,2026-09-16T01:33:00,synthetic,SYN-025010
0ed6cba9-e14d-4aba-8c15-615e0ddc4c8f,VAC-0019,ORG-S1,resultado_registrado,f33-rules-design-0,CV-VAC-0019-1,RV-VAC-0019-1,f34-input-sha256-v1,3e12ebae5a73273a54f3bddb372d9b8985a9834da49237b6d5c188c1c34e8458,2026-09-21T19:00:00,synthetic,SYN-025014
eec5bb15-95a0-4271-9f2d-6ad37ee80791,VAC-0020,ORG-S2,resultado_registrado,f33-rules-design-0,CV-VAC-0020-1,RV-VAC-0020-1,f34-input-sha256-v1,4ef07695b23f0745cda292a72ea7a7136fc7c08a3dc132c7f3d1ffa82e1837af,2026-06-06T20:23:00,synthetic,SYN-025018
2e5ab2cb-09fe-4c90-b828-d1a1d5549046,VAC-0021,ORG-S3,resultado_registrado,f33-rules-design-0,CV-VAC-0021-1,RV-VAC-0021-1,f34-input-sha256-v1,574502c869c3b3541d763ca0378ad8e2e3b6b93680038e0655a3085aa706cac8,2026-09-20T22:00:00,synthetic,SYN-025022
aaf4a544-33e4-40e2-8e5c-fa7c34efe960,VAC-0022,ORG-S1,resultado_registrado,f33-rules-design-0,CV-VAC-0022-1,RV-VAC-0022-1,f34-input-sha256-v1,c05c5f3d1ed436cd9b28298045f85c17c3c9231884d1c42f40b3dbb3387fa20e,2026-07-07T17:00:00,synthetic,SYN-025026
e598fe2c-5ae4-4394-afca-d01d00bdb88a,VAC-0023,ORG-S2,resultado_registrado,f33-rules-design-0,CV-VAC-0023-1,RV-VAC-0023-1,f34-input-sha256-v1,bdc0bfc0b84999bd5dc0ccc41c0fd788e98f247d18253335a46c29554f111057,2026-06-24T18:00:00,synthetic,SYN-025030
3f45a8ff-6af6-4322-aa6c-1dd5554c8a3a,VAC-0024,ORG-S3,resultado_registrado,f33-rules-design-0,CV-VAC-0024-1,RV-VAC-0024-1,f34-input-sha256-v1,422adf55edeae95475d99ddd49c64b0cad4948f01e0dc0cdb8d367bacdc054d8,2026-04-29T17:00:00,synthetic,SYN-025034
514fadac-1741-4859-99e1-7cb040b8ccba,VAC-0025,ORG-S1,resultado_registrado,f33-rules-design-0,CV-VAC-0025-1,RV-VAC-0025-1,f34-input-sha256-v1,b4e70e77acdacafd00979c2419d1d6259a3058164c65c9a446069accf537361a,2026-07-06T11:00:00,synthetic,SYN-025038
426b35f7-63fc-4ca2-861e-280570c9a221,VAC-0026,ORG-S2,resultado_registrado,f33-rules-design-0,CV-VAC-0026-1,RV-VAC-0026-1,f34-input-sha256-v1,e83bee77422e3c95a7b08c292f3acecbfac16969e7bfd447dd34d5d53ff1a2cb,2026-02-24T13:00:00,synthetic,SYN-025042
ddfc3113-7425-42a6-9553-da43f04d0ede,VAC-0027,ORG-S3,resultado_registrado,f33-rules-design-0,CV-VAC-0027-1,RV-VAC-0027-1,f34-input-sha256-v1,997780e4e1ec843ff5c6dbc23f2eaeeb48ff724422c53a090aa27214cadd0a7a,2026-08-09T20:00:00,synthetic,SYN-025046
0d60f91b-dfad-4314-9d5a-c1320e497f5f,VAC-0028,ORG-S1,resultado_registrado,f33-rules-design-0,CV-VAC-0028-1,RV-VAC-0028-1,f34-input-sha256-v1,41cb5428b730abfd0354ca6971f43be812e2fd61eb93c210b5608e01a77bd789,2026-03-25T18:00:00,synthetic,SYN-025050
c1adc84d-4789-4e87-8bc4-dc3b4e929e2e,VAC-0029,ORG-S2,resultado_registrado,f33-rules-design-0,CV-VAC-0029-1,RV-VAC-0029-1,f34-input-sha256-v1,e805429b5f53fd15d5becce3ceb6f523dbaa484b1570ea1ba6708c593e090260,2026-07-03T20:00:00,synthetic,SYN-025054
2af9e5f5-0371-4b3e-8f23-a9ef9660a46e,VAC-0030,ORG-S3,resultado_registrado,f33-rules-design-0,CV-VAC-0030-1,RV-VAC-0030-1,f34-input-sha256-v1,df9f0a0fd3d7298c63a4f5e56516e90835fac27642d2e769ad611aa69fdde5e6,2026-06-29T18:00:00,synthetic,SYN-025058
1a6172de-737f-4ca4-ab0a-2c8809c5619f,VAC-0031,ORG-S1,resultado_registrado,f33-rules-design-0,CV-VAC-0031-1,RV-VAC-0031-1,f34-input-sha256-v1,a92bbb421965cd26afc0096aca3a1f7ac8e553979ac618b4bf988a0d567f2198,2026-05-26T02:00:00,synthetic,SYN-025062
c95398d7-7acf-43c6-91ca-1776036fc0a1,VAC-0032,ORG-S2,resultado_registrado,f33-rules-design-0,CV-VAC-0032-1,RV-VAC-0032-1,f34-input-sha256-v1,44c6af43ea9a582922857e5d213ea648a0db02412b190ab86aac1db82f31cd9d,2026-04-14T18:00:00,synthetic,SYN-025066
cf95d25a-7a1e-4539-96a7-ebd7e29e31be,VAC-0033,ORG-S3,resultado_registrado,f33-rules-design-0,CV-VAC-0033-1,RV-VAC-0033-1,f34-input-sha256-v1,ec594810c9f6c05fa1d435a13a0117453a8bb34a3acec9ee379a4b9d033628c6,2026-07-17T22:00:00,synthetic,SYN-025070
2634cae9-750b-4a56-b1c2-6aa5fafba291,VAC-0034,ORG-S1,resultado_registrado,f33-rules-design-0,CV-VAC-0034-1,RV-VAC-0034-1,f34-input-sha256-v1,487293717827bec938a796d385a595e581050ea99de8d979ce97068ec5a56250,2026-07-07T00:00:00,synthetic,SYN-025074
0e726caf-a512-4a60-9b99-754805046b73,VAC-0035,ORG-S2,resultado_registrado,f33-rules-design-0,CV-VAC-0035-1,RV-VAC-0035-1,f34-input-sha256-v1,0e6c4e9ac302a063f55a79f4674fa77d606ba5208cc22cd92822952027a11bfa,2026-07-08T13:00:00,synthetic,SYN-025078
98ffb3ba-9b68-4110-8be8-212f610eb239,VAC-0036,ORG-S3,resultado_registrado,f33-rules-design-0,CV-VAC-0036-1,RV-VAC-0036-1,f34-input-sha256-v1,74cbcd86c7d909c301e964cb41de24871bc5b40b950f84f5031c26217e6ff8fd,2026-07-18T00:00:00,synthetic,SYN-025082
86001f0c-5746-49eb-b210-07278f29c087,VAC-0037,ORG-S1,resultado_registrado,f33-rules-design-0,CV-VAC-0037-1,RV-VAC-0037-1,f34-input-sha256-v1,4e3d61fc2cc565bf5e387cea472ac1f29f3312bf31e08bfc190dc044104e11ec,2026-09-18T16:00:00,synthetic,SYN-025086
9faf0128-29a5-4432-9c1e-91975fc8dd53,VAC-0038,ORG-S2,resultado_registrado,f33-rules-design-0,CV-VAC-0038-1,RV-VAC-0038-1,f34-input-sha256-v1,9fc63a6581c5e6c797aecab75256206b030dc18514f625a3075b053b49303921,2026-04-27T22:00:00,synthetic,SYN-025090
76f8d129-70aa-405e-a5e0-0c4583146221,VAC-0038,ORG-S2,resultado_registrado,f33-rules-design-0,CV-VAC-0038-1,RV-VAC-0038-1,f34-input-sha256-v1,9fc63a6581c5e6c797aecab75256206b030dc18514f625a3075b053b49303921,2026-04-28T22:00:00,synthetic,SYN-025094
df634e9a-5d4a-4cd6-9b78-490f23b24418,VAC-0039,ORG-S3,resultado_registrado,f33-rules-design-0,CV-VAC-0039-1,RV-VAC-0039-1,f34-input-sha256-v1,67c8b4467dec336b9feb3f500933c51ac466bd6cfa10216ee081b110f9dd35b8,2026-07-26T23:00:00,synthetic,SYN-025098
8f041972-2701-44b5-a75e-92a224f6bf86,VAC-0039,ORG-S3,resultado_registrado,f33-rules-design-0,CV-VAC-0039-1,RV-VAC-0039-1,f34-input-sha256-v1,67c8b4467dec336b9feb3f500933c51ac466bd6cfa10216ee081b110f9dd35b8,2026-07-27T23:00:00,synthetic,SYN-025102
51818604-37e2-4aad-9a54-50d34f66ca8b,VAC-0040,ORG-S1,resultado_registrado,f33-rules-design-0,CV-VAC-0040-1,RV-VAC-0040-1,f34-input-sha256-v1,fe50473a18a4e7bdef1d5da812dd8b97ea775323b03913802a1ddbc7924c7662,2026-04-20T23:00:00,synthetic,SYN-025106
9a5de409-4dda-48d4-aeaa-5cf85587b8b5,VAC-0041,ORG-S2,resultado_registrado,f33-rules-design-0,CV-VAC-0041-1,RV-VAC-0041-1,f34-input-sha256-v1,b7bca70d438a9dd53b4cb8c4c9ed17170f3200981729367f9f705443b29dcb5c,2026-06-02T22:37:00,synthetic,SYN-025110
38c75a05-1ded-4719-a812-0f9ae3e1d157,VAC-0042,ORG-S3,resultado_registrado,f33-rules-design-0,CV-VAC-0042-1,RV-VAC-0042-1,f34-input-sha256-v1,92119ec85009fb163def7cab4356414d29434aab14a23b3f6c8a3c76c825a080,2026-04-05T23:00:00,synthetic,SYN-025114
9f18b392-6bf6-4d91-8427-1d82687cc7d8,VAC-0043,ORG-S1,resultado_registrado,f33-rules-design-0,CV-VAC-0043-1,RV-VAC-0043-1,f34-input-sha256-v1,2dddc9a261014d5ed2f01d68bba710d585549a8df1d02f49cea46c2945b7d75f,2026-05-02T16:00:00,synthetic,SYN-025118
3dd3311b-0b21-4f48-948c-f230da9841cc,VAC-0044,ORG-S2,resultado_registrado,f33-rules-design-0,CV-VAC-0044-1,RV-VAC-0044-1,f34-input-sha256-v1,a84583bee6638e1ba4cb1b816223169908ca6f7e64b3dc1048a27fd8545f882e,2026-03-02T18:06:00,synthetic,SYN-025122
dfb4f442-66cd-4970-8115-4e37618d8ab5,VAC-0045,ORG-S3,resultado_registrado,f33-rules-design-0,CV-VAC-0045-1,RV-VAC-0045-1,f34-input-sha256-v1,2675f115172ae33819fee12e8f3fb64ac6805c4547d4b8bb90059c7416146ab8,2026-09-13T18:00:00,synthetic,SYN-025126
b6eacfce-2e8a-4b8c-a321-966b3e39f640,VAC-0046,ORG-S1,resultado_registrado,f33-rules-design-0,CV-VAC-0046-1,RV-VAC-0046-1,f34-input-sha256-v1,08d49c25c6f75266892b24bfe0ef158a31d32a3cd2e7c42ff1ee88625c9a52cd,2026-08-05T20:00:00,synthetic,SYN-025130
3aed5091-661c-424a-bc7f-390d52f6ad71,VAC-0047,ORG-S2,resultado_registrado,f33-rules-design-0,CV-VAC-0047-1,RV-VAC-0047-1,f34-input-sha256-v1,af4fca8e92f8b6030976170cd28edf2625e671caed51728c4dc2b7fb6f5c8b5f,2026-08-19T16:00:00,synthetic,SYN-025134
b8ba9262-c068-4ee2-969a-5c549ae1c9d1,VAC-0048,ORG-S3,resultado_registrado,f33-rules-design-0,CV-VAC-0048-1,RV-VAC-0048-1,f34-input-sha256-v1,316cab1b64e81bc529c97575dad59daf60215e83149b3ed39385e97a8b60e8d8,2026-04-09T05:23:00,synthetic,SYN-025138
0fc167d2-fae5-4242-ba18-9e6b9b5e0bf2,VAC-0049,ORG-S1,resultado_registrado,f33-rules-design-0,CV-VAC-0049-1,RV-VAC-0049-1,f34-input-sha256-v1,f96a1cc10d2699c58352d666792f43b4a94fa9858dc283dd1c45126096bc64dc,2026-03-18T05:00:00,synthetic,SYN-025142
a93cce6a-dc97-4cc8-9dbc-65f23e18aa26,VAC-0050,ORG-S2,resultado_registrado,f33-rules-design-0,CV-VAC-0050-1,RV-VAC-0050-1,f34-input-sha256-v1,dbfbe423577ea54802529cd90f1f3a459cbe2024acd0cc2abf17f5d97b43906f,2026-05-17T21:00:00,synthetic,SYN-025146
10571344-c47c-4606-ad65-bfb8206d32bd,VAC-0051,ORG-S3,resultado_registrado,f33-rules-design-0,CV-VAC-0051-1,RV-VAC-0051-1,f34-input-sha256-v1,89621b54c8205bbd924899f766c40e961c531015cc70478eb12f1da0ced78fe8,2026-04-14T16:00:00,synthetic,SYN-025150
6724bb40-bbc5-412e-9852-13bcda8f0033,VAC-0052,ORG-S1,resultado_registrado,f33-rules-design-0,CV-VAC-0052-1,RV-VAC-0052-1,f34-input-sha256-v1,57c538502d896bcf8660c8e5a5588216083f3291fcba48921ab04b99b7ac2a2a,2026-06-22T19:26:00,synthetic,SYN-025154
1e788c59-1d82-4a7e-95b3-e615ecc4a135,VAC-0053,ORG-S2,resultado_registrado,f33-rules-design-0,CV-VAC-0053-1,RV-VAC-0053-1,f34-input-sha256-v1,862d31ad446f43c23d0791fb937b67689af363f896d04122422698d91f1f86a2,2026-05-30T01:00:00,synthetic,SYN-025158
6a2a7cde-2c83-48f2-a92f-77b6115dd857,VAC-0054,ORG-S3,resultado_registrado,f33-rules-design-0,CV-VAC-0054-1,RV-VAC-0054-1,f34-input-sha256-v1,485cc490ebddbd1c7e50c7d99cc5ca59ff1fde1bf42480768187ce9fbd521668,2026-05-07T17:00:00,synthetic,SYN-025162
4bbc05a1-4e24-4fb5-9559-0662f306d7fa,VAC-0055,ORG-S1,resultado_registrado,f33-rules-design-0,CV-VAC-0055-1,RV-VAC-0055-1,f34-input-sha256-v1,9a7da4e0264e43390bb5cd59fc8837582b65d1b1e66ae449d51333d5400307a0,2026-07-20T18:00:00,synthetic,SYN-025166
abab3b8c-cef4-4936-988c-2714de579a2d,VAC-0056,ORG-S2,resultado_registrado,f33-rules-design-0,CV-VAC-0056-1,RV-VAC-0056-1,f34-input-sha256-v1,bc904ad976af23114897d1a06e76cb41da0285a322872b348b251bcc37d4c641,2026-07-20T19:00:00,synthetic,SYN-025170
a58f5840-4d84-4c25-a9d9-6b85c17ca253,VAC-0057,ORG-S3,resultado_registrado,f33-rules-design-0,CV-VAC-0057-1,RV-VAC-0057-1,f34-input-sha256-v1,2b045c6c8c1ce715b16542c463991f78eda81fc283ad309d1bfd4213f85d94ab,2026-06-17T09:28:00,synthetic,SYN-025174
4ef8c34b-e8e5-4eb1-9b41-ac0fa6a73119,VAC-0058,ORG-S1,resultado_registrado,f33-rules-design-0,CV-VAC-0058-1,RV-VAC-0058-1,f34-input-sha256-v1,2f29280bdea978705a94c272f43c86acd1bce1bb0f180d7c1f7c36e0c43bae49,2026-06-01T23:00:00,synthetic,SYN-025178
77f1e6bc-bd9e-48d4-a999-9ace1c3f150e,VAC-0059,ORG-S2,resultado_registrado,f33-rules-design-0,CV-VAC-0059-1,RV-VAC-0059-1,f34-input-sha256-v1,ee6e47d529a18f2994b495cbbb9af4f45dce180211da1e973b15d64c61effdbf,2026-04-15T20:00:00,synthetic,SYN-025182
f97abace-3e28-490b-b5a8-6f3b150bb6cb,VAC-0060,ORG-S3,resultado_registrado,f33-rules-design-0,CV-VAC-0060-1,RV-VAC-0060-1,f34-input-sha256-v1,6b8867190818ff0f9a9d45d9843667f0911f1e19d6b3a0bc8fc855b74899cf88,2026-03-30T20:00:00,synthetic,SYN-025186
3e68a659-8aa6-49ef-88f2-e0442c229e5b,VAC-0061,ORG-S1,resultado_registrado,f33-rules-design-0,CV-VAC-0061-1,RV-VAC-0061-1,f34-input-sha256-v1,ab8a76429721632ebf60ca010daf6056e8035223f38fdae87531f5275885820b,2026-07-11T23:00:00,synthetic,SYN-025190
709305a6-8eb0-4321-86b7-bf4cebbc6c45,VAC-0062,ORG-S2,resultado_registrado,f33-rules-design-0,CV-VAC-0062-1,RV-VAC-0062-1,f34-input-sha256-v1,633a42303f0c83a3296ffc55a8bd102dd6cf3c2b64a5038a327176abed3a592d,2026-07-28T23:00:00,synthetic,SYN-025194
8bff3435-b0a1-48c5-976a-b39881b6e036,VAC-0063,ORG-S3,resultado_registrado,f33-rules-design-0,CV-VAC-0063-1,RV-VAC-0063-1,f34-input-sha256-v1,ab18e546e8d09a01fd7ca29dc1d491b80376a966019261c32cf9efa403e1d935,2026-04-15T18:00:00,synthetic,SYN-025198
ef41d120-7976-4690-95f4-cfc307d5ed1c,VAC-0064,ORG-S1,resultado_registrado,f33-rules-design-0,CV-VAC-0064-1,RV-VAC-0064-1,f34-input-sha256-v1,4350131f6086a625bcd1a76aaf2b09768e46323d737305edfa06590a953434cb,2026-04-15T03:47:00,synthetic,SYN-025202
d3ac01d8-ec02-4df0-8999-b39a0416e5cf,VAC-0065,ORG-S2,resultado_registrado,f33-rules-design-0,CV-VAC-0065-1,RV-VAC-0065-1,f34-input-sha256-v1,33b6b0686566ea1474dab6f27429065f22ebddce48cdfea55d64cdd0979d2526,2026-07-24T04:00:00,synthetic,SYN-025206
00e6164f-2a03-4d3b-b1d0-7ee769de9ecd,VAC-0066,ORG-S3,resultado_registrado,f33-rules-design-0,CV-VAC-0066-1,RV-VAC-0066-1,f34-input-sha256-v1,7cfc7acfbd83e0bad1d4f861fcbfa873a276cc4515789b2413229ea6843cadbf,2026-05-04T22:00:00,synthetic,SYN-025210
c8364862-33b9-4461-bf46-9b25b789a026,VAC-0067,ORG-S1,resultado_registrado,f33-rules-design-0,CV-VAC-0067-1,RV-VAC-0067-1,f34-input-sha256-v1,c3e8a6867855825a669d80152b6ed9bfa616a1b4a353d8be8cd9c208c775b851,2026-07-27T04:00:00,synthetic,SYN-025214
08678cf2-8bd6-4c8d-93b1-594598c8faf8,VAC-0068,ORG-S2,resultado_registrado,f33-rules-design-0,CV-VAC-0068-1,RV-VAC-0068-1,f34-input-sha256-v1,20311aec229c03ac9554cbc1a285dca1f727d69c8a4def17cae3d908cdecfa44,2026-05-13T18:00:00,synthetic,SYN-025218
aaffc162-d8c0-40fa-9de1-f6d744f707ca,VAC-0069,ORG-S3,resultado_registrado,f33-rules-design-0,CV-VAC-0069-1,RV-VAC-0069-1,f34-input-sha256-v1,080fff35ccd28c83432e77240042a58ddedee67619ef93626425908e6dccbda6,2026-02-05T20:06:00,synthetic,SYN-025222
97665b04-4f98-4886-942d-54d09497fb92,VAC-0070,ORG-S1,resultado_registrado,f33-rules-design-0,CV-VAC-0070-1,RV-VAC-0070-1,f34-input-sha256-v1,674f70d942df901c87846e5e9fa334e0773c72a081854c9726351c04a7c5aa49,2026-05-08T14:00:00,synthetic,SYN-025226
6b244143-6e36-45a0-b02b-f7a22d12aa3c,VAC-0071,ORG-S2,resultado_registrado,f33-rules-design-0,CV-VAC-0071-1,RV-VAC-0071-1,f34-input-sha256-v1,e817b202a712b0495db5b2e2805609ed8c436094a0dd47277d4247660548f2c2,2026-04-08T19:00:00,synthetic,SYN-025230
e36b52d5-be22-4334-a927-84d29d2f45bd,VAC-0072,ORG-S3,resultado_registrado,f33-rules-design-0,CV-VAC-0072-1,RV-VAC-0072-1,f34-input-sha256-v1,4ca55ec2447a3ffedb95141f67066718178e314599975dda4bc5d648715214f5,2026-04-24T18:16:00,synthetic,SYN-025234
a5a98569-0421-4852-ab59-44da19292b08,VAC-0073,ORG-S1,resultado_registrado,f33-rules-design-0,CV-VAC-0073-1,RV-VAC-0073-1,f34-input-sha256-v1,3e8f644bb23c9dddcfcd337a8d495ea9c4901ff9f971434e3bf06a509502876e,2026-05-20T22:00:00,synthetic,SYN-025238
8e898a0e-f115-40c2-a32a-059dab407db3,VAC-0074,ORG-S2,resultado_registrado,f33-rules-design-0,CV-VAC-0074-1,RV-VAC-0074-1,f34-input-sha256-v1,f6bb46751ef894fcccaa79c9f6896e8b15f655f4576eab17f632c8cae6268bb1,2026-09-17T19:00:00,synthetic,SYN-025242
9a9b48ef-421b-480a-b7d1-3ebf2b360edf,VAC-0075,ORG-S3,resultado_registrado,f33-rules-design-0,CV-VAC-0075-1,RV-VAC-0075-1,f34-input-sha256-v1,7f8f879570a2ae6a60e04c28ae6ed48a85d16d27658ea518def029508cdf2d5a,2026-07-14T01:00:00,synthetic,SYN-025246
ed119a07-6895-4a24-bed4-190f31df0c5c,VAC-0076,ORG-S1,resultado_registrado,f33-rules-design-0,CV-VAC-0076-1,RV-VAC-0076-1,f34-input-sha256-v1,b54e09fd7bc56bcfdce852af3b7e195b25718dacfcfbe1fb30a1028c2c2504e5,2026-08-08T01:00:00,synthetic,SYN-025250
360584d1-072f-47c6-88c3-c91bee670bfd,VAC-0077,ORG-S2,resultado_registrado,f33-rules-design-0,CV-VAC-0077-1,RV-VAC-0077-1,f34-input-sha256-v1,5d11c9c1768a5770c8fd151cd0cc1fe2a7d5e3499c341278f079ac8f63d26998,2026-09-11T00:00:00,synthetic,SYN-025254
0935dbde-0de0-4bf6-8d9b-8df7cb9cb977,VAC-0078,ORG-S3,resultado_registrado,f33-rules-design-0,CV-VAC-0078-1,RV-VAC-0078-1,f34-input-sha256-v1,056cb358cb4ff5df59c45dcd76fc4cf896d7d9168df015b6f0b4e3533cee650b,2026-09-04T20:00:00,synthetic,SYN-025258
02ae08bd-67b0-41f7-af97-a80c7341c109,VAC-0079,ORG-S1,resultado_registrado,f33-rules-design-0,CV-VAC-0079-1,RV-VAC-0079-1,f34-input-sha256-v1,654fb06fe90990ff6f4fbb066aca5a5dfc8468802c4613ae25b75efc01f18cb9,2026-02-19T20:00:00,synthetic,SYN-025262
27100e62-2ec5-401c-83aa-732562e258fb,VAC-0080,ORG-S2,resultado_registrado,f33-rules-design-0,CV-VAC-0080-1,RV-VAC-0080-1,f34-input-sha256-v1,6a6ccdf5505078c1d7a685e6bb3ab1ca4c6b1d54e73128f048aedcf30e762233,2026-03-22T19:00:00,synthetic,SYN-025266
fe5ef7df-7642-497f-9290-108b77d3ef6c,VAC-0081,ORG-S3,resultado_registrado,f33-rules-design-0,CV-VAC-0081-1,RV-VAC-0081-1,f34-input-sha256-v1,296692d589b947785c7903b3474aa6b236d6e08218f55961fad1c073d25738d0,2026-09-01T01:58:00,synthetic,SYN-025270
0f965daa-afe4-43c3-85a9-6e8e48495b52,VAC-0082,ORG-S1,resultado_registrado,f33-rules-design-0,CV-VAC-0082-1,RV-VAC-0082-1,f34-input-sha256-v1,0e3aca4074a5e370f4ee6577c1e7c735d16c7edba0420b757d4593679db5a588,2026-07-07T00:00:00,synthetic,SYN-025274
b70b58d2-da90-4294-8c02-89b2e1a3514c,VAC-0083,ORG-S2,resultado_registrado,f33-rules-design-0,CV-VAC-0083-1,RV-VAC-0083-1,f34-input-sha256-v1,ad74d443b4dd60fc079bb4aee822fb008f4170c75d631ee4c1d169ed3cc511e8,2026-04-15T18:00:00,synthetic,SYN-025278
74b90e20-46d2-4cd2-94d9-aff56bceebd8,VAC-0084,ORG-S3,resultado_registrado,f33-rules-design-0,CV-VAC-0084-1,RV-VAC-0084-1,f34-input-sha256-v1,7a6a22fa1c0f81ae4ee8e438a9a7e7b5c190f236230a64f4f8fa93a57f841a43,2026-07-07T22:00:00,synthetic,SYN-025282
236853f5-e44a-4a49-945e-c1df42dd0be0,VAC-0085,ORG-S1,resultado_registrado,f33-rules-design-0,CV-VAC-0085-1,RV-VAC-0085-1,f34-input-sha256-v1,e992fcaf062796725bb0e4e12ab0a1c7b8409ac245c68a5baaf7f7528454d415,2026-03-13T00:00:00,synthetic,SYN-025286
a7b0f47c-283e-4357-94d8-99612ff1cf85,VAC-0086,ORG-S2,resultado_registrado,f33-rules-design-0,CV-VAC-0086-1,RV-VAC-0086-1,f34-input-sha256-v1,c6dd51fc30262d3d8472f4b34a1f2ae4775f221da5f92081a15352802a64d0fa,2026-06-15T18:00:00,synthetic,SYN-025290
4120b9ab-7101-4942-b4ff-03f4aafcbcf7,VAC-0087,ORG-S3,resultado_registrado,f33-rules-design-0,CV-VAC-0087-1,RV-VAC-0087-1,f34-input-sha256-v1,0fdf983fbf02a02b933be01bf717579ab6e603431963b2c1e22ae54418502c03,2026-04-10T23:00:00,synthetic,SYN-025294
f0a30724-9bce-4ca4-ac36-297be1161866,VAC-0088,ORG-S1,resultado_registrado,f33-rules-design-0,CV-VAC-0088-1,RV-VAC-0088-1,f34-input-sha256-v1,1c3dd494b595cd10eb35384d70f64175315201d9403521358ac44f0bbef03a41,2026-01-30T01:09:00,synthetic,SYN-025298
a8b406eb-afd4-407c-a910-6a1a14ebc2c9,VAC-0089,ORG-S2,resultado_registrado,f33-rules-design-0,CV-VAC-0089-1,RV-VAC-0089-1,f34-input-sha256-v1,47edbcad35e72cf3aa940079ef90dc0f48056cc41f02ed31268fa4ad86730a00,2026-03-11T20:00:00,synthetic,SYN-025302
dbc29e67-3819-44bd-9710-c75f3fe163a5,VAC-0090,ORG-S3,resultado_registrado,f33-rules-design-0,CV-VAC-0090-1,RV-VAC-0090-1,f34-input-sha256-v1,6a3a981df004aa2e1e5db1da356c5be165625be0c9d12558433fab12570d287c,2026-08-05T17:00:00,synthetic,SYN-025306
2c5bdb10-3182-4fb8-9330-040954ec0442,VAC-0091,ORG-S1,resultado_registrado,f33-rules-design-0,CV-VAC-0091-1,RV-VAC-0091-1,f34-input-sha256-v1,1833ab240d86aa87af3da118f57c654448fc4495db1f219ce087930942f6180b,2026-02-23T16:00:00,synthetic,SYN-025310
f59f7bc0-0380-4155-aa70-76539fdda49b,VAC-0092,ORG-S2,resultado_registrado,f33-rules-design-0,CV-VAC-0092-1,RV-VAC-0092-1,f34-input-sha256-v1,12c1ae6e7a9d787c5b93bb8c0d05bdbe296bb2ce42628bd2b309e9ba62df5117,2026-08-05T20:00:00,synthetic,SYN-025314
a03cdc08-e540-4a24-af4f-0ca25846b08f,VAC-0093,ORG-S3,resultado_registrado,f33-rules-design-0,CV-VAC-0093-1,RV-VAC-0093-1,f34-input-sha256-v1,425a9edb37d6dee018697f8f7dfc7c54e581a143ad25086f56cdea1f14697024,2026-08-20T23:00:00,synthetic,SYN-025318
66f1ac55-7d34-4570-a731-5d5bf8003698,VAC-0093,ORG-S3,resultado_registrado,f33-rules-design-0,CV-VAC-0093-1,RV-VAC-0093-1,f34-input-sha256-v1,425a9edb37d6dee018697f8f7dfc7c54e581a143ad25086f56cdea1f14697024,2026-08-21T23:00:00,synthetic,SYN-025322
828571bf-7f4d-4364-8f75-08a05360f9e5,VAC-0094,ORG-S1,resultado_registrado,f33-rules-design-0,CV-VAC-0094-1,RV-VAC-0094-1,f34-input-sha256-v1,6b60d3eb320b860b7d3e7db33e73ecd6773708f426e5082a8d2fc839908808f3,2026-08-05T16:00:00,synthetic,SYN-025326
079bcb50-21f5-449f-8632-59430f5551ac,VAC-0095,ORG-S2,resultado_registrado,f33-rules-design-0,CV-VAC-0095-1,RV-VAC-0095-1,f34-input-sha256-v1,d6d7816ddf2aa73352fe0c6c8a5ba4661e48872211cfdb918ab972c521166e83,2026-04-08T21:00:00,synthetic,SYN-025330
bae696d5-ae9c-4290-b1c2-d8ca53ef6848,VAC-0096,ORG-S3,resultado_registrado,f33-rules-design-0,CV-VAC-0096-1,RV-VAC-0096-1,f34-input-sha256-v1,7baaac7bfe5ea9c6d12ef662ebcbf6e3b05ae48b8f7f69623f133a6647a49a96,2026-04-20T20:00:00,synthetic,SYN-025334
2135c7f4-4188-406d-932a-9f547d22c565,VAC-0097,ORG-S1,resultado_registrado,f33-rules-design-0,CV-VAC-0097-1,RV-VAC-0097-1,f34-input-sha256-v1,8da36cd23b8c3197c7f15b853b63ca0b518dfd03b5d64a618e412d15d72aa702,2026-07-01T17:00:00,synthetic,SYN-025338
df0d7249-f5e4-4827-b90e-f2e565d65723,VAC-0098,ORG-S2,resultado_registrado,f33-rules-design-0,CV-VAC-0098-1,RV-VAC-0098-1,f34-input-sha256-v1,2ccb71603b059451081e265172d896b50c66fbe3b232d5eb3dc44be839331b67,2026-03-27T22:00:00,synthetic,SYN-025342
5262c0a0-2c2e-4d6e-8e13-eaa26b4e5a4b,VAC-0099,ORG-S3,resultado_registrado,f33-rules-design-0,CV-VAC-0099-1,RV-VAC-0099-1,f34-input-sha256-v1,5713ad257abd33ea93d26661edac1e35a56e26a4b09530dc9748fe68452ddf22,2026-06-09T17:00:00,synthetic,SYN-025346
85dc1feb-1f3a-45d5-84c2-3a8e0e40f98a,VAC-0100,ORG-S1,resultado_registrado,f33-rules-design-0,CV-VAC-0100-1,RV-VAC-0100-1,f34-input-sha256-v1,7c9f98e7443f6e9f49969915bc70574055da9a08354c104002e5849cdcc4289c,2026-04-20T23:00:00,synthetic,SYN-025350
9056f74c-cf2e-495b-820f-f795b788a864,VAC-0101,ORG-S2,resultado_registrado,f33-rules-design-0,CV-VAC-0101-1,RV-VAC-0101-1,f34-input-sha256-v1,8a3898a05cca0cfb3db0c179c9a152e8406360cce6ce3b096618080c6fd61181,2026-08-17T22:00:00,synthetic,SYN-025354
b53f4f6a-6734-489b-b045-cff3537d4101,VAC-0102,ORG-S3,resultado_registrado,f33-rules-design-0,CV-VAC-0102-1,RV-VAC-0102-1,f34-input-sha256-v1,1613636b8bf790d63df90110b4108588ef181a397e7ea0e66592ae1220482b86,2026-07-25T19:00:00,synthetic,SYN-025358
d538093a-3b58-43a0-a629-7763e9bd76bb,VAC-0103,ORG-S1,resultado_registrado,f33-rules-design-0,CV-VAC-0103-1,RV-VAC-0103-1,f34-input-sha256-v1,490d44fe452a92c7089d381c0416cb80317999e5e5623263bff473601f9c248c,2026-05-06T21:00:00,synthetic,SYN-025362
e9a4e783-d036-472c-aee3-136f688d3929,VAC-0104,ORG-S2,resultado_registrado,f33-rules-design-0,CV-VAC-0104-1,RV-VAC-0104-1,f34-input-sha256-v1,188993d4ccc1c459ce642e6f08e66d46b7064d21b39a29d8bb99efa5e1675449,2026-03-23T23:00:00,synthetic,SYN-025366
9092cd84-a9b3-4252-9ec2-1464238c5e98,VAC-0104,ORG-S2,resultado_registrado,f33-rules-design-0,CV-VAC-0104-1,RV-VAC-0104-1,f34-input-sha256-v1,188993d4ccc1c459ce642e6f08e66d46b7064d21b39a29d8bb99efa5e1675449,2026-03-24T23:00:00,synthetic,SYN-025370
bec66612-7f20-41d1-8553-9f0a22353e6e,VAC-0105,ORG-S3,resultado_registrado,f33-rules-design-0,CV-VAC-0105-1,RV-VAC-0105-1,f34-input-sha256-v1,c5d5e9af4da5745d4ee2ab50061815741c571faecfca247f2234af9c4f50ac93,2026-06-27T19:00:00,synthetic,SYN-025374
531bc0e7-498e-46b7-99d3-4139bb5ae4e6,VAC-0106,ORG-S1,resultado_registrado,f33-rules-design-0,CV-VAC-0106-1,RV-VAC-0106-1,f34-input-sha256-v1,192640b8bcdaa6f3e8bb0c8c95ea462bf399920865b486aee4c4eaa44a6ab4de,2026-04-26T15:00:00,synthetic,SYN-025378
55e60942-1137-4724-a068-f4abe8115aca,VAC-0107,ORG-S2,resultado_registrado,f33-rules-design-0,CV-VAC-0107-1,RV-VAC-0107-1,f34-input-sha256-v1,3779f90b6aa79dd046bffec0815bc75c920d269c9b2331c41104464228d5a96c,2026-05-29T18:00:00,synthetic,SYN-025382
7ff5af01-ec6d-4ac4-a793-09be4c31f2fa,VAC-0108,ORG-S3,resultado_registrado,f33-rules-design-0,CV-VAC-0108-1,RV-VAC-0108-1,f34-input-sha256-v1,81e102461a4b480e516d7cb5956ca9bd127e3c72190868f1c9722f6487912be7,2026-08-28T19:00:00,synthetic,SYN-025386
82ff7cf3-86fd-417e-92d7-3c05503e95d9,VAC-0109,ORG-S1,resultado_registrado,f33-rules-design-0,CV-VAC-0109-1,RV-VAC-0109-1,f34-input-sha256-v1,872566bd2230607c198e4ca3c2723d61955f3cfbcb839e456fa60d786018c84b,2026-08-25T18:00:00,synthetic,SYN-025390
9640b9b6-6023-453b-bba8-8197723bfbc3,VAC-0110,ORG-S2,resultado_registrado,f33-rules-design-0,CV-VAC-0110-1,RV-VAC-0110-1,f34-input-sha256-v1,10a7d61ec68877549d71522d3ceaa58e8e780e136928605fbedcc733a853fabf,2026-09-18T15:00:00,synthetic,SYN-025394
ba4c8a8a-7c80-48b4-90c4-bcbf84c95851,VAC-0111,ORG-S3,resultado_registrado,f33-rules-design-0,CV-VAC-0111-1,RV-VAC-0111-1,f34-input-sha256-v1,3ae2af1ed86144cbca194432ac972d7831c5d3373d13af55f51c43ee29cf0784,2026-03-05T20:51:00,synthetic,SYN-025398
9a802908-f0ac-4434-9bef-fb5411550577,VAC-0112,ORG-S1,resultado_registrado,f33-rules-design-0,CV-VAC-0112-1,RV-VAC-0112-1,f34-input-sha256-v1,43b2cc89ac2a62fe23ecd9607e9c57a6bcf234456c6411c1b7999614594094be,2026-05-31T05:00:00,synthetic,SYN-025402
2de8fc6e-0333-47b7-a3f9-9a7184c47067,VAC-0113,ORG-S2,resultado_registrado,f33-rules-design-0,CV-VAC-0113-1,RV-VAC-0113-1,f34-input-sha256-v1,68b1b48d271b18175cd6c86344274f613fda353f477f1e7f53b45e25c1586332,2026-09-29T21:00:00,synthetic,SYN-025406
c4d98976-764e-4dec-84b9-12496ac9c957,VAC-0114,ORG-S3,resultado_registrado,f33-rules-design-0,CV-VAC-0114-1,RV-VAC-0114-1,f34-input-sha256-v1,8b3c341c4497c58f6b4c448f78d36d6e2f4ad5f1572873ae316335d5036d491f,2026-02-15T21:00:00,synthetic,SYN-025410
02a6b73e-9c12-4d50-9e49-d1a9ef1d9dc0,VAC-0115,ORG-S1,resultado_registrado,f33-rules-design-0,CV-VAC-0115-1,RV-VAC-0115-1,f34-input-sha256-v1,ed455b2013f512ce7d76e49053c67da1326fd65fbcdfc48b708fbd4a838db4f2,2026-09-05T19:00:00,synthetic,SYN-025414
6ffad378-284e-4be0-bb58-efb03f936277,VAC-0116,ORG-S2,resultado_registrado,f33-rules-design-0,CV-VAC-0116-1,RV-VAC-0116-1,f34-input-sha256-v1,81891f24df0d53d2281ecae9cd7914f8713f6b11598739affbc0f014efec4e8a,2026-05-14T14:00:00,synthetic,SYN-025418
7e3cb0d1-9e72-4c0b-9f13-21f2087f2247,VAC-0117,ORG-S3,resultado_registrado,f33-rules-design-0,CV-VAC-0117-1,RV-VAC-0117-1,f34-input-sha256-v1,9efae0aade77f596ad2ab18daf2c1965d3ab3ab59cf768f5496a3a19c59414c3,2026-04-17T21:00:00,synthetic,SYN-025422
f9304951-08ed-421d-991d-b3c28006dd5c,VAC-0118,ORG-S1,resultado_registrado,f33-rules-design-0,CV-VAC-0118-1,RV-VAC-0118-1,f34-input-sha256-v1,28a155aca975f7c658f9f28c9363fc9bec1dc38fa2a3843708ad1cf48327b887,2026-02-05T20:18:00,synthetic,SYN-025426
479837be-35e3-41d4-8492-8dc1d0783574,VAC-0119,ORG-S2,resultado_registrado,f33-rules-design-0,CV-VAC-0119-1,RV-VAC-0119-1,f34-input-sha256-v1,782f7ff4b6fb3c96cead8f24203b4e06aa4217985df938c9467c52547f4bf93d,2026-05-08T16:00:00,synthetic,SYN-025430
b5efe02d-0a63-44e0-b55d-6d4b88f67249,VAC-0120,ORG-S3,resultado_registrado,f33-rules-design-0,CV-VAC-0120-1,RV-VAC-0120-1,f34-input-sha256-v1,1d1e2f8949a55b9062b80b0dabf2d3bc4ffa1982e5407666925ff2b6ba58e610,2026-07-29T16:55:00,synthetic,SYN-025434
