annotation_id,assessment_id,author_token,created_at,reason,annotation_text,source_type,synthetic_record_id
ANN-0001,ASM-00027,EV-S2-01,2026-08-27T13:10:00,aclaracion,[SINTÉTICO] Anotación complementaria: no modifica el nivel ni el puntaje registrados.,synthetic,SYN-006284
ANN-0002,ASM-00044,EV-S3-02,2026-07-12T16:01:00,aclaracion,[SINTÉTICO] Anotación complementaria: no modifica el nivel ni el puntaje registrados.,synthetic,SYN-006337
ANN-0003,ASM-00065,EV-S1-04,2026-07-24T08:06:00,fuente_adicional,[SINTÉTICO] Anotación complementaria: no modifica el nivel ni el puntaje registrados.,synthetic,SYN-006416
ANN-0004,ASM-00068,EV-S1-02,2026-08-04T21:00:00,aclaracion,[SINTÉTICO] Anotación complementaria: no modifica el nivel ni el puntaje registrados.,synthetic,SYN-006426
ANN-0005,ASM-00073,EV-S1-02,2026-07-29T20:18:00,fuente_adicional,[SINTÉTICO] Anotación complementaria: no modifica el nivel ni el puntaje registrados.,synthetic,SYN-006444
ANN-0006,ASM-00095,EV-S2-04,2026-07-18T12:33:00,fuente_adicional,[SINTÉTICO] Anotación complementaria: no modifica el nivel ni el puntaje registrados.,synthetic,SYN-006509
ANN-0007,ASM-00105,EV-S2-04,2026-07-28T00:42:00,aclaracion,[SINTÉTICO] Anotación complementaria: no modifica el nivel ni el puntaje registrados.,synthetic,SYN-006544
ANN-0008,ASM-00151,EV-S2-03,2026-09-14T11:17:00,fuente_adicional,[SINTÉTICO] Anotación complementaria: no modifica el nivel ni el puntaje registrados.,synthetic,SYN-006680
ANN-0009,ASM-00153,EV-S2-04,2026-09-28T23:16:00,fuente_adicional,[SINTÉTICO] Anotación complementaria: no modifica el nivel ni el puntaje registrados.,synthetic,SYN-006688
ANN-0010,ASM-00200,EV-S3-01,2026-01-31T12:41:00,fuente_adicional,[SINTÉTICO] Anotación complementaria: no modifica el nivel ni el puntaje registrados.,synthetic,SYN-006855
ANN-0011,ASM-00262,EV-S3-03,2026-04-15T18:00:00,fuente_adicional,[SINTÉTICO] Anotación complementaria: no modifica el nivel ni el puntaje registrados.,synthetic,SYN-007072
ANN-0012,ASM-00350,EV-S3-03,2026-07-26T16:15:00,aclaracion,[SINTÉTICO] Anotación complementaria: no modifica el nivel ni el puntaje registrados.,synthetic,SYN-007384
ANN-0013,ASM-00368,EV-S1-04,2026-03-11T23:05:00,aclaracion,[SINTÉTICO] Anotación complementaria: no modifica el nivel ni el puntaje registrados.,synthetic,SYN-007441
ANN-0014,ASM-00440,EV-S2-02,2026-06-26T03:55:00,aclaracion,[SINTÉTICO] Anotación complementaria: no modifica el nivel ni el puntaje registrados.,synthetic,SYN-007674
ANN-0015,ASM-00471,EV-S1-03,2026-09-10T21:56:00,fuente_adicional,[SINTÉTICO] Anotación complementaria: no modifica el nivel ni el puntaje registrados.,synthetic,SYN-007775
ANN-0016,ASM-00493,EV-S1-01,2026-09-17T18:00:00,fuente_adicional,[SINTÉTICO] Anotación complementaria: no modifica el nivel ni el puntaje registrados.,synthetic,SYN-007837
ANN-0017,ASM-00509,EV-S1-03,2026-09-15T18:51:00,aclaracion,[SINTÉTICO] Anotación complementaria: no modifica el nivel ni el puntaje registrados.,synthetic,SYN-007884
ANN-0018,ASM-00511,EV-S2-03,2026-05-31T17:56:00,fuente_adicional,[SINTÉTICO] Anotación complementaria: no modifica el nivel ni el puntaje registrados.,synthetic,SYN-007891
ANN-0019,ASM-00562,EV-S2-03,2026-06-19T22:00:00,fuente_adicional,[SINTÉTICO] Anotación complementaria: no modifica el nivel ni el puntaje registrados.,synthetic,SYN-008062
ANN-0020,ASM-00586,EV-S2-04,2026-06-23T22:00:00,aclaracion,[SINTÉTICO] Anotación complementaria: no modifica el nivel ni el puntaje registrados.,synthetic,SYN-008138
ANN-0021,ASM-00599,EV-S2-03,2026-06-26T19:00:00,aclaracion,[SINTÉTICO] Anotación complementaria: no modifica el nivel ni el puntaje registrados.,synthetic,SYN-008177
ANN-0022,ASM-00602,EV-S2-01,2026-06-15T15:17:00,fuente_adicional,[SINTÉTICO] Anotación complementaria: no modifica el nivel ni el puntaje registrados.,synthetic,SYN-008186
ANN-0023,ASM-00605,EV-S2-03,2026-06-17T18:17:00,fuente_adicional,[SINTÉTICO] Anotación complementaria: no modifica el nivel ni el puntaje registrados.,synthetic,SYN-008197
ANN-0024,ASM-00634,EV-S1-01,2026-06-19T21:15:00,fuente_adicional,[SINTÉTICO] Anotación complementaria: no modifica el nivel ni el puntaje registrados.,synthetic,SYN-008286
ANN-0025,ASM-00661,EV-S1-03,2026-07-06T18:00:00,fuente_adicional,[SINTÉTICO] Anotación complementaria: no modifica el nivel ni el puntaje registrados.,synthetic,SYN-008372
ANN-0026,ASM-00685,EV-S1-02,2026-07-04T20:00:00,aclaracion,[SINTÉTICO] Anotación complementaria: no modifica el nivel ni el puntaje registrados.,synthetic,SYN-008453
ANN-0027,ASM-00703,EV-S2-01,2026-02-23T19:33:00,fuente_adicional,[SINTÉTICO] Anotación complementaria: no modifica el nivel ni el puntaje registrados.,synthetic,SYN-008516
ANN-0028,ASM-00737,EV-S3-03,2026-07-29T21:21:00,aclaracion,[SINTÉTICO] Anotación complementaria: no modifica el nivel ni el puntaje registrados.,synthetic,SYN-008620
ANN-0029,ASM-00747,EV-S3-02,2026-08-01T22:00:00,fuente_adicional,[SINTÉTICO] Anotación complementaria: no modifica el nivel ni el puntaje registrados.,synthetic,SYN-008647
ANN-0030,ASM-00753,EV-S3-03,2026-07-17T06:42:00,aclaracion,[SINTÉTICO] Anotación complementaria: no modifica el nivel ni el puntaje registrados.,synthetic,SYN-008670
ANN-0031,ASM-00762,EV-S3-02,2026-08-08T15:00:00,aclaracion,[SINTÉTICO] Anotación complementaria: no modifica el nivel ni el puntaje registrados.,synthetic,SYN-008700
ANN-0032,ASM-00767,EV-S1-03,2026-04-04T17:00:00,aclaracion,[SINTÉTICO] Anotación complementaria: no modifica el nivel ni el puntaje registrados.,synthetic,SYN-008716
ANN-0033,ASM-00851,EV-S1-03,2026-05-18T05:02:00,aclaracion,[SINTÉTICO] Anotación complementaria: no modifica el nivel ni el puntaje registrados.,synthetic,SYN-008986
ANN-0034,ASM-00880,EV-S1-04,2026-05-25T00:00:00,aclaracion,[SINTÉTICO] Anotación complementaria: no modifica el nivel ni el puntaje registrados.,synthetic,SYN-009069
ANN-0035,ASM-00887,EV-S2-04,2026-04-04T14:30:00,aclaracion,[SINTÉTICO] Anotación complementaria: no modifica el nivel ni el puntaje registrados.,synthetic,SYN-009090
ANN-0036,ASM-00924,EV-S2-01,2026-04-08T02:40:00,fuente_adicional,[SINTÉTICO] Anotación complementaria: no modifica el nivel ni el puntaje registrados.,synthetic,SYN-009197
ANN-0037,ASM-00939,EV-S3-04,2026-07-07T18:00:00,fuente_adicional,[SINTÉTICO] Anotación complementaria: no modifica el nivel ni el puntaje registrados.,synthetic,SYN-009250
ANN-0038,ASM-00941,EV-S3-02,2026-07-16T14:00:00,fuente_adicional,[SINTÉTICO] Anotación complementaria: no modifica el nivel ni el puntaje registrados.,synthetic,SYN-009259
ANN-0039,ASM-00963,EV-S1-01,2026-07-01T16:23:00,aclaracion,[SINTÉTICO] Anotación complementaria: no modifica el nivel ni el puntaje registrados.,synthetic,SYN-009324
ANN-0040,ASM-00980,EV-S1-01,2026-07-05T23:01:00,fuente_adicional,[SINTÉTICO] Anotación complementaria: no modifica el nivel ni el puntaje registrados.,synthetic,SYN-009381
ANN-0041,ASM-00988,EV-S1-01,2026-06-27T07:20:00,aclaracion,[SINTÉTICO] Anotación complementaria: no modifica el nivel ni el puntaje registrados.,synthetic,SYN-009403
ANN-0042,ASM-01004,EV-S2-01,2026-07-01T14:00:00,aclaracion,[SINTÉTICO] Anotación complementaria: no modifica el nivel ni el puntaje registrados.,synthetic,SYN-009448
ANN-0043,ASM-01005,EV-S2-01,2026-07-07T14:00:00,aclaracion,[SINTÉTICO] Anotación complementaria: no modifica el nivel ni el puntaje registrados.,synthetic,SYN-009452
ANN-0044,ASM-01017,EV-S2-03,2026-06-21T06:45:00,aclaracion,[SINTÉTICO] Anotación complementaria: no modifica el nivel ni el puntaje registrados.,synthetic,SYN-009492
ANN-0045,ASM-01032,EV-S2-03,2026-07-02T19:00:00,fuente_adicional,[SINTÉTICO] Anotación complementaria: no modifica el nivel ni el puntaje registrados.,synthetic,SYN-009544
ANN-0046,ASM-01039,EV-S2-01,2026-07-17T20:00:00,aclaracion,[SINTÉTICO] Anotación complementaria: no modifica el nivel ni el puntaje registrados.,synthetic,SYN-009565
ANN-0047,ASM-01045,EV-S3-02,2026-07-22T18:00:00,aclaracion,[SINTÉTICO] Anotación complementaria: no modifica el nivel ni el puntaje registrados.,synthetic,SYN-009587
ANN-0048,ASM-01063,EV-S1-02,2026-09-25T16:00:00,aclaracion,[SINTÉTICO] Anotación complementaria: no modifica el nivel ni el puntaje registrados.,synthetic,SYN-009646
ANN-0049,ASM-01096,EV-S2-03,2026-04-21T16:04:00,fuente_adicional,[SINTÉTICO] Anotación complementaria: no modifica el nivel ni el puntaje registrados.,synthetic,SYN-009768
ANN-0050,ASM-01133,EV-S3-02,2026-07-28T15:00:00,aclaracion,[SINTÉTICO] Anotación complementaria: no modifica el nivel ni el puntaje registrados.,synthetic,SYN-009892
ANN-0051,ASM-01166,EV-S3-02,2026-07-20T21:00:00,aclaracion,[SINTÉTICO] Anotación complementaria: no modifica el nivel ni el puntaje registrados.,synthetic,SYN-010003
ANN-0052,ASM-01197,EV-S1-03,2026-04-03T07:13:00,fuente_adicional,[SINTÉTICO] Anotación complementaria: no modifica el nivel ni el puntaje registrados.,synthetic,SYN-010101
ANN-0053,ASM-01211,EV-S1-04,2026-04-14T04:00:00,aclaracion,[SINTÉTICO] Anotación complementaria: no modifica el nivel ni el puntaje registrados.,synthetic,SYN-010150
ANN-0054,ASM-01217,EV-S1-02,2026-04-18T00:13:00,fuente_adicional,[SINTÉTICO] Anotación complementaria: no modifica el nivel ni el puntaje registrados.,synthetic,SYN-010169
ANN-0055,ASM-01219,EV-S1-04,2026-04-22T14:00:00,aclaracion,[SINTÉTICO] Anotación complementaria: no modifica el nivel ni el puntaje registrados.,synthetic,SYN-010177
ANN-0056,ASM-01248,EV-S2-03,2026-06-01T13:00:00,fuente_adicional,[SINTÉTICO] Anotación complementaria: no modifica el nivel ni el puntaje registrados.,synthetic,SYN-010277
ANN-0057,ASM-01269,EV-S3-04,2026-03-27T07:41:00,fuente_adicional,[SINTÉTICO] Anotación complementaria: no modifica el nivel ni el puntaje registrados.,synthetic,SYN-010345
ANN-0058,ASM-01285,EV-S3-02,2026-03-30T03:00:00,fuente_adicional,[SINTÉTICO] Anotación complementaria: no modifica el nivel ni el puntaje registrados.,synthetic,SYN-010394
ANN-0059,ASM-01318,EV-S1-03,2026-05-03T00:00:00,fuente_adicional,[SINTÉTICO] Anotación complementaria: no modifica el nivel ni el puntaje registrados.,synthetic,SYN-010497
ANN-0060,ASM-01364,EV-S2-01,2026-02-24T04:00:00,aclaracion,[SINTÉTICO] Anotación complementaria: no modifica el nivel ni el puntaje registrados.,synthetic,SYN-010651
ANN-0061,ASM-01421,EV-S3-04,2026-09-06T15:35:00,aclaracion,[SINTÉTICO] Anotación complementaria: no modifica el nivel ni el puntaje registrados.,synthetic,SYN-010838
ANN-0062,ASM-01487,EV-S2-02,2026-08-18T15:00:00,aclaracion,[SINTÉTICO] Anotación complementaria: no modifica el nivel ni el puntaje registrados.,synthetic,SYN-011051
ANN-0063,ASM-01528,EV-S3-03,2026-04-04T20:00:00,fuente_adicional,[SINTÉTICO] Anotación complementaria: no modifica el nivel ni el puntaje registrados.,synthetic,SYN-011185
ANN-0064,ASM-01541,EV-S1-03,2026-03-21T22:27:00,fuente_adicional,[SINTÉTICO] Anotación complementaria: no modifica el nivel ni el puntaje registrados.,synthetic,SYN-011231
ANN-0065,ASM-01543,EV-S1-04,2026-03-07T02:00:00,fuente_adicional,[SINTÉTICO] Anotación complementaria: no modifica el nivel ni el puntaje registrados.,synthetic,SYN-011239
ANN-0066,ASM-01680,EV-S3-03,2026-05-08T16:00:00,fuente_adicional,[SINTÉTICO] Anotación complementaria: no modifica el nivel ni el puntaje registrados.,synthetic,SYN-011708
ANN-0067,ASM-01687,EV-S3-04,2026-04-15T05:21:00,aclaracion,[SINTÉTICO] Anotación complementaria: no modifica el nivel ni el puntaje registrados.,synthetic,SYN-011731
ANN-0068,ASM-01695,EV-S3-01,2026-04-14T05:31:00,aclaracion,[SINTÉTICO] Anotación complementaria: no modifica el nivel ni el puntaje registrados.,synthetic,SYN-011758
ANN-0069,ASM-01707,EV-S1-02,2026-06-22T18:12:00,fuente_adicional,[SINTÉTICO] Anotación complementaria: no modifica el nivel ni el puntaje registrados.,synthetic,SYN-011800
ANN-0070,ASM-01717,EV-S1-02,2026-07-04T23:05:00,fuente_adicional,[SINTÉTICO] Anotación complementaria: no modifica el nivel ni el puntaje registrados.,synthetic,SYN-011840
ANN-0071,ASM-01740,EV-S2-02,2026-07-04T17:51:00,fuente_adicional,[SINTÉTICO] Anotación complementaria: no modifica el nivel ni el puntaje registrados.,synthetic,SYN-011909
ANN-0072,ASM-01767,EV-S2-04,2026-07-21T19:00:00,aclaracion,[SINTÉTICO] Anotación complementaria: no modifica el nivel ni el puntaje registrados.,synthetic,SYN-011991
ANN-0073,ASM-01786,EV-S2-02,2026-07-26T20:00:00,fuente_adicional,[SINTÉTICO] Anotación complementaria: no modifica el nivel ni el puntaje registrados.,synthetic,SYN-012047
ANN-0074,ASM-01798,EV-S3-04,2026-06-20T08:28:00,fuente_adicional,[SINTÉTICO] Anotación complementaria: no modifica el nivel ni el puntaje registrados.,synthetic,SYN-012085
ANN-0075,ASM-01816,EV-S3-01,2026-06-25T19:00:00,aclaracion,[SINTÉTICO] Anotación complementaria: no modifica el nivel ni el puntaje registrados.,synthetic,SYN-012158
ANN-0076,ASM-01834,EV-S1-02,2026-06-03T18:00:00,aclaracion,[SINTÉTICO] Anotación complementaria: no modifica el nivel ni el puntaje registrados.,synthetic,SYN-012217
ANN-0077,ASM-01857,EV-S2-03,2026-04-15T15:30:00,fuente_adicional,[SINTÉTICO] Anotación complementaria: no modifica el nivel ni el puntaje registrados.,synthetic,SYN-012297
ANN-0078,ASM-01866,EV-S2-04,2026-04-16T05:54:00,aclaracion,[SINTÉTICO] Anotación complementaria: no modifica el nivel ni el puntaje registrados.,synthetic,SYN-012331
ANN-0079,ASM-01872,EV-S2-04,2026-04-13T05:11:00,fuente_adicional,[SINTÉTICO] Anotación complementaria: no modifica el nivel ni el puntaje registrados.,synthetic,SYN-012354
ANN-0080,ASM-01925,EV-S1-04,2026-07-02T05:42:00,aclaracion,[SINTÉTICO] Anotación complementaria: no modifica el nivel ni el puntaje registrados.,synthetic,SYN-012530
ANN-0081,ASM-01955,EV-S2-04,2026-07-18T12:56:00,fuente_adicional,[SINTÉTICO] Anotación complementaria: no modifica el nivel ni el puntaje registrados.,synthetic,SYN-012628
ANN-0082,ASM-01975,EV-S3-04,2026-04-13T01:22:00,aclaracion,[SINTÉTICO] Anotación complementaria: no modifica el nivel ni el puntaje registrados.,synthetic,SYN-012691
ANN-0083,ASM-01979,EV-S3-01,2026-04-20T20:00:00,aclaracion,[SINTÉTICO] Anotación complementaria: no modifica el nivel ni el puntaje registrados.,synthetic,SYN-012705
ANN-0084,ASM-01990,EV-S3-03,2026-04-07T04:36:00,aclaracion,[SINTÉTICO] Anotación complementaria: no modifica el nivel ni el puntaje registrados.,synthetic,SYN-012745
ANN-0085,ASM-02001,EV-S1-04,2026-03-31T20:53:00,aclaracion,[SINTÉTICO] Anotación complementaria: no modifica el nivel ni el puntaje registrados.,synthetic,SYN-012785
ANN-0086,ASM-02028,EV-S2-02,2026-07-08T22:30:00,fuente_adicional,[SINTÉTICO] Anotación complementaria: no modifica el nivel ni el puntaje registrados.,synthetic,SYN-012877
ANN-0087,ASM-02059,EV-S1-02,2026-07-27T19:00:00,fuente_adicional,[SINTÉTICO] Anotación complementaria: no modifica el nivel ni el puntaje registrados.,synthetic,SYN-012980
ANN-0088,ASM-02067,EV-S1-02,2026-08-01T19:00:00,aclaracion,[SINTÉTICO] Anotación complementaria: no modifica el nivel ni el puntaje registrados.,synthetic,SYN-013010
ANN-0089,ASM-02092,EV-S3-04,2026-02-07T19:06:00,aclaracion,[SINTÉTICO] Anotación complementaria: no modifica el nivel ni el puntaje registrados.,synthetic,SYN-013088
ANN-0090,ASM-02108,EV-S1-01,2026-05-04T15:00:00,fuente_adicional,[SINTÉTICO] Anotación complementaria: no modifica el nivel ni el puntaje registrados.,synthetic,SYN-013140
ANN-0091,ASM-02116,EV-S1-01,2026-05-01T01:00:00,aclaracion,[SINTÉTICO] Anotación complementaria: no modifica el nivel ni el puntaje registrados.,synthetic,SYN-013168
ANN-0092,ASM-02139,EV-S2-02,2026-03-24T11:52:00,aclaracion,[SINTÉTICO] Anotación complementaria: no modifica el nivel ni el puntaje registrados.,synthetic,SYN-013239
ANN-0093,ASM-02163,EV-S2-02,2026-03-25T02:00:00,aclaracion,[SINTÉTICO] Anotación complementaria: no modifica el nivel ni el puntaje registrados.,synthetic,SYN-013314
ANN-0094,ASM-02179,EV-S2-02,2026-03-25T05:00:00,fuente_adicional,[SINTÉTICO] Anotación complementaria: no modifica el nivel ni el puntaje registrados.,synthetic,SYN-013366
ANN-0095,ASM-02218,EV-S1-04,2026-05-19T01:59:00,fuente_adicional,[SINTÉTICO] Anotación complementaria: no modifica el nivel ni el puntaje registrados.,synthetic,SYN-013497
ANN-0096,ASM-02298,EV-S3-03,2026-07-03T15:21:00,aclaracion,[SINTÉTICO] Anotación complementaria: no modifica el nivel ni el puntaje registrados.,synthetic,SYN-013744
ANN-0097,ASM-02301,EV-S3-03,2026-07-12T09:02:00,aclaracion,[SINTÉTICO] Anotación complementaria: no modifica el nivel ni el puntaje registrados.,synthetic,SYN-013755
ANN-0098,ASM-02342,EV-S1-02,2026-02-20T18:54:00,fuente_adicional,[SINTÉTICO] Anotación complementaria: no modifica el nivel ni el puntaje registrados.,synthetic,SYN-013893
ANN-0099,ASM-02346,EV-S1-01,2026-02-21T17:54:00,fuente_adicional,[SINTÉTICO] Anotación complementaria: no modifica el nivel ni el puntaje registrados.,synthetic,SYN-013907
ANN-0100,ASM-02368,EV-S1-03,2026-02-15T16:54:00,aclaracion,[SINTÉTICO] Anotación complementaria: no modifica el nivel ni el puntaje registrados.,synthetic,SYN-013979
ANN-0101,ASM-02402,EV-S2-04,2026-03-26T17:50:00,fuente_adicional,[SINTÉTICO] Anotación complementaria: no modifica el nivel ni el puntaje registrados.,synthetic,SYN-014087
ANN-0102,ASM-02404,EV-S2-04,2026-03-20T17:50:00,fuente_adicional,[SINTÉTICO] Anotación complementaria: no modifica el nivel ni el puntaje registrados.,synthetic,SYN-014096
ANN-0103,ASM-02442,EV-S2-04,2026-04-18T14:39:00,aclaracion,[SINTÉTICO] Anotación complementaria: no modifica el nivel ni el puntaje registrados.,synthetic,SYN-014228
ANN-0104,ASM-02491,EV-S2-02,2026-04-02T05:05:00,aclaracion,[SINTÉTICO] Anotación complementaria: no modifica el nivel ni el puntaje registrados.,synthetic,SYN-014376
ANN-0105,ASM-02498,EV-S2-04,2026-04-09T19:00:00,aclaracion,[SINTÉTICO] Anotación complementaria: no modifica el nivel ni el puntaje registrados.,synthetic,SYN-014393
ANN-0106,ASM-02509,EV-S3-04,2026-07-08T21:00:00,aclaracion,[SINTÉTICO] Anotación complementaria: no modifica el nivel ni el puntaje registrados.,synthetic,SYN-014425
ANN-0107,ASM-02535,EV-S1-02,2026-03-01T09:19:00,aclaracion,[SINTÉTICO] Anotación complementaria: no modifica el nivel ni el puntaje registrados.,synthetic,SYN-014514
ANN-0108,ASM-02544,EV-S1-02,2026-03-12T23:00:00,fuente_adicional,[SINTÉTICO] Anotación complementaria: no modifica el nivel ni el puntaje registrados.,synthetic,SYN-014541
ANN-0109,ASM-02566,EV-S3-02,2026-04-19T22:00:00,fuente_adicional,[SINTÉTICO] Anotación complementaria: no modifica el nivel ni el puntaje registrados.,synthetic,SYN-014618
ANN-0110,ASM-02583,EV-S1-04,2026-01-30T14:50:00,fuente_adicional,[SINTÉTICO] Anotación complementaria: no modifica el nivel ni el puntaje registrados.,synthetic,SYN-014675
ANN-0111,ASM-02611,EV-S2-01,2026-03-02T20:24:00,fuente_adicional,[SINTÉTICO] Anotación complementaria: no modifica el nivel ni el puntaje registrados.,synthetic,SYN-014761
ANN-0112,ASM-02626,EV-S2-01,2026-03-21T18:00:00,aclaracion,[SINTÉTICO] Anotación complementaria: no modifica el nivel ni el puntaje registrados.,synthetic,SYN-014807
ANN-0113,ASM-02628,EV-S2-04,2026-03-10T14:32:00,fuente_adicional,[SINTÉTICO] Anotación complementaria: no modifica el nivel ni el puntaje registrados.,synthetic,SYN-014816
ANN-0114,ASM-02641,EV-S3-03,2026-08-10T06:08:00,aclaracion,[SINTÉTICO] Anotación complementaria: no modifica el nivel ni el puntaje registrados.,synthetic,SYN-014864
ANN-0115,ASM-02646,EV-S3-03,2026-07-26T20:57:00,aclaracion,[SINTÉTICO] Anotación complementaria: no modifica el nivel ni el puntaje registrados.,synthetic,SYN-014883
ANN-0116,ASM-02686,EV-S1-01,2026-02-15T05:00:00,aclaracion,[SINTÉTICO] Anotación complementaria: no modifica el nivel ni el puntaje registrados.,synthetic,SYN-015005
ANN-0117,ASM-02708,EV-S3-01,2026-08-11T10:17:00,aclaracion,[SINTÉTICO] Anotación complementaria: no modifica el nivel ni el puntaje registrados.,synthetic,SYN-015076
ANN-0118,ASM-02755,EV-S1-04,2026-08-10T20:00:00,fuente_adicional,[SINTÉTICO] Anotación complementaria: no modifica el nivel ni el puntaje registrados.,synthetic,SYN-015226
ANN-0119,ASM-02759,EV-S1-02,2026-07-27T14:00:00,fuente_adicional,[SINTÉTICO] Anotación complementaria: no modifica el nivel ni el puntaje registrados.,synthetic,SYN-015242
ANN-0120,ASM-02760,EV-S2-02,2026-03-25T01:07:00,aclaracion,[SINTÉTICO] Anotación complementaria: no modifica el nivel ni el puntaje registrados.,synthetic,SYN-015246
ANN-0121,ASM-02787,EV-S2-04,2026-04-12T19:00:00,fuente_adicional,[SINTÉTICO] Anotación complementaria: no modifica el nivel ni el puntaje registrados.,synthetic,SYN-015331
ANN-0122,ASM-02790,EV-S2-01,2026-03-22T15:55:00,fuente_adicional,[SINTÉTICO] Anotación complementaria: no modifica el nivel ni el puntaje registrados.,synthetic,SYN-015342
ANN-0123,ASM-02805,EV-S2-03,2026-03-10T02:43:00,fuente_adicional,[SINTÉTICO] Anotación complementaria: no modifica el nivel ni el puntaje registrados.,synthetic,SYN-015388
ANN-0124,ASM-02812,EV-S2-02,2026-03-21T04:07:00,aclaracion,[SINTÉTICO] Anotación complementaria: no modifica el nivel ni el puntaje registrados.,synthetic,SYN-015410
ANN-0125,ASM-02825,EV-S3-03,2026-04-21T01:53:00,aclaracion,[SINTÉTICO] Anotación complementaria: no modifica el nivel ni el puntaje registrados.,synthetic,SYN-015451
ANN-0126,ASM-02872,EV-S1-02,2026-07-05T08:36:00,aclaracion,[SINTÉTICO] Anotación complementaria: no modifica el nivel ni el puntaje registrados.,synthetic,SYN-015610
ANN-0127,ASM-02873,EV-S1-02,2026-07-05T08:36:00,fuente_adicional,[SINTÉTICO] Anotación complementaria: no modifica el nivel ni el puntaje registrados.,synthetic,SYN-015614
ANN-0128,ASM-02874,EV-S1-03,2026-07-07T18:00:00,fuente_adicional,[SINTÉTICO] Anotación complementaria: no modifica el nivel ni el puntaje registrados.,synthetic,SYN-015618
ANN-0129,ASM-02878,EV-S1-01,2026-06-26T16:00:00,aclaracion,[SINTÉTICO] Anotación complementaria: no modifica el nivel ni el puntaje registrados.,synthetic,SYN-015629
ANN-0130,ASM-02929,EV-S2-03,2026-03-21T16:37:00,fuente_adicional,[SINTÉTICO] Anotación complementaria: no modifica el nivel ni el puntaje registrados.,synthetic,SYN-015781
ANN-0131,ASM-02963,EV-S1-04,2026-04-27T22:00:00,aclaracion,[SINTÉTICO] Anotación complementaria: no modifica el nivel ni el puntaje registrados.,synthetic,SYN-015895
ANN-0132,ASM-02990,EV-S2-03,2026-08-12T22:02:00,fuente_adicional,[SINTÉTICO] Anotación complementaria: no modifica el nivel ni el puntaje registrados.,synthetic,SYN-015984
ANN-0133,ASM-02991,EV-S2-03,2026-08-09T22:02:00,aclaracion,[SINTÉTICO] Anotación complementaria: no modifica el nivel ni el puntaje registrados.,synthetic,SYN-015988
ANN-0134,ASM-02996,EV-S2-01,2026-08-19T21:00:00,aclaracion,[SINTÉTICO] Anotación complementaria: no modifica el nivel ni el puntaje registrados.,synthetic,SYN-016004
ANN-0135,ASM-03018,EV-S2-01,2026-08-17T14:27:00,fuente_adicional,[SINTÉTICO] Anotación complementaria: no modifica el nivel ni el puntaje registrados.,synthetic,SYN-016073
ANN-0136,ASM-03021,EV-S2-03,2026-08-21T17:00:00,aclaracion,[SINTÉTICO] Anotación complementaria: no modifica el nivel ni el puntaje registrados.,synthetic,SYN-016085
ANN-0137,ASM-03086,EV-S1-01,2026-05-07T20:00:00,aclaracion,[SINTÉTICO] Anotación complementaria: no modifica el nivel ni el puntaje registrados.,synthetic,SYN-016284
ANN-0138,ASM-03109,EV-S1-03,2026-05-12T06:00:00,aclaracion,[SINTÉTICO] Anotación complementaria: no modifica el nivel ni el puntaje registrados.,synthetic,SYN-016358
ANN-0139,ASM-03111,EV-S1-03,2026-05-11T06:00:00,fuente_adicional,[SINTÉTICO] Anotación complementaria: no modifica el nivel ni el puntaje registrados.,synthetic,SYN-016365
ANN-0140,ASM-03150,EV-S2-03,2026-03-18T05:00:00,aclaracion,[SINTÉTICO] Anotación complementaria: no modifica el nivel ni el puntaje registrados.,synthetic,SYN-016499
ANN-0141,ASM-03165,EV-S3-03,2026-06-27T10:49:00,fuente_adicional,[SINTÉTICO] Anotación complementaria: no modifica el nivel ni el puntaje registrados.,synthetic,SYN-016556
ANN-0142,ASM-03179,EV-S1-04,2026-04-14T12:00:00,aclaracion,[SINTÉTICO] Anotación complementaria: no modifica el nivel ni el puntaje registrados.,synthetic,SYN-016602
ANN-0143,ASM-03188,EV-S1-04,2026-04-21T10:00:00,fuente_adicional,[SINTÉTICO] Anotación complementaria: no modifica el nivel ni el puntaje registrados.,synthetic,SYN-016628
ANN-0144,ASM-03203,EV-S1-02,2026-04-14T02:00:00,aclaracion,[SINTÉTICO] Anotación complementaria: no modifica el nivel ni el puntaje registrados.,synthetic,SYN-016682
ANN-0145,ASM-03208,EV-S1-02,2026-04-22T03:38:00,fuente_adicional,[SINTÉTICO] Anotación complementaria: no modifica el nivel ni el puntaje registrados.,synthetic,SYN-016697
ANN-0146,ASM-03213,EV-S1-04,2026-04-21T20:33:00,aclaracion,[SINTÉTICO] Anotación complementaria: no modifica el nivel ni el puntaje registrados.,synthetic,SYN-016719
ANN-0147,ASM-03214,EV-S1-04,2026-04-15T20:33:00,aclaracion,[SINTÉTICO] Anotación complementaria: no modifica el nivel ni el puntaje registrados.,synthetic,SYN-016723
ANN-0148,ASM-03235,EV-S1-03,2026-08-28T00:38:00,aclaracion,[SINTÉTICO] Anotación complementaria: no modifica el nivel ni el puntaje registrados.,synthetic,SYN-016791
ANN-0149,ASM-03245,EV-S1-04,2026-08-28T07:14:00,fuente_adicional,[SINTÉTICO] Anotación complementaria: no modifica el nivel ni el puntaje registrados.,synthetic,SYN-016824
ANN-0150,ASM-03249,EV-S1-03,2026-08-20T01:49:00,fuente_adicional,[SINTÉTICO] Anotación complementaria: no modifica el nivel ni el puntaje registrados.,synthetic,SYN-016839
ANN-0151,ASM-03251,EV-S1-04,2026-08-13T18:58:00,aclaracion,[SINTÉTICO] Anotación complementaria: no modifica el nivel ni el puntaje registrados.,synthetic,SYN-016847
ANN-0152,ASM-03256,EV-S2-03,2026-09-19T22:00:00,aclaracion,[SINTÉTICO] Anotación complementaria: no modifica el nivel ni el puntaje registrados.,synthetic,SYN-016866
ANN-0153,ASM-03323,EV-S1-03,2026-06-05T15:00:00,fuente_adicional,[SINTÉTICO] Anotación complementaria: no modifica el nivel ni el puntaje registrados.,synthetic,SYN-017080
ANN-0154,ASM-03330,EV-S1-02,2026-06-10T04:00:00,fuente_adicional,[SINTÉTICO] Anotación complementaria: no modifica el nivel ni el puntaje registrados.,synthetic,SYN-017103
ANN-0155,ASM-03343,EV-S2-04,2026-09-25T22:00:00,aclaracion,[SINTÉTICO] Anotación complementaria: no modifica el nivel ni el puntaje registrados.,synthetic,SYN-017147
ANN-0156,ASM-03365,EV-S2-02,2026-09-28T19:00:00,fuente_adicional,[SINTÉTICO] Anotación complementaria: no modifica el nivel ni el puntaje registrados.,synthetic,SYN-017228
ANN-0157,ASM-03367,EV-S2-01,2026-09-20T08:32:00,aclaracion,[SINTÉTICO] Anotación complementaria: no modifica el nivel ni el puntaje registrados.,synthetic,SYN-017234
ANN-0158,ASM-03373,EV-S2-04,2026-09-13T19:17:00,aclaracion,[SINTÉTICO] Anotación complementaria: no modifica el nivel ni el puntaje registrados.,synthetic,SYN-017257
ANN-0159,ASM-03380,EV-S2-01,2026-09-30T12:28:00,fuente_adicional,[SINTÉTICO] Anotación complementaria: no modifica el nivel ni el puntaje registrados.,synthetic,SYN-017283
ANN-0160,ASM-03397,EV-S3-03,2026-02-18T07:41:00,fuente_adicional,[SINTÉTICO] Anotación complementaria: no modifica el nivel ni el puntaje registrados.,synthetic,SYN-017335
ANN-0161,ASM-03473,EV-S3-01,2026-04-06T00:27:00,fuente_adicional,[SINTÉTICO] Anotación complementaria: no modifica el nivel ni el puntaje registrados.,synthetic,SYN-017589
ANN-0162,ASM-03494,EV-S3-03,2026-04-22T22:00:00,fuente_adicional,[SINTÉTICO] Anotación complementaria: no modifica el nivel ni el puntaje registrados.,synthetic,SYN-017665
ANN-0163,ASM-03498,EV-S3-03,2026-04-20T20:00:00,fuente_adicional,[SINTÉTICO] Anotación complementaria: no modifica el nivel ni el puntaje registrados.,synthetic,SYN-017681
ANN-0164,ASM-03516,EV-S2-04,2026-05-05T11:26:00,aclaracion,[SINTÉTICO] Anotación complementaria: no modifica el nivel ni el puntaje registrados.,synthetic,SYN-017739
ANN-0165,ASM-03541,EV-S3-03,2026-07-22T05:52:00,aclaracion,[SINTÉTICO] Anotación complementaria: no modifica el nivel ni el puntaje registrados.,synthetic,SYN-017828
ANN-0166,ASM-03546,EV-S3-03,2026-07-28T22:00:00,aclaracion,[SINTÉTICO] Anotación complementaria: no modifica el nivel ni el puntaje registrados.,synthetic,SYN-017843
