application_token,vacancy_token,organization_token,person_token,submitted_at,application_state,years_experience_declared,source_type,synthetic_record_id
APP-00001,VAC-0001,ORG-S1,PER-S-00001,2026-07-24T03:29:00,activa,2,synthetic,SYN-003241
APP-00002,VAC-0001,ORG-S1,PER-S-00002,2026-07-21T18:40:00,activa,4,synthetic,SYN-003242
APP-00003,VAC-0002,ORG-S2,PER-S-00003,2026-08-18T03:05:00,activa,7,synthetic,SYN-003243
APP-00004,VAC-0002,ORG-S2,PER-S-00004,2026-08-10T15:16:00,activa,18,synthetic,SYN-003244
APP-00005,VAC-0002,ORG-S2,PER-S-00005,2026-08-14T04:21:00,activa,,synthetic,SYN-003245
APP-00006,VAC-0002,ORG-S2,PER-S-00006,2026-08-06T21:43:00,activa,0,synthetic,SYN-003246
APP-00007,VAC-0002,ORG-S2,PER-S-00007,2026-08-16T04:47:00,activa,17,synthetic,SYN-003247
APP-00008,VAC-0002,ORG-S2,PER-S-00008,2026-08-09T02:10:00,activa,5,synthetic,SYN-003248
APP-00009,VAC-0002,ORG-S2,PER-S-00009,2026-08-15T17:29:00,activa,18,synthetic,SYN-003249
APP-00010,VAC-0002,ORG-S2,PER-S-00010,2026-08-11T12:25:00,activa,2,synthetic,SYN-003250
APP-00011,VAC-0003,ORG-S3,PER-S-00011,2026-06-09T20:31:00,activa,8,synthetic,SYN-003251
APP-00012,VAC-0003,ORG-S3,PER-S-00012,2026-06-12T07:01:00,activa,8,synthetic,SYN-003252
APP-00013,VAC-0004,ORG-S1,PER-S-00013,2026-07-11T19:56:00,activa,5,synthetic,SYN-003253
APP-00014,VAC-0004,ORG-S1,PER-S-00014,2026-07-03T13:42:00,activa,,synthetic,SYN-003254
APP-00015,VAC-0004,ORG-S1,PER-S-00015,2026-07-12T22:07:00,activa,13,synthetic,SYN-003255
APP-00016,VAC-0004,ORG-S1,PER-S-00016,2026-07-05T22:29:00,activa,14,synthetic,SYN-003256
APP-00017,VAC-0004,ORG-S1,PER-S-00017,2026-07-06T05:00:00,activa,,synthetic,SYN-003257
APP-00018,VAC-0004,ORG-S1,PER-S-00010,2026-07-08T21:52:00,activa,16,synthetic,SYN-003258
APP-00019,VAC-0004,ORG-S1,PER-S-00018,2026-07-04T02:06:00,activa,8,synthetic,SYN-003259
APP-00020,VAC-0004,ORG-S1,PER-S-00019,2026-07-02T22:10:00,activa,13,synthetic,SYN-003260
APP-00021,VAC-0004,ORG-S1,PER-S-00020,2026-07-09T08:18:00,activa,16,synthetic,SYN-003261
APP-00022,VAC-0005,ORG-S2,PER-S-00021,2026-06-29T05:14:00,activa,7,synthetic,SYN-003262
APP-00023,VAC-0005,ORG-S2,PER-S-00019,2026-06-30T05:55:00,activa,7,synthetic,SYN-003263
APP-00024,VAC-0005,ORG-S2,PER-S-00022,2026-06-30T23:55:00,activa,7,synthetic,SYN-003264
APP-00025,VAC-0005,ORG-S2,PER-S-00023,2026-07-01T22:33:00,activa,17,synthetic,SYN-003265
APP-00026,VAC-0005,ORG-S2,PER-S-00024,2026-06-22T23:27:00,descartada,17,synthetic,SYN-003266
APP-00027,VAC-0005,ORG-S2,PER-S-00025,2026-06-24T20:35:00,activa,9,synthetic,SYN-003267
APP-00028,VAC-0005,ORG-S2,PER-S-00026,2026-07-01T20:42:00,activa,8,synthetic,SYN-003268
APP-00029,VAC-0005,ORG-S2,PER-S-00027,2026-06-28T13:17:00,activa,19,synthetic,SYN-003269
APP-00030,VAC-0005,ORG-S2,PER-S-00011,2026-07-02T08:49:00,activa,10,synthetic,SYN-003270
APP-00031,VAC-0005,ORG-S2,PER-S-00028,2026-06-29T23:45:00,activa,5,synthetic,SYN-003271
APP-00032,VAC-0005,ORG-S2,PER-S-00029,2026-06-22T23:02:00,activa,19,synthetic,SYN-003272
APP-00033,VAC-0006,ORG-S3,PER-S-00030,2026-02-23T22:30:00,activa,20,synthetic,SYN-003273
APP-00034,VAC-0006,ORG-S3,PER-S-00006,2026-02-20T10:14:00,activa,12,synthetic,SYN-003274
APP-00035,VAC-0006,ORG-S3,PER-S-00031,2026-02-26T18:03:00,descartada,16,synthetic,SYN-003275
APP-00036,VAC-0006,ORG-S3,PER-S-00032,2026-02-15T12:25:00,activa,,synthetic,SYN-003276
APP-00037,VAC-0008,ORG-S2,PER-S-00033,2026-08-28T15:51:00,descartada,14,synthetic,SYN-003277
APP-00038,VAC-0008,ORG-S2,PER-S-00034,2026-08-28T23:22:00,activa,7,synthetic,SYN-003278
APP-00039,VAC-0008,ORG-S2,PER-S-00019,2026-08-25T21:17:00,activa,19,synthetic,SYN-003279
APP-00040,VAC-0008,ORG-S2,PER-S-00035,2026-09-02T09:16:00,activa,1,synthetic,SYN-003280
APP-00041,VAC-0008,ORG-S2,PER-S-00036,2026-08-25T19:45:00,activa,,synthetic,SYN-003281
APP-00042,VAC-0009,ORG-S3,PER-S-00037,2026-01-20T10:02:00,activa,14,synthetic,SYN-003282
APP-00043,VAC-0009,ORG-S3,PER-S-00038,2026-01-24T00:21:00,activa,10,synthetic,SYN-003283
APP-00044,VAC-0009,ORG-S3,PER-S-00039,2026-01-22T02:00:00,activa,2,synthetic,SYN-003284
APP-00045,VAC-0009,ORG-S3,PER-S-00040,2026-01-23T22:09:00,activa,0,synthetic,SYN-003285
APP-00046,VAC-0009,ORG-S3,PER-S-00041,2026-01-21T20:54:00,activa,7,synthetic,SYN-003286
APP-00047,VAC-0009,ORG-S3,PER-S-00004,2026-01-26T03:43:00,activa,7,synthetic,SYN-003287
APP-00048,VAC-0009,ORG-S3,PER-S-00042,2026-01-24T23:54:00,activa,0,synthetic,SYN-003288
APP-00049,VAC-0009,ORG-S3,PER-S-00043,2026-01-28T12:33:00,activa,13,synthetic,SYN-003289
APP-00050,VAC-0009,ORG-S3,PER-S-00044,2026-01-21T12:52:00,activa,11,synthetic,SYN-003290
APP-00051,VAC-0009,ORG-S3,PER-S-00045,2026-01-21T19:33:00,activa,15,synthetic,SYN-003291
APP-00052,VAC-0009,ORG-S3,PER-S-00035,2026-01-21T00:41:00,activa,12,synthetic,SYN-003292
APP-00053,VAC-0010,ORG-S1,PER-S-00046,2026-08-27T16:07:00,activa,1,synthetic,SYN-003293
APP-00054,VAC-0010,ORG-S1,PER-S-00047,2026-08-27T23:26:00,activa,9,synthetic,SYN-003294
APP-00055,VAC-0010,ORG-S1,PER-S-00048,2026-09-06T12:33:00,activa,17,synthetic,SYN-003295
APP-00056,VAC-0010,ORG-S1,PER-S-00049,2026-08-30T17:58:00,activa,6,synthetic,SYN-003296
APP-00057,VAC-0010,ORG-S1,PER-S-00050,2026-09-08T13:40:00,activa,10,synthetic,SYN-003297
APP-00058,VAC-0011,ORG-S2,PER-S-00051,2026-08-30T09:56:00,activa,5,synthetic,SYN-003298
APP-00059,VAC-0011,ORG-S2,PER-S-00052,2026-09-09T14:55:00,activa,11,synthetic,SYN-003299
APP-00060,VAC-0011,ORG-S2,PER-S-00026,2026-08-28T23:24:00,activa,0,synthetic,SYN-003300
APP-00061,VAC-0011,ORG-S2,PER-S-00053,2026-08-26T16:48:00,activa,19,synthetic,SYN-003301
APP-00062,VAC-0011,ORG-S2,PER-S-00054,2026-09-02T08:14:00,activa,1,synthetic,SYN-003302
APP-00063,VAC-0012,ORG-S3,PER-S-00055,2026-03-23T04:49:00,activa,5,synthetic,SYN-003303
APP-00064,VAC-0012,ORG-S3,PER-S-00056,2026-04-02T18:50:00,activa,10,synthetic,SYN-003304
APP-00065,VAC-0012,ORG-S3,PER-S-00057,2026-03-23T19:20:00,activa,,synthetic,SYN-003305
APP-00066,VAC-0012,ORG-S3,PER-S-00058,2026-03-29T10:02:00,activa,,synthetic,SYN-003306
APP-00067,VAC-0012,ORG-S3,PER-S-00059,2026-03-31T12:32:00,activa,10,synthetic,SYN-003307
APP-00068,VAC-0012,ORG-S3,PER-S-00060,2026-03-31T21:39:00,activa,6,synthetic,SYN-003308
APP-00069,VAC-0012,ORG-S3,PER-S-00061,2026-03-28T15:31:00,descartada,18,synthetic,SYN-003309
APP-00070,VAC-0013,ORG-S1,PER-S-00062,2026-09-16T20:41:00,activa,0,synthetic,SYN-003310
APP-00071,VAC-0013,ORG-S1,PER-S-00063,2026-09-15T04:01:00,activa,10,synthetic,SYN-003311
APP-00072,VAC-0013,ORG-S1,PER-S-00064,2026-09-09T04:57:00,activa,2,synthetic,SYN-003312
APP-00073,VAC-0013,ORG-S1,PER-S-00065,2026-09-18T06:52:00,activa,11,synthetic,SYN-003313
APP-00074,VAC-0013,ORG-S1,PER-S-00066,2026-09-17T04:08:00,activa,15,synthetic,SYN-003314
APP-00075,VAC-0013,ORG-S1,PER-S-00067,2026-09-14T17:42:00,activa,20,synthetic,SYN-003315
APP-00076,VAC-0013,ORG-S1,PER-S-00068,2026-09-14T01:11:00,activa,4,synthetic,SYN-003316
APP-00077,VAC-0013,ORG-S1,PER-S-00069,2026-09-12T20:42:00,descartada,5,synthetic,SYN-003317
APP-00078,VAC-0013,ORG-S1,PER-S-00070,2026-09-11T15:14:00,activa,18,synthetic,SYN-003318
APP-00079,VAC-0013,ORG-S1,PER-S-00071,2026-09-18T13:08:00,activa,19,synthetic,SYN-003319
APP-00080,VAC-0013,ORG-S1,PER-S-00072,2026-09-11T12:26:00,activa,14,synthetic,SYN-003320
APP-00081,VAC-0013,ORG-S1,PER-S-00073,2026-09-12T04:57:00,activa,2,synthetic,SYN-003321
APP-00082,VAC-0013,ORG-S1,PER-S-00074,2026-09-18T17:56:00,activa,8,synthetic,SYN-003322
APP-00083,VAC-0013,ORG-S1,PER-S-00075,2026-09-14T19:59:00,activa,,synthetic,SYN-003323
APP-00084,VAC-0014,ORG-S2,PER-S-00076,2026-02-05T17:32:00,activa,15,synthetic,SYN-003324
APP-00085,VAC-0014,ORG-S2,PER-S-00077,2026-02-09T01:52:00,activa,9,synthetic,SYN-003325
APP-00086,VAC-0014,ORG-S2,PER-S-00078,2026-02-11T05:18:00,activa,6,synthetic,SYN-003326
APP-00087,VAC-0014,ORG-S2,PER-S-00079,2026-02-09T17:42:00,activa,16,synthetic,SYN-003327
APP-00088,VAC-0014,ORG-S2,PER-S-00080,2026-02-11T23:19:00,activa,,synthetic,SYN-003328
APP-00089,VAC-0014,ORG-S2,PER-S-00081,2026-02-06T17:57:00,descartada,20,synthetic,SYN-003329
APP-00090,VAC-0014,ORG-S2,PER-S-00082,2026-02-02T21:03:00,activa,10,synthetic,SYN-003330
APP-00091,VAC-0014,ORG-S2,PER-S-00083,2026-02-14T15:24:00,activa,18,synthetic,SYN-003331
APP-00092,VAC-0014,ORG-S2,PER-S-00019,2026-02-13T11:58:00,activa,13,synthetic,SYN-003332
APP-00093,VAC-0014,ORG-S2,PER-S-00084,2026-02-10T13:00:00,activa,16,synthetic,SYN-003333
APP-00094,VAC-0014,ORG-S2,PER-S-00031,2026-02-09T13:05:00,activa,12,synthetic,SYN-003334
APP-00095,VAC-0014,ORG-S2,PER-S-00085,2026-02-07T12:41:00,activa,15,synthetic,SYN-003335
APP-00096,VAC-0015,ORG-S3,PER-S-00086,2026-07-06T04:15:00,activa,5,synthetic,SYN-003336
APP-00097,VAC-0015,ORG-S3,PER-S-00087,2026-07-11T16:20:00,activa,0,synthetic,SYN-003337
APP-00098,VAC-0015,ORG-S3,PER-S-00088,2026-07-08T03:53:00,activa,17,synthetic,SYN-003338
APP-00099,VAC-0015,ORG-S3,PER-S-00089,2026-07-03T10:27:00,activa,11,synthetic,SYN-003339
APP-00100,VAC-0016,ORG-S1,PER-S-00021,2026-02-23T12:05:00,activa,7,synthetic,SYN-003340
APP-00101,VAC-0016,ORG-S1,PER-S-00090,2026-02-25T18:24:00,activa,3,synthetic,SYN-003341
APP-00102,VAC-0016,ORG-S1,PER-S-00091,2026-02-27T03:41:00,activa,13,synthetic,SYN-003342
APP-00103,VAC-0016,ORG-S1,PER-S-00092,2026-02-24T04:21:00,activa,18,synthetic,SYN-003343
APP-00104,VAC-0016,ORG-S1,PER-S-00093,2026-02-25T03:30:00,activa,6,synthetic,SYN-003344
APP-00105,VAC-0016,ORG-S1,PER-S-00094,2026-02-23T21:19:00,descartada,1,synthetic,SYN-003345
APP-00106,VAC-0016,ORG-S1,PER-S-00095,2026-02-22T21:58:00,activa,3,synthetic,SYN-003346
APP-00107,VAC-0016,ORG-S1,PER-S-00096,2026-02-20T21:13:00,activa,,synthetic,SYN-003347
APP-00108,VAC-0016,ORG-S1,PER-S-00097,2026-02-23T13:10:00,activa,6,synthetic,SYN-003348
APP-00109,VAC-0016,ORG-S1,PER-S-00098,2026-02-24T14:06:00,activa,,synthetic,SYN-003349
APP-00110,VAC-0016,ORG-S1,PER-S-00099,2026-02-27T04:37:00,activa,10,synthetic,SYN-003350
APP-00111,VAC-0016,ORG-S1,PER-S-00100,2026-02-26T04:29:00,activa,18,synthetic,SYN-003351
APP-00112,VAC-0016,ORG-S1,PER-S-00101,2026-02-25T08:33:00,activa,4,synthetic,SYN-003352
APP-00113,VAC-0017,ORG-S2,PER-S-00102,2026-06-04T09:07:00,activa,3,synthetic,SYN-003353
APP-00114,VAC-0017,ORG-S2,PER-S-00103,2026-06-04T09:18:00,activa,1,synthetic,SYN-003354
APP-00115,VAC-0017,ORG-S2,PER-S-00104,2026-06-01T16:55:00,activa,5,synthetic,SYN-003355
APP-00116,VAC-0017,ORG-S2,PER-S-00105,2026-06-12T02:31:00,descartada,2,synthetic,SYN-003356
APP-00117,VAC-0018,ORG-S3,PER-S-00106,2026-08-21T14:34:00,descartada,0,synthetic,SYN-003357
APP-00118,VAC-0018,ORG-S3,PER-S-00107,2026-08-29T20:33:00,activa,19,synthetic,SYN-003358
APP-00119,VAC-0018,ORG-S3,PER-S-00108,2026-08-26T16:53:00,activa,18,synthetic,SYN-003359
APP-00120,VAC-0018,ORG-S3,PER-S-00109,2026-08-16T22:06:00,activa,14,synthetic,SYN-003360
APP-00121,VAC-0018,ORG-S3,PER-S-00110,2026-08-20T08:39:00,descartada,11,synthetic,SYN-003361
APP-00122,VAC-0019,ORG-S1,PER-S-00111,2026-08-20T22:10:00,activa,,synthetic,SYN-003362
APP-00123,VAC-0019,ORG-S1,PER-S-00112,2026-08-11T21:14:00,activa,13,synthetic,SYN-003363
APP-00124,VAC-0019,ORG-S1,PER-S-00113,2026-08-17T10:51:00,activa,6,synthetic,SYN-003364
APP-00125,VAC-0019,ORG-S1,PER-S-00114,2026-08-25T18:25:00,activa,4,synthetic,SYN-003365
APP-00126,VAC-0019,ORG-S1,PER-S-00115,2026-08-10T09:37:00,activa,8,synthetic,SYN-003366
APP-00127,VAC-0019,ORG-S1,PER-S-00116,2026-08-25T14:56:00,activa,16,synthetic,SYN-003367
APP-00128,VAC-0019,ORG-S1,PER-S-00117,2026-08-23T15:04:00,activa,,synthetic,SYN-003368
APP-00129,VAC-0019,ORG-S1,PER-S-00118,2026-08-23T12:49:00,activa,0,synthetic,SYN-003369
APP-00130,VAC-0019,ORG-S1,PER-S-00119,2026-08-15T14:44:00,activa,10,synthetic,SYN-003370
APP-00131,VAC-0019,ORG-S1,PER-S-00120,2026-08-20T23:53:00,descartada,12,synthetic,SYN-003371
APP-00132,VAC-0019,ORG-S1,PER-S-00121,2026-08-21T15:15:00,activa,1,synthetic,SYN-003372
APP-00133,VAC-0019,ORG-S1,PER-S-00122,2026-08-12T01:49:00,activa,10,synthetic,SYN-003373
APP-00134,VAC-0019,ORG-S1,PER-S-00123,2026-08-12T20:38:00,activa,2,synthetic,SYN-003374
APP-00135,VAC-0019,ORG-S1,PER-S-00124,2026-08-26T08:51:00,activa,10,synthetic,SYN-003375
APP-00136,VAC-0020,ORG-S2,PER-S-00125,2026-05-15T09:56:00,activa,18,synthetic,SYN-003376
APP-00137,VAC-0020,ORG-S2,PER-S-00126,2026-05-15T15:23:00,activa,0,synthetic,SYN-003377
APP-00138,VAC-0021,ORG-S3,PER-S-00127,2026-08-30T02:35:00,descartada,0,synthetic,SYN-003378
APP-00139,VAC-0021,ORG-S3,PER-S-00021,2026-08-25T18:28:00,activa,0,synthetic,SYN-003379
APP-00140,VAC-0021,ORG-S3,PER-S-00128,2026-08-17T23:59:00,activa,10,synthetic,SYN-003380
APP-00141,VAC-0022,ORG-S1,PER-S-00129,2026-06-07T04:20:00,activa,14,synthetic,SYN-003381
APP-00142,VAC-0022,ORG-S1,PER-S-00130,2026-06-19T22:51:00,activa,20,synthetic,SYN-003382
APP-00143,VAC-0022,ORG-S1,PER-S-00131,2026-06-19T06:55:00,activa,2,synthetic,SYN-003383
APP-00144,VAC-0022,ORG-S1,PER-S-00132,2026-06-16T01:42:00,activa,15,synthetic,SYN-003384
APP-00145,VAC-0022,ORG-S1,PER-S-00133,2026-06-18T11:13:00,activa,16,synthetic,SYN-003385
APP-00146,VAC-0022,ORG-S1,PER-S-00134,2026-06-16T19:39:00,activa,18,synthetic,SYN-003386
APP-00147,VAC-0022,ORG-S1,PER-S-00067,2026-06-09T20:26:00,activa,15,synthetic,SYN-003387
APP-00148,VAC-0023,ORG-S2,PER-S-00084,2026-05-22T07:25:00,activa,14,synthetic,SYN-003388
APP-00149,VAC-0023,ORG-S2,PER-S-00135,2026-05-19T05:34:00,descartada,8,synthetic,SYN-003389
APP-00150,VAC-0023,ORG-S2,PER-S-00136,2026-05-24T21:57:00,activa,15,synthetic,SYN-003390
APP-00151,VAC-0023,ORG-S2,PER-S-00007,2026-05-27T14:00:00,activa,15,synthetic,SYN-003391
APP-00152,VAC-0023,ORG-S2,PER-S-00137,2026-05-29T12:46:00,activa,17,synthetic,SYN-003392
APP-00153,VAC-0023,ORG-S2,PER-S-00138,2026-05-22T04:48:00,activa,19,synthetic,SYN-003393
APP-00154,VAC-0023,ORG-S2,PER-S-00015,2026-05-23T02:30:00,activa,10,synthetic,SYN-003394
APP-00155,VAC-0023,ORG-S2,PER-S-00139,2026-05-28T03:59:00,activa,16,synthetic,SYN-003395
APP-00156,VAC-0023,ORG-S2,PER-S-00140,2026-05-29T01:56:00,activa,13,synthetic,SYN-003396
APP-00157,VAC-0023,ORG-S2,PER-S-00141,2026-05-19T19:36:00,activa,20,synthetic,SYN-003397
APP-00158,VAC-0023,ORG-S2,PER-S-00142,2026-05-22T09:17:00,activa,14,synthetic,SYN-003398
APP-00159,VAC-0024,ORG-S3,PER-S-00143,2026-04-08T21:48:00,activa,4,synthetic,SYN-003399
APP-00160,VAC-0024,ORG-S3,PER-S-00144,2026-04-08T19:14:00,activa,15,synthetic,SYN-003400
APP-00161,VAC-0024,ORG-S3,PER-S-00145,2026-04-14T17:11:00,activa,6,synthetic,SYN-003401
APP-00162,VAC-0024,ORG-S3,PER-S-00146,2026-04-09T20:51:00,descartada,19,synthetic,SYN-003402
APP-00163,VAC-0025,ORG-S1,PER-S-00147,2026-06-07T03:48:00,activa,4,synthetic,SYN-003403
APP-00164,VAC-0025,ORG-S1,PER-S-00148,2026-06-08T17:15:00,activa,12,synthetic,SYN-003404
APP-00165,VAC-0025,ORG-S1,PER-S-00149,2026-06-05T00:24:00,activa,6,synthetic,SYN-003405
APP-00166,VAC-0025,ORG-S1,PER-S-00121,2026-06-05T10:17:00,activa,12,synthetic,SYN-003406
APP-00167,VAC-0025,ORG-S1,PER-S-00150,2026-06-07T00:53:00,activa,16,synthetic,SYN-003407
APP-00168,VAC-0025,ORG-S1,PER-S-00151,2026-06-11T12:56:00,activa,9,synthetic,SYN-003408
APP-00169,VAC-0025,ORG-S1,PER-S-00152,2026-06-07T20:22:00,activa,18,synthetic,SYN-003409
APP-00170,VAC-0025,ORG-S1,PER-S-00153,2026-06-04T17:24:00,activa,16,synthetic,SYN-003410
APP-00171,VAC-0025,ORG-S1,PER-S-00154,2026-06-12T11:23:00,activa,5,synthetic,SYN-003411
APP-00172,VAC-0025,ORG-S1,PER-S-00146,2026-06-03T20:28:00,activa,4,synthetic,SYN-003412
APP-00173,VAC-0025,ORG-S1,PER-S-00003,2026-06-03T20:06:00,activa,15,synthetic,SYN-003413
APP-00174,VAC-0026,ORG-S2,PER-S-00155,2026-01-31T04:49:00,descartada,13,synthetic,SYN-003414
APP-00175,VAC-0026,ORG-S2,PER-S-00156,2026-02-01T11:05:00,activa,15,synthetic,SYN-003415
APP-00176,VAC-0026,ORG-S2,PER-S-00157,2026-01-28T22:48:00,activa,5,synthetic,SYN-003416
APP-00177,VAC-0026,ORG-S2,PER-S-00158,2026-01-31T23:27:00,activa,9,synthetic,SYN-003417
APP-00178,VAC-0026,ORG-S2,PER-S-00159,2026-02-03T12:40:00,activa,0,synthetic,SYN-003418
APP-00179,VAC-0026,ORG-S2,PER-S-00160,2026-01-29T11:41:00,activa,11,synthetic,SYN-003419
APP-00180,VAC-0026,ORG-S2,PER-S-00161,2026-02-03T02:33:00,activa,2,synthetic,SYN-003420
APP-00181,VAC-0026,ORG-S2,PER-S-00162,2026-01-29T10:50:00,activa,1,synthetic,SYN-003421
APP-00182,VAC-0026,ORG-S2,PER-S-00163,2026-01-28T17:43:00,activa,14,synthetic,SYN-003422
APP-00183,VAC-0026,ORG-S2,PER-S-00164,2026-02-03T08:33:00,activa,19,synthetic,SYN-003423
APP-00184,VAC-0026,ORG-S2,PER-S-00165,2026-01-27T17:10:00,activa,3,synthetic,SYN-003424
APP-00185,VAC-0026,ORG-S2,PER-S-00166,2026-01-30T20:28:00,descartada,7,synthetic,SYN-003425
APP-00186,VAC-0027,ORG-S3,PER-S-00167,2026-07-04T05:09:00,activa,10,synthetic,SYN-003426
APP-00187,VAC-0027,ORG-S3,PER-S-00168,2026-07-05T20:04:00,activa,12,synthetic,SYN-003427
APP-00188,VAC-0027,ORG-S3,PER-S-00169,2026-07-16T18:10:00,activa,3,synthetic,SYN-003428
APP-00189,VAC-0027,ORG-S3,PER-S-00079,2026-07-11T09:21:00,activa,10,synthetic,SYN-003429
APP-00190,VAC-0027,ORG-S3,PER-S-00170,2026-07-11T17:36:00,activa,6,synthetic,SYN-003430
APP-00191,VAC-0027,ORG-S3,PER-S-00171,2026-07-06T13:50:00,activa,16,synthetic,SYN-003431
APP-00192,VAC-0027,ORG-S3,PER-S-00172,2026-07-04T23:08:00,descartada,8,synthetic,SYN-003432
APP-00193,VAC-0027,ORG-S3,PER-S-00173,2026-07-03T23:42:00,activa,13,synthetic,SYN-003433
APP-00194,VAC-0027,ORG-S3,PER-S-00174,2026-07-12T04:31:00,activa,11,synthetic,SYN-003434
APP-00195,VAC-0028,ORG-S1,PER-S-00060,2026-02-25T22:05:00,activa,17,synthetic,SYN-003435
APP-00196,VAC-0028,ORG-S1,PER-S-00175,2026-02-28T11:30:00,activa,13,synthetic,SYN-003436
APP-00197,VAC-0028,ORG-S1,PER-S-00176,2026-03-03T10:42:00,activa,5,synthetic,SYN-003437
APP-00198,VAC-0028,ORG-S1,PER-S-00177,2026-03-10T14:42:00,activa,0,synthetic,SYN-003438
APP-00199,VAC-0029,ORG-S2,PER-S-00178,2026-06-07T13:17:00,activa,6,synthetic,SYN-003439
APP-00200,VAC-0029,ORG-S2,PER-S-00179,2026-05-31T03:19:00,activa,8,synthetic,SYN-003440
APP-00201,VAC-0029,ORG-S2,PER-S-00180,2026-06-01T11:25:00,activa,14,synthetic,SYN-003441
APP-00202,VAC-0029,ORG-S2,PER-S-00181,2026-05-31T07:30:00,activa,18,synthetic,SYN-003442
APP-00203,VAC-0029,ORG-S2,PER-S-00182,2026-06-04T13:38:00,activa,4,synthetic,SYN-003443
APP-00204,VAC-0029,ORG-S2,PER-S-00183,2026-06-04T05:43:00,activa,18,synthetic,SYN-003444
APP-00205,VAC-0029,ORG-S2,PER-S-00184,2026-05-29T01:37:00,activa,6,synthetic,SYN-003445
APP-00206,VAC-0029,ORG-S2,PER-S-00185,2026-06-07T10:10:00,activa,10,synthetic,SYN-003446
APP-00207,VAC-0030,ORG-S3,PER-S-00186,2026-06-05T15:31:00,activa,20,synthetic,SYN-003447
APP-00208,VAC-0030,ORG-S3,PER-S-00187,2026-06-01T17:33:00,activa,6,synthetic,SYN-003448
APP-00209,VAC-0030,ORG-S3,PER-S-00188,2026-05-29T19:06:00,descartada,17,synthetic,SYN-003449
APP-00210,VAC-0030,ORG-S3,PER-S-00189,2026-05-25T04:07:00,activa,5,synthetic,SYN-003450
APP-00211,VAC-0031,ORG-S1,PER-S-00190,2026-04-25T09:56:00,activa,13,synthetic,SYN-003451
APP-00212,VAC-0031,ORG-S1,PER-S-00191,2026-05-01T11:34:00,activa,17,synthetic,SYN-003452
APP-00213,VAC-0031,ORG-S1,PER-S-00192,2026-04-26T00:40:00,activa,19,synthetic,SYN-003453
APP-00214,VAC-0031,ORG-S1,PER-S-00193,2026-05-02T15:09:00,activa,1,synthetic,SYN-003454
APP-00215,VAC-0031,ORG-S1,PER-S-00194,2026-04-28T07:12:00,activa,,synthetic,SYN-003455
APP-00216,VAC-0031,ORG-S1,PER-S-00195,2026-05-01T05:56:00,activa,15,synthetic,SYN-003456
APP-00217,VAC-0031,ORG-S1,PER-S-00196,2026-04-29T00:02:00,activa,12,synthetic,SYN-003457
APP-00218,VAC-0031,ORG-S1,PER-S-00197,2026-04-25T16:09:00,activa,6,synthetic,SYN-003458
APP-00219,VAC-0031,ORG-S1,PER-S-00198,2026-04-28T13:25:00,activa,18,synthetic,SYN-003459
APP-00220,VAC-0031,ORG-S1,PER-S-00199,2026-05-02T13:38:00,activa,11,synthetic,SYN-003460
APP-00221,VAC-0031,ORG-S1,PER-S-00200,2026-05-02T19:58:00,activa,5,synthetic,SYN-003461
APP-00222,VAC-0031,ORG-S1,PER-S-00201,2026-04-28T02:26:00,activa,4,synthetic,SYN-003462
APP-00223,VAC-0031,ORG-S1,PER-S-00202,2026-05-07T10:26:00,activa,19,synthetic,SYN-003463
APP-00224,VAC-0032,ORG-S2,PER-S-00203,2026-03-14T21:47:00,activa,18,synthetic,SYN-003464
APP-00225,VAC-0032,ORG-S2,PER-S-00204,2026-03-11T00:28:00,activa,,synthetic,SYN-003465
APP-00226,VAC-0032,ORG-S2,PER-S-00205,2026-03-18T22:30:00,activa,2,synthetic,SYN-003466
APP-00227,VAC-0032,ORG-S2,PER-S-00206,2026-03-23T04:39:00,activa,8,synthetic,SYN-003467
APP-00228,VAC-0032,ORG-S2,PER-S-00207,2026-03-10T10:14:00,activa,5,synthetic,SYN-003468
APP-00229,VAC-0032,ORG-S2,PER-S-00208,2026-03-20T10:16:00,activa,5,synthetic,SYN-003469
APP-00230,VAC-0032,ORG-S2,PER-S-00209,2026-03-07T16:04:00,activa,11,synthetic,SYN-003470
APP-00231,VAC-0032,ORG-S2,PER-S-00210,2026-03-11T05:28:00,activa,13,synthetic,SYN-003471
APP-00232,VAC-0032,ORG-S2,PER-S-00211,2026-03-17T11:40:00,activa,14,synthetic,SYN-003472
APP-00233,VAC-0032,ORG-S2,PER-S-00212,2026-03-14T06:19:00,descartada,0,synthetic,SYN-003473
APP-00234,VAC-0033,ORG-S3,PER-S-00213,2026-06-23T17:57:00,activa,11,synthetic,SYN-003474
APP-00235,VAC-0033,ORG-S3,PER-S-00214,2026-06-15T11:28:00,activa,12,synthetic,SYN-003475
APP-00236,VAC-0033,ORG-S3,PER-S-00215,2026-06-29T05:00:00,activa,18,synthetic,SYN-003476
APP-00237,VAC-0033,ORG-S3,PER-S-00216,2026-06-16T05:00:00,activa,20,synthetic,SYN-003477
APP-00238,VAC-0033,ORG-S3,PER-S-00217,2026-06-22T11:08:00,activa,11,synthetic,SYN-003478
APP-00239,VAC-0033,ORG-S3,PER-S-00061,2026-06-27T08:02:00,activa,13,synthetic,SYN-003479
APP-00240,VAC-0033,ORG-S3,PER-S-00218,2026-06-21T06:34:00,activa,16,synthetic,SYN-003480
APP-00241,VAC-0033,ORG-S3,PER-S-00219,2026-06-21T01:44:00,activa,16,synthetic,SYN-003481
APP-00242,VAC-0033,ORG-S3,PER-S-00220,2026-06-19T18:57:00,descartada,2,synthetic,SYN-003482
APP-00243,VAC-0033,ORG-S3,PER-S-00221,2026-06-20T14:12:00,activa,2,synthetic,SYN-003483
APP-00244,VAC-0034,ORG-S1,PER-S-00222,2026-06-17T08:23:00,activa,5,synthetic,SYN-003484
APP-00245,VAC-0034,ORG-S1,PER-S-00223,2026-06-12T22:43:00,activa,,synthetic,SYN-003485
APP-00246,VAC-0034,ORG-S1,PER-S-00224,2026-06-14T10:20:00,activa,1,synthetic,SYN-003486
APP-00247,VAC-0034,ORG-S1,PER-S-00225,2026-06-12T19:39:00,activa,5,synthetic,SYN-003487
APP-00248,VAC-0034,ORG-S1,PER-S-00226,2026-06-15T15:01:00,activa,,synthetic,SYN-003488
APP-00249,VAC-0034,ORG-S1,PER-S-00227,2026-06-12T04:20:00,activa,13,synthetic,SYN-003489
APP-00250,VAC-0034,ORG-S1,PER-S-00228,2026-06-16T12:30:00,activa,0,synthetic,SYN-003490
APP-00251,VAC-0035,ORG-S2,PER-S-00229,2026-06-15T19:06:00,activa,9,synthetic,SYN-003491
APP-00252,VAC-0035,ORG-S2,PER-S-00230,2026-06-09T02:51:00,activa,15,synthetic,SYN-003492
APP-00253,VAC-0035,ORG-S2,PER-S-00231,2026-06-15T23:56:00,activa,11,synthetic,SYN-003493
APP-00254,VAC-0035,ORG-S2,PER-S-00232,2026-06-15T13:11:00,descartada,,synthetic,SYN-003494
APP-00255,VAC-0035,ORG-S2,PER-S-00233,2026-06-05T22:46:00,activa,3,synthetic,SYN-003495
APP-00256,VAC-0035,ORG-S2,PER-S-00234,2026-06-09T01:45:00,activa,19,synthetic,SYN-003496
APP-00257,VAC-0035,ORG-S2,PER-S-00235,2026-06-11T23:19:00,activa,16,synthetic,SYN-003497
APP-00258,VAC-0035,ORG-S2,PER-S-00236,2026-06-13T07:18:00,activa,1,synthetic,SYN-003498
APP-00259,VAC-0035,ORG-S2,PER-S-00237,2026-06-15T03:25:00,activa,10,synthetic,SYN-003499
APP-00260,VAC-0035,ORG-S2,PER-S-00146,2026-06-08T01:22:00,activa,13,synthetic,SYN-003500
APP-00261,VAC-0035,ORG-S2,PER-S-00238,2026-06-06T09:26:00,activa,9,synthetic,SYN-003501
APP-00262,VAC-0036,ORG-S3,PER-S-00239,2026-06-22T03:16:00,activa,1,synthetic,SYN-003502
APP-00263,VAC-0036,ORG-S3,PER-S-00240,2026-06-27T17:53:00,activa,,synthetic,SYN-003503
APP-00264,VAC-0036,ORG-S3,PER-S-00241,2026-06-18T12:24:00,activa,8,synthetic,SYN-003504
APP-00265,VAC-0037,ORG-S1,PER-S-00242,2026-08-22T10:04:00,activa,19,synthetic,SYN-003505
APP-00266,VAC-0037,ORG-S1,PER-S-00243,2026-08-23T00:41:00,activa,15,synthetic,SYN-003506
APP-00267,VAC-0037,ORG-S1,PER-S-00244,2026-08-22T13:26:00,activa,6,synthetic,SYN-003507
APP-00268,VAC-0037,ORG-S1,PER-S-00245,2026-08-18T17:19:00,activa,15,synthetic,SYN-003508
APP-00269,VAC-0037,ORG-S1,PER-S-00246,2026-08-22T20:09:00,activa,8,synthetic,SYN-003509
APP-00270,VAC-0037,ORG-S1,PER-S-00247,2026-08-18T19:38:00,activa,17,synthetic,SYN-003510
APP-00271,VAC-0037,ORG-S1,PER-S-00248,2026-08-28T13:54:00,activa,4,synthetic,SYN-003511
APP-00272,VAC-0037,ORG-S1,PER-S-00249,2026-08-23T09:27:00,activa,6,synthetic,SYN-003512
APP-00273,VAC-0037,ORG-S1,PER-S-00250,2026-08-23T17:32:00,activa,19,synthetic,SYN-003513
APP-00274,VAC-0038,ORG-S2,PER-S-00251,2026-04-01T18:23:00,descartada,17,synthetic,SYN-003514
APP-00275,VAC-0038,ORG-S2,PER-S-00252,2026-04-05T17:52:00,activa,0,synthetic,SYN-003515
APP-00276,VAC-0038,ORG-S2,PER-S-00253,2026-03-28T21:29:00,activa,4,synthetic,SYN-003516
APP-00277,VAC-0038,ORG-S2,PER-S-00254,2026-04-08T23:04:00,activa,9,synthetic,SYN-003517
APP-00278,VAC-0038,ORG-S2,PER-S-00255,2026-04-09T10:11:00,activa,3,synthetic,SYN-003518
APP-00279,VAC-0039,ORG-S3,PER-S-00256,2026-06-29T20:36:00,activa,7,synthetic,SYN-003519
APP-00280,VAC-0039,ORG-S3,PER-S-00257,2026-07-03T01:29:00,activa,17,synthetic,SYN-003520
APP-00281,VAC-0039,ORG-S3,PER-S-00258,2026-06-28T20:09:00,activa,4,synthetic,SYN-003521
APP-00282,VAC-0039,ORG-S3,PER-S-00259,2026-06-29T01:06:00,activa,10,synthetic,SYN-003522
APP-00283,VAC-0039,ORG-S3,PER-S-00260,2026-06-26T23:02:00,descartada,16,synthetic,SYN-003523
APP-00284,VAC-0039,ORG-S3,PER-S-00261,2026-07-02T11:19:00,activa,20,synthetic,SYN-003524
APP-00285,VAC-0039,ORG-S3,PER-S-00262,2026-07-04T15:49:00,activa,12,synthetic,SYN-003525
APP-00286,VAC-0039,ORG-S3,PER-S-00263,2026-07-03T15:21:00,activa,,synthetic,SYN-003526
APP-00287,VAC-0039,ORG-S3,PER-S-00145,2026-07-05T01:43:00,activa,,synthetic,SYN-003527
APP-00288,VAC-0039,ORG-S3,PER-S-00264,2026-06-29T07:51:00,activa,6,synthetic,SYN-003528
APP-00289,VAC-0039,ORG-S3,PER-S-00265,2026-06-28T06:35:00,activa,0,synthetic,SYN-003529
APP-00290,VAC-0039,ORG-S3,PER-S-00266,2026-07-04T22:59:00,activa,11,synthetic,SYN-003530
APP-00291,VAC-0039,ORG-S3,PER-S-00267,2026-06-29T22:16:00,activa,7,synthetic,SYN-003531
APP-00292,VAC-0039,ORG-S3,PER-S-00268,2026-06-28T07:49:00,activa,14,synthetic,SYN-003532
APP-00293,VAC-0040,ORG-S1,PER-S-00269,2026-03-30T03:38:00,activa,9,synthetic,SYN-003533
APP-00294,VAC-0040,ORG-S1,PER-S-00270,2026-03-26T22:38:00,activa,7,synthetic,SYN-003534
APP-00295,VAC-0040,ORG-S1,PER-S-00271,2026-03-25T03:29:00,activa,5,synthetic,SYN-003535
APP-00296,VAC-0040,ORG-S1,PER-S-00272,2026-03-28T11:07:00,activa,7,synthetic,SYN-003536
APP-00297,VAC-0040,ORG-S1,PER-S-00273,2026-03-25T02:38:00,activa,8,synthetic,SYN-003537
APP-00298,VAC-0040,ORG-S1,PER-S-00274,2026-03-23T16:13:00,activa,14,synthetic,SYN-003538
APP-00299,VAC-0040,ORG-S1,PER-S-00275,2026-03-26T08:03:00,activa,3,synthetic,SYN-003539
APP-00300,VAC-0040,ORG-S1,PER-S-00146,2026-04-01T22:29:00,activa,12,synthetic,SYN-003540
APP-00301,VAC-0040,ORG-S1,PER-S-00276,2026-03-29T08:01:00,activa,15,synthetic,SYN-003541
APP-00302,VAC-0040,ORG-S1,PER-S-00277,2026-03-29T00:29:00,activa,11,synthetic,SYN-003542
APP-00303,VAC-0040,ORG-S1,PER-S-00278,2026-04-01T06:34:00,activa,11,synthetic,SYN-003543
APP-00304,VAC-0040,ORG-S1,PER-S-00279,2026-03-29T13:13:00,activa,0,synthetic,SYN-003544
APP-00305,VAC-0040,ORG-S1,PER-S-00280,2026-03-29T03:34:00,activa,15,synthetic,SYN-003545
APP-00306,VAC-0041,ORG-S2,PER-S-00281,2026-05-04T14:02:00,activa,11,synthetic,SYN-003546
APP-00307,VAC-0041,ORG-S2,PER-S-00282,2026-05-14T15:16:00,descartada,0,synthetic,SYN-003547
APP-00308,VAC-0041,ORG-S2,PER-S-00283,2026-05-07T02:40:00,activa,7,synthetic,SYN-003548
APP-00309,VAC-0041,ORG-S2,PER-S-00284,2026-05-03T09:15:00,activa,20,synthetic,SYN-003549
APP-00310,VAC-0041,ORG-S2,PER-S-00285,2026-05-03T07:07:00,activa,14,synthetic,SYN-003550
APP-00311,VAC-0041,ORG-S2,PER-S-00286,2026-05-12T04:59:00,activa,2,synthetic,SYN-003551
APP-00312,VAC-0041,ORG-S2,PER-S-00287,2026-05-01T23:57:00,activa,10,synthetic,SYN-003552
APP-00313,VAC-0041,ORG-S2,PER-S-00288,2026-05-14T23:41:00,activa,13,synthetic,SYN-003553
APP-00314,VAC-0041,ORG-S2,PER-S-00020,2026-05-13T14:37:00,activa,,synthetic,SYN-003554
APP-00315,VAC-0041,ORG-S2,PER-S-00289,2026-05-01T13:10:00,activa,13,synthetic,SYN-003555
APP-00316,VAC-0042,ORG-S3,PER-S-00290,2026-03-17T22:41:00,activa,1,synthetic,SYN-003556
APP-00317,VAC-0042,ORG-S3,PER-S-00291,2026-03-06T09:08:00,activa,14,synthetic,SYN-003557
APP-00318,VAC-0042,ORG-S3,PER-S-00292,2026-03-13T13:32:00,activa,6,synthetic,SYN-003558
APP-00319,VAC-0042,ORG-S3,PER-S-00293,2026-03-16T19:43:00,activa,13,synthetic,SYN-003559
APP-00320,VAC-0042,ORG-S3,PER-S-00294,2026-03-15T11:44:00,activa,19,synthetic,SYN-003560
APP-00321,VAC-0042,ORG-S3,PER-S-00295,2026-03-08T08:25:00,activa,2,synthetic,SYN-003561
APP-00322,VAC-0042,ORG-S3,PER-S-00132,2026-03-08T02:12:00,activa,8,synthetic,SYN-003562
APP-00323,VAC-0043,ORG-S1,PER-S-00189,2026-04-03T11:10:00,activa,2,synthetic,SYN-003563
APP-00324,VAC-0043,ORG-S1,PER-S-00296,2026-04-06T22:18:00,activa,16,synthetic,SYN-003564
APP-00325,VAC-0043,ORG-S1,PER-S-00297,2026-04-08T01:58:00,activa,11,synthetic,SYN-003565
APP-00326,VAC-0043,ORG-S1,PER-S-00298,2026-04-03T18:14:00,activa,,synthetic,SYN-003566
APP-00327,VAC-0043,ORG-S1,PER-S-00299,2026-04-05T17:13:00,activa,,synthetic,SYN-003567
APP-00328,VAC-0043,ORG-S1,PER-S-00300,2026-04-03T20:59:00,activa,2,synthetic,SYN-003568
APP-00329,VAC-0043,ORG-S1,PER-S-00301,2026-04-09T14:50:00,activa,15,synthetic,SYN-003569
APP-00330,VAC-0043,ORG-S1,PER-S-00302,2026-04-08T13:24:00,activa,8,synthetic,SYN-003570
APP-00331,VAC-0043,ORG-S1,PER-S-00303,2026-04-09T03:46:00,activa,2,synthetic,SYN-003571
APP-00332,VAC-0043,ORG-S1,PER-S-00075,2026-04-03T16:55:00,activa,12,synthetic,SYN-003572
APP-00333,VAC-0043,ORG-S1,PER-S-00304,2026-04-10T19:49:00,descartada,5,synthetic,SYN-003573
APP-00334,VAC-0043,ORG-S1,PER-S-00305,2026-04-05T07:04:00,descartada,11,synthetic,SYN-003574
APP-00335,VAC-0043,ORG-S1,PER-S-00306,2026-04-03T23:26:00,activa,9,synthetic,SYN-003575
APP-00336,VAC-0044,ORG-S2,PER-S-00307,2026-01-29T08:43:00,activa,5,synthetic,SYN-003576
APP-00337,VAC-0044,ORG-S2,PER-S-00308,2026-02-08T02:48:00,activa,19,synthetic,SYN-003577
APP-00338,VAC-0044,ORG-S2,PER-S-00309,2026-02-04T06:12:00,activa,11,synthetic,SYN-003578
APP-00339,VAC-0044,ORG-S2,PER-S-00310,2026-02-09T17:58:00,activa,,synthetic,SYN-003579
APP-00340,VAC-0044,ORG-S2,PER-S-00311,2026-02-08T04:35:00,activa,12,synthetic,SYN-003580
APP-00341,VAC-0044,ORG-S2,PER-S-00312,2026-01-26T19:54:00,activa,10,synthetic,SYN-003581
APP-00342,VAC-0044,ORG-S2,PER-S-00313,2026-02-11T07:06:00,activa,17,synthetic,SYN-003582
APP-00343,VAC-0044,ORG-S2,PER-S-00314,2026-02-05T11:00:00,activa,8,synthetic,SYN-003583
APP-00344,VAC-0044,ORG-S2,PER-S-00315,2026-01-30T00:35:00,activa,14,synthetic,SYN-003584
APP-00345,VAC-0045,ORG-S3,PER-S-00316,2026-08-11T20:45:00,activa,,synthetic,SYN-003585
APP-00346,VAC-0045,ORG-S3,PER-S-00317,2026-08-18T05:28:00,activa,,synthetic,SYN-003586
APP-00347,VAC-0045,ORG-S3,PER-S-00318,2026-08-13T23:35:00,activa,2,synthetic,SYN-003587
APP-00348,VAC-0045,ORG-S3,PER-S-00319,2026-08-18T19:39:00,activa,11,synthetic,SYN-003588
APP-00349,VAC-0045,ORG-S3,PER-S-00320,2026-08-18T07:09:00,activa,20,synthetic,SYN-003589
APP-00350,VAC-0045,ORG-S3,PER-S-00321,2026-08-18T09:15:00,activa,16,synthetic,SYN-003590
APP-00351,VAC-0045,ORG-S3,PER-S-00322,2026-08-18T22:19:00,activa,12,synthetic,SYN-003591
APP-00352,VAC-0045,ORG-S3,PER-S-00323,2026-08-16T12:38:00,activa,8,synthetic,SYN-003592
APP-00353,VAC-0045,ORG-S3,PER-S-00324,2026-08-12T21:43:00,activa,7,synthetic,SYN-003593
APP-00354,VAC-0045,ORG-S3,PER-S-00067,2026-08-12T08:35:00,activa,7,synthetic,SYN-003594
APP-00355,VAC-0045,ORG-S3,PER-S-00325,2026-08-13T08:50:00,activa,20,synthetic,SYN-003595
APP-00356,VAC-0045,ORG-S3,PER-S-00326,2026-08-13T22:15:00,activa,,synthetic,SYN-003596
APP-00357,VAC-0046,ORG-S1,PER-S-00327,2026-07-06T10:27:00,activa,11,synthetic,SYN-003597
APP-00358,VAC-0046,ORG-S1,PER-S-00328,2026-07-12T00:35:00,activa,3,synthetic,SYN-003598
APP-00359,VAC-0046,ORG-S1,PER-S-00329,2026-07-11T14:15:00,activa,,synthetic,SYN-003599
APP-00360,VAC-0046,ORG-S1,PER-S-00330,2026-06-30T12:31:00,descartada,6,synthetic,SYN-003600
APP-00361,VAC-0046,ORG-S1,PER-S-00331,2026-07-17T22:47:00,activa,18,synthetic,SYN-003601
APP-00362,VAC-0046,ORG-S1,PER-S-00332,2026-07-08T10:57:00,activa,18,synthetic,SYN-003602
APP-00363,VAC-0046,ORG-S1,PER-S-00333,2026-07-06T00:38:00,activa,6,synthetic,SYN-003603
APP-00364,VAC-0047,ORG-S2,PER-S-00334,2026-07-25T23:28:00,activa,8,synthetic,SYN-003604
APP-00365,VAC-0047,ORG-S2,PER-S-00335,2026-07-16T12:10:00,activa,,synthetic,SYN-003605
APP-00366,VAC-0047,ORG-S2,PER-S-00336,2026-07-15T12:44:00,activa,0,synthetic,SYN-003606
APP-00367,VAC-0047,ORG-S2,PER-S-00337,2026-07-22T15:05:00,activa,14,synthetic,SYN-003607
APP-00368,VAC-0047,ORG-S2,PER-S-00338,2026-07-16T12:26:00,activa,11,synthetic,SYN-003608
APP-00369,VAC-0047,ORG-S2,PER-S-00339,2026-07-23T04:32:00,activa,15,synthetic,SYN-003609
APP-00370,VAC-0047,ORG-S2,PER-S-00340,2026-07-24T05:39:00,activa,19,synthetic,SYN-003610
APP-00371,VAC-0047,ORG-S2,PER-S-00341,2026-07-23T07:18:00,activa,15,synthetic,SYN-003611
APP-00372,VAC-0047,ORG-S2,PER-S-00342,2026-07-27T23:21:00,activa,11,synthetic,SYN-003612
APP-00373,VAC-0047,ORG-S2,PER-S-00343,2026-07-23T01:57:00,activa,5,synthetic,SYN-003613
APP-00374,VAC-0047,ORG-S2,PER-S-00344,2026-07-25T04:52:00,activa,10,synthetic,SYN-003614
APP-00375,VAC-0047,ORG-S2,PER-S-00345,2026-07-26T13:15:00,activa,13,synthetic,SYN-003615
APP-00376,VAC-0048,ORG-S3,PER-S-00029,2026-03-20T06:50:00,activa,11,synthetic,SYN-003616
APP-00377,VAC-0048,ORG-S3,PER-S-00346,2026-03-12T21:59:00,activa,11,synthetic,SYN-003617
APP-00378,VAC-0048,ORG-S3,PER-S-00347,2026-03-08T04:40:00,descartada,6,synthetic,SYN-003618
APP-00379,VAC-0048,ORG-S3,PER-S-00348,2026-03-21T17:50:00,activa,0,synthetic,SYN-003619
APP-00380,VAC-0048,ORG-S3,PER-S-00061,2026-03-14T15:28:00,activa,13,synthetic,SYN-003620
APP-00381,VAC-0048,ORG-S3,PER-S-00349,2026-03-14T20:50:00,activa,1,synthetic,SYN-003621
APP-00382,VAC-0048,ORG-S3,PER-S-00350,2026-03-22T21:23:00,activa,,synthetic,SYN-003622
APP-00383,VAC-0049,ORG-S1,PER-S-00351,2026-02-13T19:56:00,activa,12,synthetic,SYN-003623
APP-00384,VAC-0049,ORG-S1,PER-S-00352,2026-02-14T06:43:00,activa,12,synthetic,SYN-003624
APP-00385,VAC-0049,ORG-S1,PER-S-00353,2026-02-11T20:50:00,activa,8,synthetic,SYN-003625
APP-00386,VAC-0049,ORG-S1,PER-S-00354,2026-02-23T15:27:00,activa,1,synthetic,SYN-003626
APP-00387,VAC-0049,ORG-S1,PER-S-00355,2026-02-11T01:27:00,descartada,4,synthetic,SYN-003627
APP-00388,VAC-0049,ORG-S1,PER-S-00356,2026-02-25T09:27:00,activa,16,synthetic,SYN-003628
APP-00389,VAC-0049,ORG-S1,PER-S-00357,2026-02-15T11:17:00,activa,11,synthetic,SYN-003629
APP-00390,VAC-0049,ORG-S1,PER-S-00358,2026-02-20T18:22:00,activa,2,synthetic,SYN-003630
APP-00391,VAC-0050,ORG-S2,PER-S-00359,2026-04-25T03:57:00,activa,11,synthetic,SYN-003631
APP-00392,VAC-0050,ORG-S2,PER-S-00334,2026-04-18T19:18:00,activa,5,synthetic,SYN-003632
APP-00393,VAC-0050,ORG-S2,PER-S-00360,2026-04-25T22:45:00,descartada,6,synthetic,SYN-003633
APP-00394,VAC-0050,ORG-S2,PER-S-00361,2026-04-09T23:40:00,activa,3,synthetic,SYN-003634
APP-00395,VAC-0050,ORG-S2,PER-S-00362,2026-04-13T02:38:00,activa,2,synthetic,SYN-003635
APP-00396,VAC-0050,ORG-S2,PER-S-00363,2026-04-10T08:10:00,activa,9,synthetic,SYN-003636
APP-00397,VAC-0050,ORG-S2,PER-S-00364,2026-04-24T23:38:00,activa,4,synthetic,SYN-003637
APP-00398,VAC-0050,ORG-S2,PER-S-00365,2026-04-10T20:17:00,activa,,synthetic,SYN-003638
APP-00399,VAC-0050,ORG-S2,PER-S-00366,2026-04-11T11:09:00,activa,11,synthetic,SYN-003639
APP-00400,VAC-0050,ORG-S2,PER-S-00297,2026-04-20T09:51:00,descartada,20,synthetic,SYN-003640
APP-00401,VAC-0050,ORG-S2,PER-S-00367,2026-04-16T03:25:00,activa,,synthetic,SYN-003641
APP-00402,VAC-0050,ORG-S2,PER-S-00368,2026-04-25T05:29:00,activa,,synthetic,SYN-003642
APP-00403,VAC-0051,ORG-S3,PER-S-00369,2026-03-16T03:39:00,descartada,17,synthetic,SYN-003643
APP-00404,VAC-0051,ORG-S3,PER-S-00370,2026-03-16T14:29:00,activa,2,synthetic,SYN-003644
APP-00405,VAC-0051,ORG-S3,PER-S-00371,2026-03-16T03:14:00,activa,15,synthetic,SYN-003645
APP-00406,VAC-0052,ORG-S1,PER-S-00372,2026-05-30T04:15:00,activa,7,synthetic,SYN-003646
APP-00407,VAC-0052,ORG-S1,PER-S-00373,2026-06-03T03:31:00,activa,11,synthetic,SYN-003647
APP-00408,VAC-0052,ORG-S1,PER-S-00374,2026-06-02T09:26:00,activa,,synthetic,SYN-003648
APP-00409,VAC-0052,ORG-S1,PER-S-00375,2026-05-31T05:41:00,activa,3,synthetic,SYN-003649
APP-00410,VAC-0052,ORG-S1,PER-S-00376,2026-05-26T22:04:00,activa,,synthetic,SYN-003650
APP-00411,VAC-0052,ORG-S1,PER-S-00377,2026-05-25T09:31:00,activa,12,synthetic,SYN-003651
APP-00412,VAC-0052,ORG-S1,PER-S-00378,2026-06-04T16:28:00,activa,7,synthetic,SYN-003652
APP-00413,VAC-0052,ORG-S1,PER-S-00379,2026-05-27T11:50:00,activa,17,synthetic,SYN-003653
APP-00414,VAC-0052,ORG-S1,PER-S-00380,2026-05-31T21:05:00,activa,10,synthetic,SYN-003654
APP-00415,VAC-0052,ORG-S1,PER-S-00381,2026-06-05T20:55:00,activa,15,synthetic,SYN-003655
APP-00416,VAC-0052,ORG-S1,PER-S-00382,2026-05-23T11:59:00,descartada,9,synthetic,SYN-003656
APP-00417,VAC-0052,ORG-S1,PER-S-00383,2026-05-25T14:37:00,activa,10,synthetic,SYN-003657
APP-00418,VAC-0053,ORG-S2,PER-S-00384,2026-05-04T04:41:00,activa,0,synthetic,SYN-003658
APP-00419,VAC-0053,ORG-S2,PER-S-00385,2026-05-02T18:01:00,descartada,17,synthetic,SYN-003659
APP-00420,VAC-0053,ORG-S2,PER-S-00386,2026-05-03T13:47:00,activa,11,synthetic,SYN-003660
APP-00421,VAC-0053,ORG-S2,PER-S-00387,2026-04-29T12:36:00,activa,6,synthetic,SYN-003661
APP-00422,VAC-0053,ORG-S2,PER-S-00388,2026-04-28T20:36:00,activa,10,synthetic,SYN-003662
APP-00423,VAC-0053,ORG-S2,PER-S-00389,2026-04-28T02:42:00,activa,10,synthetic,SYN-003663
APP-00424,VAC-0053,ORG-S2,PER-S-00390,2026-05-02T19:40:00,descartada,15,synthetic,SYN-003664
APP-00425,VAC-0053,ORG-S2,PER-S-00391,2026-04-26T09:44:00,activa,9,synthetic,SYN-003665
APP-00426,VAC-0053,ORG-S2,PER-S-00179,2026-05-02T10:08:00,activa,3,synthetic,SYN-003666
APP-00427,VAC-0053,ORG-S2,PER-S-00392,2026-05-01T06:48:00,activa,,synthetic,SYN-003667
APP-00428,VAC-0053,ORG-S2,PER-S-00393,2026-04-28T13:53:00,activa,19,synthetic,SYN-003668
APP-00429,VAC-0053,ORG-S2,PER-S-00394,2026-04-28T03:32:00,activa,1,synthetic,SYN-003669
APP-00430,VAC-0053,ORG-S2,PER-S-00395,2026-05-02T15:07:00,activa,0,synthetic,SYN-003670
APP-00431,VAC-0053,ORG-S2,PER-S-00396,2026-04-27T08:53:00,descartada,12,synthetic,SYN-003671
APP-00432,VAC-0054,ORG-S3,PER-S-00397,2026-04-17T02:22:00,activa,1,synthetic,SYN-003672
APP-00433,VAC-0054,ORG-S3,PER-S-00398,2026-04-07T06:53:00,activa,,synthetic,SYN-003673
APP-00434,VAC-0054,ORG-S3,PER-S-00399,2026-04-17T03:51:00,activa,20,synthetic,SYN-003674
APP-00435,VAC-0054,ORG-S3,PER-S-00400,2026-04-04T00:21:00,activa,17,synthetic,SYN-003675
APP-00436,VAC-0054,ORG-S3,PER-S-00401,2026-04-19T09:22:00,activa,14,synthetic,SYN-003676
APP-00437,VAC-0054,ORG-S3,PER-S-00402,2026-04-04T17:31:00,activa,10,synthetic,SYN-003677
APP-00438,VAC-0055,ORG-S1,PER-S-00312,2026-06-10T06:52:00,activa,15,synthetic,SYN-003678
APP-00439,VAC-0055,ORG-S1,PER-S-00403,2026-06-11T19:36:00,descartada,11,synthetic,SYN-003679
APP-00440,VAC-0055,ORG-S1,PER-S-00404,2026-06-16T02:44:00,activa,15,synthetic,SYN-003680
APP-00441,VAC-0055,ORG-S1,PER-S-00126,2026-06-05T13:12:00,activa,0,synthetic,SYN-003681
APP-00442,VAC-0055,ORG-S1,PER-S-00405,2026-06-21T10:41:00,activa,3,synthetic,SYN-003682
APP-00443,VAC-0055,ORG-S1,PER-S-00406,2026-06-17T04:38:00,activa,12,synthetic,SYN-003683
APP-00444,VAC-0055,ORG-S1,PER-S-00407,2026-06-19T08:05:00,activa,3,synthetic,SYN-003684
APP-00445,VAC-0055,ORG-S1,PER-S-00408,2026-06-20T17:50:00,activa,15,synthetic,SYN-003685
APP-00446,VAC-0056,ORG-S2,PER-S-00288,2026-06-20T18:44:00,activa,11,synthetic,SYN-003686
APP-00447,VAC-0056,ORG-S2,PER-S-00409,2026-06-29T01:08:00,activa,8,synthetic,SYN-003687
APP-00448,VAC-0056,ORG-S2,PER-S-00410,2026-06-12T06:51:00,activa,1,synthetic,SYN-003688
APP-00449,VAC-0056,ORG-S2,PER-S-00411,2026-06-14T18:01:00,descartada,14,synthetic,SYN-003689
APP-00450,VAC-0056,ORG-S2,PER-S-00412,2026-06-19T03:12:00,activa,8,synthetic,SYN-003690
APP-00451,VAC-0056,ORG-S2,PER-S-00413,2026-06-14T04:20:00,descartada,19,synthetic,SYN-003691
APP-00452,VAC-0056,ORG-S2,PER-S-00414,2026-06-26T18:41:00,activa,0,synthetic,SYN-003692
APP-00453,VAC-0056,ORG-S2,PER-S-00415,2026-06-27T23:17:00,activa,19,synthetic,SYN-003693
APP-00454,VAC-0056,ORG-S2,PER-S-00416,2026-06-18T15:53:00,activa,6,synthetic,SYN-003694
APP-00455,VAC-0056,ORG-S2,PER-S-00417,2026-06-25T08:39:00,activa,8,synthetic,SYN-003695
APP-00456,VAC-0056,ORG-S2,PER-S-00418,2026-06-23T01:02:00,activa,6,synthetic,SYN-003696
APP-00457,VAC-0056,ORG-S2,PER-S-00419,2026-06-30T14:02:00,activa,15,synthetic,SYN-003697
APP-00458,VAC-0056,ORG-S2,PER-S-00420,2026-06-27T14:50:00,activa,,synthetic,SYN-003698
APP-00459,VAC-0057,ORG-S3,PER-S-00421,2026-05-22T17:11:00,activa,13,synthetic,SYN-003699
APP-00460,VAC-0057,ORG-S3,PER-S-00422,2026-06-01T07:40:00,activa,5,synthetic,SYN-003700
APP-00461,VAC-0057,ORG-S3,PER-S-00423,2026-05-29T18:28:00,activa,,synthetic,SYN-003701
APP-00462,VAC-0057,ORG-S3,PER-S-00424,2026-05-28T04:20:00,activa,9,synthetic,SYN-003702
APP-00463,VAC-0057,ORG-S3,PER-S-00425,2026-05-23T16:11:00,activa,,synthetic,SYN-003703
APP-00464,VAC-0057,ORG-S3,PER-S-00426,2026-05-23T22:35:00,activa,10,synthetic,SYN-003704
APP-00465,VAC-0057,ORG-S3,PER-S-00427,2026-05-24T01:36:00,activa,11,synthetic,SYN-003705
APP-00466,VAC-0058,ORG-S1,PER-S-00428,2026-05-05T13:05:00,activa,16,synthetic,SYN-003706
APP-00467,VAC-0058,ORG-S1,PER-S-00429,2026-05-13T12:29:00,activa,10,synthetic,SYN-003707
APP-00468,VAC-0058,ORG-S1,PER-S-00430,2026-05-11T17:55:00,activa,0,synthetic,SYN-003708
APP-00469,VAC-0058,ORG-S1,PER-S-00431,2026-05-06T01:04:00,activa,5,synthetic,SYN-003709
APP-00470,VAC-0058,ORG-S1,PER-S-00432,2026-05-11T17:46:00,activa,18,synthetic,SYN-003710
APP-00471,VAC-0058,ORG-S1,PER-S-00433,2026-04-28T17:00:00,activa,11,synthetic,SYN-003711
APP-00472,VAC-0058,ORG-S1,PER-S-00434,2026-04-28T16:00:00,activa,0,synthetic,SYN-003712
APP-00473,VAC-0058,ORG-S1,PER-S-00435,2026-04-29T14:48:00,activa,19,synthetic,SYN-003713
APP-00474,VAC-0058,ORG-S1,PER-S-00436,2026-05-08T01:26:00,activa,14,synthetic,SYN-003714
APP-00475,VAC-0059,ORG-S2,PER-S-00437,2026-03-25T20:37:00,activa,12,synthetic,SYN-003715
APP-00476,VAC-0059,ORG-S2,PER-S-00438,2026-03-30T10:46:00,descartada,11,synthetic,SYN-003716
APP-00477,VAC-0059,ORG-S2,PER-S-00439,2026-03-29T04:36:00,activa,10,synthetic,SYN-003717
APP-00478,VAC-0059,ORG-S2,PER-S-00440,2026-03-27T16:38:00,descartada,16,synthetic,SYN-003718
APP-00479,VAC-0059,ORG-S2,PER-S-00441,2026-03-29T17:10:00,activa,11,synthetic,SYN-003719
APP-00480,VAC-0059,ORG-S2,PER-S-00442,2026-03-31T02:30:00,activa,,synthetic,SYN-003720
APP-00481,VAC-0059,ORG-S2,PER-S-00443,2026-03-31T09:07:00,activa,7,synthetic,SYN-003721
APP-00482,VAC-0059,ORG-S2,PER-S-00444,2026-03-26T01:34:00,activa,17,synthetic,SYN-003722
APP-00483,VAC-0059,ORG-S2,PER-S-00445,2026-03-31T17:54:00,activa,4,synthetic,SYN-003723
APP-00484,VAC-0059,ORG-S2,PER-S-00446,2026-03-27T21:11:00,activa,20,synthetic,SYN-003724
APP-00485,VAC-0060,ORG-S3,PER-S-00447,2026-03-09T00:51:00,activa,11,synthetic,SYN-003725
APP-00486,VAC-0060,ORG-S3,PER-S-00263,2026-03-10T01:33:00,activa,15,synthetic,SYN-003726
APP-00487,VAC-0060,ORG-S3,PER-S-00448,2026-03-07T16:08:00,activa,20,synthetic,SYN-003727
APP-00488,VAC-0060,ORG-S3,PER-S-00449,2026-03-04T15:10:00,activa,,synthetic,SYN-003728
APP-00489,VAC-0060,ORG-S3,PER-S-00450,2026-03-08T17:06:00,activa,3,synthetic,SYN-003729
APP-00490,VAC-0060,ORG-S3,PER-S-00451,2026-03-07T08:56:00,activa,20,synthetic,SYN-003730
APP-00491,VAC-0060,ORG-S3,PER-S-00452,2026-03-03T21:35:00,activa,,synthetic,SYN-003731
APP-00492,VAC-0060,ORG-S3,PER-S-00453,2026-03-05T07:24:00,activa,12,synthetic,SYN-003732
APP-00493,VAC-0061,ORG-S1,PER-S-00454,2026-06-18T19:54:00,activa,5,synthetic,SYN-003733
APP-00494,VAC-0061,ORG-S1,PER-S-00455,2026-06-16T07:17:00,descartada,10,synthetic,SYN-003734
APP-00495,VAC-0061,ORG-S1,PER-S-00456,2026-06-15T02:14:00,activa,,synthetic,SYN-003735
APP-00496,VAC-0061,ORG-S1,PER-S-00457,2026-06-14T17:42:00,activa,14,synthetic,SYN-003736
APP-00497,VAC-0061,ORG-S1,PER-S-00458,2026-06-18T19:49:00,activa,10,synthetic,SYN-003737
APP-00498,VAC-0061,ORG-S1,PER-S-00459,2026-06-13T17:42:00,activa,2,synthetic,SYN-003738
APP-00499,VAC-0061,ORG-S1,PER-S-00460,2026-06-13T20:30:00,activa,9,synthetic,SYN-003739
APP-00500,VAC-0062,ORG-S2,PER-S-00461,2026-06-26T01:51:00,activa,8,synthetic,SYN-003740
APP-00501,VAC-0062,ORG-S2,PER-S-00462,2026-07-07T01:24:00,activa,12,synthetic,SYN-003741
APP-00502,VAC-0062,ORG-S2,PER-S-00463,2026-06-22T08:41:00,activa,4,synthetic,SYN-003742
APP-00503,VAC-0062,ORG-S2,PER-S-00464,2026-07-02T21:11:00,activa,15,synthetic,SYN-003743
APP-00504,VAC-0062,ORG-S2,PER-S-00465,2026-06-23T20:22:00,activa,18,synthetic,SYN-003744
APP-00505,VAC-0062,ORG-S2,PER-S-00244,2026-06-27T19:56:00,activa,8,synthetic,SYN-003745
APP-00506,VAC-0062,ORG-S2,PER-S-00466,2026-06-29T00:48:00,activa,19,synthetic,SYN-003746
APP-00507,VAC-0063,ORG-S3,PER-S-00467,2026-03-24T04:24:00,descartada,,synthetic,SYN-003747
APP-00508,VAC-0063,ORG-S3,PER-S-00468,2026-03-25T05:47:00,activa,16,synthetic,SYN-003748
APP-00509,VAC-0063,ORG-S3,PER-S-00469,2026-03-14T10:26:00,descartada,20,synthetic,SYN-003749
APP-00510,VAC-0063,ORG-S3,PER-S-00470,2026-03-25T19:59:00,activa,,synthetic,SYN-003750
APP-00511,VAC-0063,ORG-S3,PER-S-00471,2026-03-25T23:19:00,descartada,3,synthetic,SYN-003751
APP-00512,VAC-0063,ORG-S3,PER-S-00472,2026-03-28T12:23:00,activa,5,synthetic,SYN-003752
APP-00513,VAC-0063,ORG-S3,PER-S-00473,2026-03-24T00:14:00,descartada,15,synthetic,SYN-003753
APP-00514,VAC-0063,ORG-S3,PER-S-00474,2026-03-26T16:22:00,activa,19,synthetic,SYN-003754
APP-00515,VAC-0063,ORG-S3,PER-S-00475,2026-03-24T21:41:00,activa,11,synthetic,SYN-003755
APP-00516,VAC-0063,ORG-S3,PER-S-00476,2026-03-14T21:43:00,activa,9,synthetic,SYN-003756
APP-00517,VAC-0063,ORG-S3,PER-S-00477,2026-03-26T17:28:00,descartada,0,synthetic,SYN-003757
APP-00518,VAC-0063,ORG-S3,PER-S-00478,2026-03-18T14:12:00,activa,,synthetic,SYN-003758
APP-00519,VAC-0063,ORG-S3,PER-S-00479,2026-03-14T21:39:00,activa,12,synthetic,SYN-003759
APP-00520,VAC-0063,ORG-S3,PER-S-00480,2026-03-23T16:36:00,activa,12,synthetic,SYN-003760
APP-00521,VAC-0064,ORG-S1,PER-S-00481,2026-03-09T12:47:00,activa,18,synthetic,SYN-003761
APP-00522,VAC-0064,ORG-S1,PER-S-00482,2026-03-25T12:47:00,activa,1,synthetic,SYN-003762
APP-00523,VAC-0064,ORG-S1,PER-S-00483,2026-03-16T11:53:00,activa,20,synthetic,SYN-003763
APP-00524,VAC-0065,ORG-S2,PER-S-00484,2026-07-04T08:19:00,activa,18,synthetic,SYN-003764
APP-00525,VAC-0065,ORG-S2,PER-S-00485,2026-06-25T09:49:00,activa,4,synthetic,SYN-003765
APP-00526,VAC-0065,ORG-S2,PER-S-00231,2026-07-04T11:17:00,activa,15,synthetic,SYN-003766
APP-00527,VAC-0065,ORG-S2,PER-S-00486,2026-07-02T13:34:00,activa,2,synthetic,SYN-003767
APP-00528,VAC-0065,ORG-S2,PER-S-00487,2026-06-26T11:35:00,activa,7,synthetic,SYN-003768
APP-00529,VAC-0065,ORG-S2,PER-S-00146,2026-07-01T04:01:00,activa,11,synthetic,SYN-003769
APP-00530,VAC-0065,ORG-S2,PER-S-00488,2026-06-27T09:57:00,activa,12,synthetic,SYN-003770
APP-00531,VAC-0065,ORG-S2,PER-S-00489,2026-06-17T04:13:00,activa,10,synthetic,SYN-003771
APP-00532,VAC-0065,ORG-S2,PER-S-00175,2026-06-22T16:30:00,activa,7,synthetic,SYN-003772
APP-00533,VAC-0065,ORG-S2,PER-S-00490,2026-06-26T14:49:00,activa,15,synthetic,SYN-003773
APP-00534,VAC-0065,ORG-S2,PER-S-00491,2026-06-28T15:23:00,activa,16,synthetic,SYN-003774
APP-00535,VAC-0066,ORG-S3,PER-S-00492,2026-04-10T00:37:00,activa,0,synthetic,SYN-003775
APP-00536,VAC-0066,ORG-S3,PER-S-00190,2026-03-27T14:25:00,activa,17,synthetic,SYN-003776
APP-00537,VAC-0066,ORG-S3,PER-S-00493,2026-04-07T04:27:00,descartada,16,synthetic,SYN-003777
APP-00538,VAC-0066,ORG-S3,PER-S-00494,2026-04-04T09:34:00,activa,6,synthetic,SYN-003778
APP-00539,VAC-0066,ORG-S3,PER-S-00495,2026-04-14T02:27:00,descartada,11,synthetic,SYN-003779
APP-00540,VAC-0066,ORG-S3,PER-S-00496,2026-03-26T18:15:00,activa,17,synthetic,SYN-003780
APP-00541,VAC-0067,ORG-S1,PER-S-00497,2026-07-04T09:32:00,activa,,synthetic,SYN-003781
APP-00542,VAC-0067,ORG-S1,PER-S-00340,2026-07-01T08:22:00,activa,15,synthetic,SYN-003782
APP-00543,VAC-0067,ORG-S1,PER-S-00498,2026-07-06T22:57:00,activa,9,synthetic,SYN-003783
APP-00544,VAC-0067,ORG-S1,PER-S-00499,2026-07-01T18:51:00,activa,8,synthetic,SYN-003784
APP-00545,VAC-0067,ORG-S1,PER-S-00433,2026-06-26T00:48:00,activa,20,synthetic,SYN-003785
APP-00546,VAC-0067,ORG-S1,PER-S-00500,2026-06-25T16:57:00,activa,5,synthetic,SYN-003786
APP-00547,VAC-0067,ORG-S1,PER-S-00501,2026-06-25T13:15:00,activa,15,synthetic,SYN-003787
APP-00548,VAC-0067,ORG-S1,PER-S-00502,2026-06-30T12:50:00,activa,12,synthetic,SYN-003788
APP-00549,VAC-0068,ORG-S2,PER-S-00503,2026-04-13T10:25:00,activa,17,synthetic,SYN-003789
APP-00550,VAC-0068,ORG-S2,PER-S-00504,2026-04-10T18:20:00,descartada,7,synthetic,SYN-003790
APP-00551,VAC-0068,ORG-S2,PER-S-00505,2026-04-21T19:52:00,activa,4,synthetic,SYN-003791
APP-00552,VAC-0069,ORG-S3,PER-S-00506,2026-01-16T14:39:00,descartada,,synthetic,SYN-003792
APP-00553,VAC-0069,ORG-S3,PER-S-00403,2026-01-07T20:57:00,activa,5,synthetic,SYN-003793
APP-00554,VAC-0069,ORG-S3,PER-S-00507,2026-01-18T12:06:00,activa,16,synthetic,SYN-003794
APP-00555,VAC-0069,ORG-S3,PER-S-00508,2026-01-14T06:27:00,activa,11,synthetic,SYN-003795
APP-00556,VAC-0069,ORG-S3,PER-S-00509,2026-01-12T17:35:00,activa,13,synthetic,SYN-003796
APP-00557,VAC-0070,ORG-S1,PER-S-00510,2026-04-08T03:42:00,activa,14,synthetic,SYN-003797
APP-00558,VAC-0070,ORG-S1,PER-S-00511,2026-04-09T00:49:00,activa,1,synthetic,SYN-003798
APP-00559,VAC-0070,ORG-S1,PER-S-00512,2026-04-14T23:37:00,activa,,synthetic,SYN-003799
APP-00560,VAC-0070,ORG-S1,PER-S-00513,2026-04-02T10:02:00,activa,8,synthetic,SYN-003800
APP-00561,VAC-0070,ORG-S1,PER-S-00514,2026-04-12T04:59:00,activa,19,synthetic,SYN-003801
APP-00562,VAC-0070,ORG-S1,PER-S-00301,2026-04-11T18:17:00,activa,12,synthetic,SYN-003802
APP-00563,VAC-0070,ORG-S1,PER-S-00515,2026-04-09T13:54:00,activa,,synthetic,SYN-003803
APP-00564,VAC-0070,ORG-S1,PER-S-00516,2026-04-21T03:57:00,activa,9,synthetic,SYN-003804
APP-00565,VAC-0070,ORG-S1,PER-S-00517,2026-04-02T10:11:00,activa,11,synthetic,SYN-003805
APP-00566,VAC-0071,ORG-S2,PER-S-00518,2026-03-08T02:52:00,activa,19,synthetic,SYN-003806
APP-00567,VAC-0071,ORG-S2,PER-S-00519,2026-03-15T11:58:00,activa,17,synthetic,SYN-003807
APP-00568,VAC-0071,ORG-S2,PER-S-00520,2026-03-14T00:34:00,activa,14,synthetic,SYN-003808
APP-00569,VAC-0071,ORG-S2,PER-S-00521,2026-03-16T12:24:00,activa,1,synthetic,SYN-003809
APP-00570,VAC-0071,ORG-S2,PER-S-00522,2026-03-08T11:01:00,activa,11,synthetic,SYN-003810
APP-00571,VAC-0071,ORG-S2,PER-S-00326,2026-03-08T06:04:00,activa,7,synthetic,SYN-003811
APP-00572,VAC-0071,ORG-S2,PER-S-00523,2026-03-07T08:15:00,activa,2,synthetic,SYN-003812
APP-00573,VAC-0071,ORG-S2,PER-S-00524,2026-03-09T05:18:00,activa,7,synthetic,SYN-003813
APP-00574,VAC-0071,ORG-S2,PER-S-00525,2026-03-07T13:58:00,activa,11,synthetic,SYN-003814
APP-00575,VAC-0071,ORG-S2,PER-S-00526,2026-03-07T21:53:00,activa,0,synthetic,SYN-003815
APP-00576,VAC-0071,ORG-S2,PER-S-00527,2026-03-14T20:35:00,descartada,,synthetic,SYN-003816
APP-00577,VAC-0071,ORG-S2,PER-S-00528,2026-03-11T04:54:00,activa,18,synthetic,SYN-003817
APP-00578,VAC-0071,ORG-S2,PER-S-00529,2026-03-09T08:02:00,activa,0,synthetic,SYN-003818
APP-00579,VAC-0072,ORG-S3,PER-S-00530,2026-03-28T05:00:00,activa,,synthetic,SYN-003819
APP-00580,VAC-0072,ORG-S3,PER-S-00012,2026-04-03T05:16:00,activa,,synthetic,SYN-003820
APP-00581,VAC-0072,ORG-S3,PER-S-00531,2026-04-03T20:42:00,activa,10,synthetic,SYN-003821
APP-00582,VAC-0073,ORG-S1,PER-S-00532,2026-04-25T23:12:00,activa,,synthetic,SYN-003822
APP-00583,VAC-0073,ORG-S1,PER-S-00533,2026-04-29T04:06:00,activa,16,synthetic,SYN-003823
APP-00584,VAC-0073,ORG-S1,PER-S-00534,2026-04-29T18:59:00,activa,13,synthetic,SYN-003824
APP-00585,VAC-0073,ORG-S1,PER-S-00535,2026-04-24T18:47:00,activa,13,synthetic,SYN-003825
APP-00586,VAC-0073,ORG-S1,PER-S-00536,2026-04-25T07:07:00,activa,6,synthetic,SYN-003826
APP-00587,VAC-0073,ORG-S1,PER-S-00537,2026-04-27T11:03:00,activa,0,synthetic,SYN-003827
APP-00588,VAC-0073,ORG-S1,PER-S-00538,2026-04-24T22:51:00,activa,16,synthetic,SYN-003828
APP-00589,VAC-0073,ORG-S1,PER-S-00539,2026-04-22T21:06:00,activa,18,synthetic,SYN-003829
APP-00590,VAC-0073,ORG-S1,PER-S-00540,2026-04-29T12:48:00,activa,13,synthetic,SYN-003830
APP-00591,VAC-0074,ORG-S2,PER-S-00060,2026-08-26T12:43:00,activa,0,synthetic,SYN-003831
APP-00592,VAC-0074,ORG-S2,PER-S-00541,2026-08-27T11:57:00,activa,1,synthetic,SYN-003832
APP-00593,VAC-0074,ORG-S2,PER-S-00542,2026-08-23T12:58:00,activa,9,synthetic,SYN-003833
APP-00594,VAC-0074,ORG-S2,PER-S-00543,2026-08-20T16:30:00,activa,5,synthetic,SYN-003834
APP-00595,VAC-0074,ORG-S2,PER-S-00544,2026-08-23T16:35:00,activa,1,synthetic,SYN-003835
APP-00596,VAC-0074,ORG-S2,PER-S-00545,2026-08-25T11:04:00,activa,16,synthetic,SYN-003836
APP-00597,VAC-0074,ORG-S2,PER-S-00546,2026-08-22T08:28:00,descartada,13,synthetic,SYN-003837
APP-00598,VAC-0074,ORG-S2,PER-S-00547,2026-08-28T23:33:00,activa,0,synthetic,SYN-003838
APP-00599,VAC-0074,ORG-S2,PER-S-00548,2026-08-25T21:28:00,activa,17,synthetic,SYN-003839
APP-00600,VAC-0074,ORG-S2,PER-S-00549,2026-08-26T07:02:00,activa,2,synthetic,SYN-003840
APP-00601,VAC-0075,ORG-S3,PER-S-00550,2026-06-14T08:21:00,activa,8,synthetic,SYN-003841
APP-00602,VAC-0075,ORG-S3,PER-S-00551,2026-06-17T22:02:00,activa,14,synthetic,SYN-003842
APP-00603,VAC-0076,ORG-S1,PER-S-00552,2026-07-12T14:56:00,activa,10,synthetic,SYN-003843
APP-00604,VAC-0076,ORG-S1,PER-S-00553,2026-07-11T03:16:00,activa,11,synthetic,SYN-003844
APP-00605,VAC-0076,ORG-S1,PER-S-00554,2026-07-15T16:58:00,activa,8,synthetic,SYN-003845
APP-00606,VAC-0076,ORG-S1,PER-S-00555,2026-07-19T16:15:00,activa,5,synthetic,SYN-003846
APP-00607,VAC-0076,ORG-S1,PER-S-00556,2026-07-08T20:29:00,activa,6,synthetic,SYN-003847
APP-00608,VAC-0076,ORG-S1,PER-S-00557,2026-07-11T02:12:00,activa,,synthetic,SYN-003848
APP-00609,VAC-0076,ORG-S1,PER-S-00558,2026-07-08T20:22:00,activa,15,synthetic,SYN-003849
APP-00610,VAC-0077,ORG-S2,PER-S-00297,2026-08-12T11:56:00,activa,5,synthetic,SYN-003850
APP-00611,VAC-0077,ORG-S2,PER-S-00559,2026-08-13T23:07:00,activa,2,synthetic,SYN-003851
APP-00612,VAC-0078,ORG-S3,PER-S-00560,2026-08-09T20:02:00,activa,6,synthetic,SYN-003852
APP-00613,VAC-0078,ORG-S3,PER-S-00561,2026-08-07T12:43:00,activa,14,synthetic,SYN-003853
APP-00614,VAC-0078,ORG-S3,PER-S-00562,2026-08-22T08:49:00,descartada,4,synthetic,SYN-003854
APP-00615,VAC-0079,ORG-S1,PER-S-00563,2026-02-02T07:54:00,activa,10,synthetic,SYN-003855
APP-00616,VAC-0079,ORG-S1,PER-S-00564,2026-01-19T04:07:00,activa,19,synthetic,SYN-003856
APP-00617,VAC-0079,ORG-S1,PER-S-00565,2026-01-18T13:36:00,activa,1,synthetic,SYN-003857
APP-00618,VAC-0079,ORG-S1,PER-S-00566,2026-01-30T15:21:00,activa,16,synthetic,SYN-003858
APP-00619,VAC-0079,ORG-S1,PER-S-00567,2026-01-22T10:38:00,activa,,synthetic,SYN-003859
APP-00620,VAC-0079,ORG-S1,PER-S-00568,2026-01-31T10:54:00,activa,0,synthetic,SYN-003860
APP-00621,VAC-0079,ORG-S1,PER-S-00569,2026-01-25T18:02:00,activa,13,synthetic,SYN-003861
APP-00622,VAC-0079,ORG-S1,PER-S-00570,2026-01-29T20:06:00,activa,6,synthetic,SYN-003862
APP-00623,VAC-0079,ORG-S1,PER-S-00571,2026-01-22T19:31:00,activa,10,synthetic,SYN-003863
APP-00624,VAC-0079,ORG-S1,PER-S-00572,2026-01-20T23:42:00,activa,10,synthetic,SYN-003864
APP-00625,VAC-0080,ORG-S2,PER-S-00573,2026-03-04T17:24:00,activa,13,synthetic,SYN-003865
APP-00626,VAC-0080,ORG-S2,PER-S-00574,2026-02-19T10:11:00,activa,4,synthetic,SYN-003866
APP-00627,VAC-0080,ORG-S2,PER-S-00575,2026-03-08T04:33:00,activa,16,synthetic,SYN-003867
APP-00628,VAC-0080,ORG-S2,PER-S-00576,2026-03-07T05:50:00,activa,6,synthetic,SYN-003868
APP-00629,VAC-0080,ORG-S2,PER-S-00577,2026-03-04T17:16:00,activa,,synthetic,SYN-003869
APP-00630,VAC-0081,ORG-S3,PER-S-00578,2026-08-11T21:54:00,activa,0,synthetic,SYN-003870
APP-00631,VAC-0081,ORG-S3,PER-S-00579,2026-08-12T12:58:00,activa,9,synthetic,SYN-003871
APP-00632,VAC-0082,ORG-S1,PER-S-00580,2026-06-01T20:04:00,activa,19,synthetic,SYN-003872
APP-00633,VAC-0082,ORG-S1,PER-S-00581,2026-06-01T07:08:00,activa,1,synthetic,SYN-003873
APP-00634,VAC-0082,ORG-S1,PER-S-00582,2026-06-11T19:12:00,activa,6,synthetic,SYN-003874
APP-00635,VAC-0082,ORG-S1,PER-S-00583,2026-06-15T03:31:00,activa,18,synthetic,SYN-003875
APP-00636,VAC-0082,ORG-S1,PER-S-00068,2026-06-12T08:13:00,activa,12,synthetic,SYN-003876
APP-00637,VAC-0083,ORG-S2,PER-S-00584,2026-03-23T01:39:00,activa,19,synthetic,SYN-003877
APP-00638,VAC-0083,ORG-S2,PER-S-00585,2026-03-26T12:39:00,activa,4,synthetic,SYN-003878
APP-00639,VAC-0083,ORG-S2,PER-S-00586,2026-03-22T11:57:00,activa,12,synthetic,SYN-003879
APP-00640,VAC-0083,ORG-S2,PER-S-00587,2026-03-21T11:14:00,activa,0,synthetic,SYN-003880
APP-00641,VAC-0083,ORG-S2,PER-S-00588,2026-03-19T02:53:00,activa,14,synthetic,SYN-003881
APP-00642,VAC-0083,ORG-S2,PER-S-00589,2026-03-19T08:41:00,activa,0,synthetic,SYN-003882
APP-00643,VAC-0083,ORG-S2,PER-S-00590,2026-03-17T01:17:00,activa,4,synthetic,SYN-003883
APP-00644,VAC-0083,ORG-S2,PER-S-00591,2026-03-19T03:56:00,activa,10,synthetic,SYN-003884
APP-00645,VAC-0083,ORG-S2,PER-S-00592,2026-03-21T09:46:00,activa,1,synthetic,SYN-003885
APP-00646,VAC-0083,ORG-S2,PER-S-00593,2026-03-25T01:17:00,activa,16,synthetic,SYN-003886
APP-00647,VAC-0083,ORG-S2,PER-S-00383,2026-03-18T13:27:00,activa,4,synthetic,SYN-003887
APP-00648,VAC-0083,ORG-S2,PER-S-00594,2026-03-22T20:05:00,activa,16,synthetic,SYN-003888
APP-00649,VAC-0083,ORG-S2,PER-S-00595,2026-03-12T13:16:00,activa,7,synthetic,SYN-003889
APP-00650,VAC-0083,ORG-S2,PER-S-00596,2026-03-26T19:46:00,activa,3,synthetic,SYN-003890
APP-00651,VAC-0084,ORG-S3,PER-S-00597,2026-06-06T01:24:00,activa,,synthetic,SYN-003891
APP-00652,VAC-0084,ORG-S3,PER-S-00598,2026-06-08T04:13:00,activa,10,synthetic,SYN-003892
APP-00653,VAC-0084,ORG-S3,PER-S-00599,2026-06-16T22:40:00,activa,,synthetic,SYN-003893
APP-00654,VAC-0084,ORG-S3,PER-S-00600,2026-06-09T00:37:00,activa,12,synthetic,SYN-003894
APP-00655,VAC-0084,ORG-S3,PER-S-00601,2026-06-11T12:08:00,activa,17,synthetic,SYN-003895
APP-00656,VAC-0084,ORG-S3,PER-S-00602,2026-06-02T02:41:00,descartada,3,synthetic,SYN-003896
APP-00657,VAC-0084,ORG-S3,PER-S-00603,2026-06-12T22:13:00,descartada,2,synthetic,SYN-003897
APP-00658,VAC-0084,ORG-S3,PER-S-00604,2026-06-07T09:21:00,activa,12,synthetic,SYN-003898
APP-00659,VAC-0084,ORG-S3,PER-S-00605,2026-06-17T06:52:00,activa,0,synthetic,SYN-003899
APP-00660,VAC-0084,ORG-S3,PER-S-00606,2026-06-02T08:39:00,activa,11,synthetic,SYN-003900
APP-00661,VAC-0085,ORG-S1,PER-S-00607,2026-02-18T05:18:00,activa,0,synthetic,SYN-003901
APP-00662,VAC-0085,ORG-S1,PER-S-00608,2026-02-20T04:22:00,activa,16,synthetic,SYN-003902
APP-00663,VAC-0085,ORG-S1,PER-S-00609,2026-02-22T10:28:00,activa,1,synthetic,SYN-003903
APP-00664,VAC-0085,ORG-S1,PER-S-00109,2026-02-17T00:19:00,activa,,synthetic,SYN-003904
APP-00665,VAC-0085,ORG-S1,PER-S-00610,2026-02-19T19:05:00,activa,4,synthetic,SYN-003905
APP-00666,VAC-0085,ORG-S1,PER-S-00611,2026-02-16T14:51:00,activa,5,synthetic,SYN-003906
APP-00667,VAC-0085,ORG-S1,PER-S-00612,2026-02-17T08:14:00,activa,4,synthetic,SYN-003907
APP-00668,VAC-0085,ORG-S1,PER-S-00553,2026-02-21T19:17:00,activa,2,synthetic,SYN-003908
APP-00669,VAC-0085,ORG-S1,PER-S-00326,2026-02-20T11:06:00,descartada,4,synthetic,SYN-003909
APP-00670,VAC-0086,ORG-S2,PER-S-00613,2026-05-20T02:03:00,activa,12,synthetic,SYN-003910
APP-00671,VAC-0086,ORG-S2,PER-S-00614,2026-05-24T16:48:00,activa,20,synthetic,SYN-003911
APP-00672,VAC-0086,ORG-S2,PER-S-00615,2026-05-27T02:23:00,activa,17,synthetic,SYN-003912
APP-00673,VAC-0087,ORG-S3,PER-S-00616,2026-03-18T05:39:00,activa,14,synthetic,SYN-003913
APP-00674,VAC-0087,ORG-S3,PER-S-00282,2026-03-11T00:02:00,descartada,20,synthetic,SYN-003914
APP-00675,VAC-0087,ORG-S3,PER-S-00617,2026-03-13T04:49:00,activa,4,synthetic,SYN-003915
APP-00676,VAC-0087,ORG-S3,PER-S-00618,2026-03-12T12:59:00,activa,0,synthetic,SYN-003916
APP-00677,VAC-0087,ORG-S3,PER-S-00619,2026-03-17T21:18:00,activa,15,synthetic,SYN-003917
APP-00678,VAC-0088,ORG-S1,PER-S-00620,2026-01-13T09:39:00,activa,2,synthetic,SYN-003918
APP-00679,VAC-0088,ORG-S1,PER-S-00621,2026-01-10T13:46:00,activa,3,synthetic,SYN-003919
APP-00680,VAC-0088,ORG-S1,PER-S-00622,2026-01-07T05:16:00,activa,20,synthetic,SYN-003920
APP-00681,VAC-0088,ORG-S1,PER-S-00623,2026-01-07T23:50:00,activa,5,synthetic,SYN-003921
APP-00682,VAC-0088,ORG-S1,PER-S-00624,2026-01-09T12:32:00,activa,9,synthetic,SYN-003922
APP-00683,VAC-0088,ORG-S1,PER-S-00625,2026-01-10T13:09:00,activa,7,synthetic,SYN-003923
APP-00684,VAC-0088,ORG-S1,PER-S-00626,2026-01-08T02:39:00,activa,15,synthetic,SYN-003924
APP-00685,VAC-0088,ORG-S1,PER-S-00627,2026-01-13T04:26:00,activa,20,synthetic,SYN-003925
APP-00686,VAC-0089,ORG-S2,PER-S-00628,2026-02-16T01:59:00,activa,19,synthetic,SYN-003926
APP-00687,VAC-0089,ORG-S2,PER-S-00629,2026-02-13T05:24:00,activa,0,synthetic,SYN-003927
APP-00688,VAC-0089,ORG-S2,PER-S-00630,2026-02-18T02:07:00,activa,,synthetic,SYN-003928
APP-00689,VAC-0089,ORG-S2,PER-S-00631,2026-02-15T01:02:00,activa,20,synthetic,SYN-003929
APP-00690,VAC-0089,ORG-S2,PER-S-00632,2026-02-16T02:08:00,activa,,synthetic,SYN-003930
APP-00691,VAC-0089,ORG-S2,PER-S-00633,2026-02-14T00:47:00,descartada,13,synthetic,SYN-003931
APP-00692,VAC-0089,ORG-S2,PER-S-00056,2026-02-20T02:02:00,descartada,5,synthetic,SYN-003932
APP-00693,VAC-0089,ORG-S2,PER-S-00634,2026-02-18T07:32:00,activa,1,synthetic,SYN-003933
APP-00694,VAC-0090,ORG-S3,PER-S-00635,2026-07-17T20:54:00,activa,17,synthetic,SYN-003934
APP-00695,VAC-0090,ORG-S3,PER-S-00636,2026-07-16T04:00:00,activa,20,synthetic,SYN-003935
APP-00696,VAC-0090,ORG-S3,PER-S-00551,2026-07-13T21:42:00,activa,18,synthetic,SYN-003936
APP-00697,VAC-0090,ORG-S3,PER-S-00637,2026-07-17T03:00:00,descartada,2,synthetic,SYN-003937
APP-00698,VAC-0090,ORG-S3,PER-S-00638,2026-07-16T19:08:00,activa,3,synthetic,SYN-003938
APP-00699,VAC-0090,ORG-S3,PER-S-00639,2026-07-07T08:19:00,activa,18,synthetic,SYN-003939
APP-00700,VAC-0090,ORG-S3,PER-S-00640,2026-07-05T10:57:00,activa,9,synthetic,SYN-003940
APP-00701,VAC-0090,ORG-S3,PER-S-00641,2026-07-15T09:44:00,descartada,6,synthetic,SYN-003941
APP-00702,VAC-0091,ORG-S1,PER-S-00642,2026-01-25T03:32:00,activa,,synthetic,SYN-003942
APP-00703,VAC-0091,ORG-S1,PER-S-00643,2026-01-28T10:26:00,activa,19,synthetic,SYN-003943
APP-00704,VAC-0091,ORG-S1,PER-S-00644,2026-01-29T18:44:00,activa,,synthetic,SYN-003944
APP-00705,VAC-0091,ORG-S1,PER-S-00645,2026-01-27T07:36:00,activa,16,synthetic,SYN-003945
APP-00706,VAC-0091,ORG-S1,PER-S-00646,2026-02-02T20:28:00,activa,0,synthetic,SYN-003946
APP-00707,VAC-0091,ORG-S1,PER-S-00647,2026-02-05T02:29:00,activa,,synthetic,SYN-003947
APP-00708,VAC-0091,ORG-S1,PER-S-00648,2026-02-02T19:32:00,descartada,12,synthetic,SYN-003948
APP-00709,VAC-0091,ORG-S1,PER-S-00649,2026-02-02T08:45:00,descartada,10,synthetic,SYN-003949
APP-00710,VAC-0091,ORG-S1,PER-S-00650,2026-01-31T07:19:00,activa,,synthetic,SYN-003950
APP-00711,VAC-0091,ORG-S1,PER-S-00651,2026-02-05T19:18:00,activa,13,synthetic,SYN-003951
APP-00712,VAC-0091,ORG-S1,PER-S-00584,2026-02-01T10:43:00,activa,3,synthetic,SYN-003952
APP-00713,VAC-0091,ORG-S1,PER-S-00652,2026-02-02T19:17:00,activa,15,synthetic,SYN-003953
APP-00714,VAC-0091,ORG-S1,PER-S-00359,2026-01-28T06:40:00,activa,0,synthetic,SYN-003954
APP-00715,VAC-0092,ORG-S2,PER-S-00653,2026-07-08T17:14:00,activa,10,synthetic,SYN-003955
APP-00716,VAC-0092,ORG-S2,PER-S-00373,2026-07-08T16:37:00,activa,13,synthetic,SYN-003956
APP-00717,VAC-0092,ORG-S2,PER-S-00654,2026-07-10T04:31:00,activa,6,synthetic,SYN-003957
APP-00718,VAC-0093,ORG-S3,PER-S-00655,2026-07-28T15:09:00,activa,12,synthetic,SYN-003958
APP-00719,VAC-0093,ORG-S3,PER-S-00656,2026-07-22T03:17:00,activa,5,synthetic,SYN-003959
APP-00720,VAC-0093,ORG-S3,PER-S-00657,2026-07-23T10:19:00,activa,0,synthetic,SYN-003960
APP-00721,VAC-0094,ORG-S1,PER-S-00658,2026-07-12T10:39:00,activa,0,synthetic,SYN-003961
APP-00722,VAC-0094,ORG-S1,PER-S-00659,2026-07-06T19:27:00,activa,18,synthetic,SYN-003962
APP-00723,VAC-0094,ORG-S1,PER-S-00660,2026-07-09T17:11:00,activa,16,synthetic,SYN-003963
APP-00724,VAC-0094,ORG-S1,PER-S-00661,2026-06-25T20:23:00,activa,14,synthetic,SYN-003964
APP-00725,VAC-0094,ORG-S1,PER-S-00177,2026-07-09T06:12:00,activa,0,synthetic,SYN-003965
APP-00726,VAC-0094,ORG-S1,PER-S-00662,2026-07-11T05:30:00,activa,6,synthetic,SYN-003966
APP-00727,VAC-0094,ORG-S1,PER-S-00663,2026-07-10T11:57:00,activa,9,synthetic,SYN-003967
APP-00728,VAC-0094,ORG-S1,PER-S-00664,2026-07-08T22:16:00,activa,6,synthetic,SYN-003968
APP-00729,VAC-0094,ORG-S1,PER-S-00665,2026-06-30T01:34:00,descartada,3,synthetic,SYN-003969
APP-00730,VAC-0094,ORG-S1,PER-S-00666,2026-06-30T12:11:00,activa,11,synthetic,SYN-003970
APP-00731,VAC-0094,ORG-S1,PER-S-00667,2026-06-30T18:08:00,activa,18,synthetic,SYN-003971
APP-00732,VAC-0094,ORG-S1,PER-S-00668,2026-07-03T21:19:00,activa,7,synthetic,SYN-003972
APP-00733,VAC-0094,ORG-S1,PER-S-00669,2026-07-09T22:46:00,activa,12,synthetic,SYN-003973
APP-00734,VAC-0095,ORG-S2,PER-S-00670,2026-03-12T20:07:00,activa,11,synthetic,SYN-003974
APP-00735,VAC-0095,ORG-S2,PER-S-00671,2026-03-14T23:39:00,activa,4,synthetic,SYN-003975
APP-00736,VAC-0095,ORG-S2,PER-S-00672,2026-03-12T13:49:00,activa,,synthetic,SYN-003976
APP-00737,VAC-0095,ORG-S2,PER-S-00673,2026-03-09T06:33:00,activa,5,synthetic,SYN-003977
APP-00738,VAC-0095,ORG-S2,PER-S-00674,2026-03-08T00:16:00,activa,0,synthetic,SYN-003978
APP-00739,VAC-0095,ORG-S2,PER-S-00675,2026-03-08T03:59:00,descartada,2,synthetic,SYN-003979
APP-00740,VAC-0095,ORG-S2,PER-S-00676,2026-03-05T10:22:00,descartada,2,synthetic,SYN-003980
APP-00741,VAC-0095,ORG-S2,PER-S-00677,2026-03-19T20:35:00,activa,12,synthetic,SYN-003981
APP-00742,VAC-0095,ORG-S2,PER-S-00396,2026-03-04T21:55:00,activa,8,synthetic,SYN-003982
APP-00743,VAC-0095,ORG-S2,PER-S-00678,2026-03-15T21:55:00,activa,7,synthetic,SYN-003983
APP-00744,VAC-0095,ORG-S2,PER-S-00679,2026-03-14T01:47:00,activa,13,synthetic,SYN-003984
APP-00745,VAC-0095,ORG-S2,PER-S-00680,2026-03-02T12:43:00,activa,0,synthetic,SYN-003985
APP-00746,VAC-0095,ORG-S2,PER-S-00681,2026-03-07T17:07:00,activa,10,synthetic,SYN-003986
APP-00747,VAC-0095,ORG-S2,PER-S-00682,2026-03-05T06:13:00,activa,,synthetic,SYN-003987
APP-00748,VAC-0096,ORG-S3,PER-S-00683,2026-03-30T16:53:00,activa,12,synthetic,SYN-003988
APP-00749,VAC-0096,ORG-S3,PER-S-00684,2026-03-26T02:36:00,activa,,synthetic,SYN-003989
APP-00750,VAC-0096,ORG-S3,PER-S-00685,2026-03-28T22:38:00,activa,1,synthetic,SYN-003990
APP-00751,VAC-0096,ORG-S3,PER-S-00686,2026-04-03T15:47:00,activa,3,synthetic,SYN-003991
APP-00752,VAC-0096,ORG-S3,PER-S-00687,2026-03-29T01:35:00,activa,16,synthetic,SYN-003992
APP-00753,VAC-0096,ORG-S3,PER-S-00688,2026-03-22T19:49:00,activa,,synthetic,SYN-003993
APP-00754,VAC-0097,ORG-S1,PER-S-00689,2026-06-10T18:47:00,activa,12,synthetic,SYN-003994
APP-00755,VAC-0097,ORG-S1,PER-S-00690,2026-06-03T22:23:00,activa,0,synthetic,SYN-003995
APP-00756,VAC-0097,ORG-S1,PER-S-00691,2026-06-11T06:28:00,activa,6,synthetic,SYN-003996
APP-00757,VAC-0097,ORG-S1,PER-S-00692,2026-05-31T21:02:00,activa,16,synthetic,SYN-003997
APP-00758,VAC-0097,ORG-S1,PER-S-00693,2026-06-05T08:13:00,activa,3,synthetic,SYN-003998
APP-00759,VAC-0097,ORG-S1,PER-S-00694,2026-06-03T15:32:00,activa,16,synthetic,SYN-003999
APP-00760,VAC-0097,ORG-S1,PER-S-00695,2026-06-03T18:06:00,activa,8,synthetic,SYN-004000
APP-00761,VAC-0097,ORG-S1,PER-S-00696,2026-06-03T10:17:00,activa,,synthetic,SYN-004001
APP-00762,VAC-0097,ORG-S1,PER-S-00697,2026-06-06T20:36:00,activa,8,synthetic,SYN-004002
APP-00763,VAC-0097,ORG-S1,PER-S-00452,2026-06-06T15:02:00,descartada,1,synthetic,SYN-004003
APP-00764,VAC-0097,ORG-S1,PER-S-00698,2026-06-02T19:35:00,activa,15,synthetic,SYN-004004
APP-00765,VAC-0097,ORG-S1,PER-S-00699,2026-06-02T19:28:00,descartada,6,synthetic,SYN-004005
APP-00766,VAC-0097,ORG-S1,PER-S-00700,2026-06-02T14:49:00,activa,10,synthetic,SYN-004006
APP-00767,VAC-0097,ORG-S1,PER-S-00701,2026-05-31T04:23:00,activa,,synthetic,SYN-004007
APP-00768,VAC-0098,ORG-S2,PER-S-00702,2026-02-22T22:52:00,activa,8,synthetic,SYN-004008
APP-00769,VAC-0098,ORG-S2,PER-S-00703,2026-02-27T22:07:00,activa,17,synthetic,SYN-004009
APP-00770,VAC-0098,ORG-S2,PER-S-00704,2026-02-22T18:14:00,activa,13,synthetic,SYN-004010
APP-00771,VAC-0098,ORG-S2,PER-S-00705,2026-03-01T04:40:00,activa,16,synthetic,SYN-004011
APP-00772,VAC-0098,ORG-S2,PER-S-00706,2026-03-05T21:28:00,activa,4,synthetic,SYN-004012
APP-00773,VAC-0098,ORG-S2,PER-S-00707,2026-03-08T20:46:00,activa,,synthetic,SYN-004013
APP-00774,VAC-0098,ORG-S2,PER-S-00708,2026-03-01T13:01:00,descartada,,synthetic,SYN-004014
APP-00775,VAC-0098,ORG-S2,PER-S-00709,2026-02-25T14:14:00,activa,16,synthetic,SYN-004015
APP-00776,VAC-0098,ORG-S2,PER-S-00710,2026-03-07T06:37:00,activa,6,synthetic,SYN-004016
APP-00777,VAC-0099,ORG-S3,PER-S-00711,2026-05-19T21:53:00,activa,5,synthetic,SYN-004017
APP-00778,VAC-0099,ORG-S3,PER-S-00712,2026-05-15T22:31:00,activa,0,synthetic,SYN-004018
APP-00779,VAC-0099,ORG-S3,PER-S-00713,2026-05-15T19:47:00,activa,1,synthetic,SYN-004019
APP-00780,VAC-0100,ORG-S1,PER-S-00714,2026-03-30T09:39:00,activa,6,synthetic,SYN-004020
APP-00781,VAC-0100,ORG-S1,PER-S-00715,2026-03-28T16:15:00,activa,10,synthetic,SYN-004021
APP-00782,VAC-0100,ORG-S1,PER-S-00716,2026-03-31T11:46:00,activa,13,synthetic,SYN-004022
APP-00783,VAC-0100,ORG-S1,PER-S-00717,2026-03-26T10:49:00,activa,5,synthetic,SYN-004023
APP-00784,VAC-0100,ORG-S1,PER-S-00718,2026-03-26T03:49:00,activa,15,synthetic,SYN-004024
APP-00785,VAC-0100,ORG-S1,PER-S-00719,2026-03-26T06:39:00,activa,17,synthetic,SYN-004025
APP-00786,VAC-0101,ORG-S2,PER-S-00229,2026-07-28T20:19:00,activa,5,synthetic,SYN-004026
APP-00787,VAC-0101,ORG-S2,PER-S-00720,2026-07-24T01:05:00,activa,14,synthetic,SYN-004027
APP-00788,VAC-0101,ORG-S2,PER-S-00721,2026-07-19T11:49:00,activa,16,synthetic,SYN-004028
APP-00789,VAC-0101,ORG-S2,PER-S-00722,2026-07-10T07:30:00,activa,7,synthetic,SYN-004029
APP-00790,VAC-0101,ORG-S2,PER-S-00723,2026-07-28T13:19:00,activa,14,synthetic,SYN-004030
APP-00791,VAC-0101,ORG-S2,PER-S-00724,2026-07-21T10:02:00,activa,6,synthetic,SYN-004031
APP-00792,VAC-0101,ORG-S2,PER-S-00455,2026-07-09T08:38:00,activa,15,synthetic,SYN-004032
APP-00793,VAC-0101,ORG-S2,PER-S-00725,2026-07-12T20:09:00,activa,20,synthetic,SYN-004033
APP-00794,VAC-0101,ORG-S2,PER-S-00726,2026-07-10T11:36:00,activa,1,synthetic,SYN-004034
APP-00795,VAC-0101,ORG-S2,PER-S-00727,2026-07-28T06:27:00,activa,18,synthetic,SYN-004035
APP-00796,VAC-0101,ORG-S2,PER-S-00728,2026-07-20T15:43:00,descartada,1,synthetic,SYN-004036
APP-00797,VAC-0101,ORG-S2,PER-S-00729,2026-07-18T17:07:00,activa,2,synthetic,SYN-004037
APP-00798,VAC-0101,ORG-S2,PER-S-00730,2026-07-09T19:43:00,activa,,synthetic,SYN-004038
APP-00799,VAC-0101,ORG-S2,PER-S-00731,2026-07-26T13:56:00,activa,15,synthetic,SYN-004039
APP-00800,VAC-0102,ORG-S3,PER-S-00732,2026-07-05T09:20:00,activa,0,synthetic,SYN-004040
APP-00801,VAC-0102,ORG-S3,PER-S-00027,2026-07-02T16:00:00,activa,5,synthetic,SYN-004041
APP-00802,VAC-0102,ORG-S3,PER-S-00733,2026-06-28T16:42:00,activa,17,synthetic,SYN-004042
APP-00803,VAC-0102,ORG-S3,PER-S-00734,2026-06-29T17:35:00,activa,2,synthetic,SYN-004043
APP-00804,VAC-0102,ORG-S3,PER-S-00735,2026-07-06T11:40:00,activa,7,synthetic,SYN-004044
APP-00805,VAC-0102,ORG-S3,PER-S-00736,2026-07-06T16:44:00,activa,16,synthetic,SYN-004045
APP-00806,VAC-0102,ORG-S3,PER-S-00737,2026-06-27T21:28:00,activa,,synthetic,SYN-004046
APP-00807,VAC-0102,ORG-S3,PER-S-00738,2026-07-02T02:47:00,activa,11,synthetic,SYN-004047
APP-00808,VAC-0103,ORG-S1,PER-S-00332,2026-04-11T19:25:00,activa,0,synthetic,SYN-004048
APP-00809,VAC-0103,ORG-S1,PER-S-00739,2026-04-13T01:09:00,activa,1,synthetic,SYN-004049
APP-00810,VAC-0103,ORG-S1,PER-S-00740,2026-04-06T04:25:00,activa,15,synthetic,SYN-004050
APP-00811,VAC-0103,ORG-S1,PER-S-00741,2026-04-04T13:14:00,activa,5,synthetic,SYN-004051
APP-00812,VAC-0103,ORG-S1,PER-S-00742,2026-04-05T04:16:00,activa,9,synthetic,SYN-004052
APP-00813,VAC-0103,ORG-S1,PER-S-00743,2026-04-11T01:07:00,activa,13,synthetic,SYN-004053
APP-00814,VAC-0103,ORG-S1,PER-S-00744,2026-04-08T17:22:00,activa,1,synthetic,SYN-004054
APP-00815,VAC-0103,ORG-S1,PER-S-00745,2026-04-09T22:04:00,activa,17,synthetic,SYN-004055
APP-00816,VAC-0103,ORG-S1,PER-S-00746,2026-04-02T09:47:00,activa,3,synthetic,SYN-004056
APP-00817,VAC-0103,ORG-S1,PER-S-00555,2026-04-15T12:37:00,activa,8,synthetic,SYN-004057
APP-00818,VAC-0104,ORG-S2,PER-S-00747,2026-03-02T11:31:00,descartada,3,synthetic,SYN-004058
APP-00819,VAC-0104,ORG-S2,PER-S-00748,2026-03-06T14:30:00,activa,,synthetic,SYN-004059
APP-00820,VAC-0104,ORG-S2,PER-S-00749,2026-03-06T18:10:00,activa,16,synthetic,SYN-004060
APP-00821,VAC-0104,ORG-S2,PER-S-00750,2026-03-02T11:41:00,activa,16,synthetic,SYN-004061
APP-00822,VAC-0104,ORG-S2,PER-S-00751,2026-03-05T03:29:00,activa,8,synthetic,SYN-004062
APP-00823,VAC-0104,ORG-S2,PER-S-00752,2026-02-26T03:51:00,activa,7,synthetic,SYN-004063
APP-00824,VAC-0104,ORG-S2,PER-S-00753,2026-03-02T16:36:00,activa,6,synthetic,SYN-004064
APP-00825,VAC-0104,ORG-S2,PER-S-00754,2026-03-02T21:08:00,activa,19,synthetic,SYN-004065
APP-00826,VAC-0105,ORG-S3,PER-S-00755,2026-05-31T17:14:00,activa,8,synthetic,SYN-004066
APP-00827,VAC-0105,ORG-S3,PER-S-00756,2026-05-31T05:54:00,activa,20,synthetic,SYN-004067
APP-00828,VAC-0105,ORG-S3,PER-S-00757,2026-05-31T02:42:00,activa,8,synthetic,SYN-004068
APP-00829,VAC-0105,ORG-S3,PER-S-00758,2026-06-09T23:49:00,activa,14,synthetic,SYN-004069
APP-00830,VAC-0105,ORG-S3,PER-S-00759,2026-06-09T04:14:00,descartada,1,synthetic,SYN-004070
APP-00831,VAC-0106,ORG-S1,PER-S-00760,2026-04-04T05:24:00,activa,17,synthetic,SYN-004071
APP-00832,VAC-0106,ORG-S1,PER-S-00761,2026-04-01T17:46:00,activa,8,synthetic,SYN-004072
APP-00833,VAC-0106,ORG-S1,PER-S-00122,2026-04-01T09:00:00,activa,6,synthetic,SYN-004073
APP-00834,VAC-0106,ORG-S1,PER-S-00762,2026-04-02T20:00:00,activa,3,synthetic,SYN-004074
APP-00835,VAC-0106,ORG-S1,PER-S-00763,2026-04-01T00:44:00,activa,13,synthetic,SYN-004075
APP-00836,VAC-0106,ORG-S1,PER-S-00764,2026-04-05T08:13:00,activa,16,synthetic,SYN-004076
APP-00837,VAC-0106,ORG-S1,PER-S-00765,2026-04-01T19:16:00,activa,12,synthetic,SYN-004077
APP-00838,VAC-0106,ORG-S1,PER-S-00766,2026-03-29T20:38:00,activa,19,synthetic,SYN-004078
APP-00839,VAC-0106,ORG-S1,PER-S-00767,2026-03-31T06:18:00,activa,18,synthetic,SYN-004079
APP-00840,VAC-0106,ORG-S1,PER-S-00768,2026-03-30T04:20:00,activa,20,synthetic,SYN-004080
APP-00841,VAC-0106,ORG-S1,PER-S-00769,2026-04-04T21:09:00,activa,1,synthetic,SYN-004081
APP-00842,VAC-0106,ORG-S1,PER-S-00770,2026-04-04T19:38:00,activa,6,synthetic,SYN-004082
APP-00843,VAC-0106,ORG-S1,PER-S-00771,2026-04-03T21:44:00,activa,10,synthetic,SYN-004083
APP-00844,VAC-0106,ORG-S1,PER-S-00772,2026-04-05T14:33:00,activa,8,synthetic,SYN-004084
APP-00845,VAC-0107,ORG-S2,PER-S-00773,2026-05-03T08:45:00,activa,14,synthetic,SYN-004085
APP-00846,VAC-0107,ORG-S2,PER-S-00774,2026-05-01T00:35:00,activa,5,synthetic,SYN-004086
APP-00847,VAC-0108,ORG-S3,PER-S-00775,2026-07-25T06:31:00,activa,11,synthetic,SYN-004087
APP-00848,VAC-0108,ORG-S3,PER-S-00776,2026-08-07T01:51:00,activa,10,synthetic,SYN-004088
APP-00849,VAC-0109,ORG-S1,PER-S-00777,2026-08-02T21:34:00,activa,0,synthetic,SYN-004089
APP-00850,VAC-0109,ORG-S1,PER-S-00778,2026-07-28T22:38:00,activa,17,synthetic,SYN-004090
APP-00851,VAC-0109,ORG-S1,PER-S-00779,2026-07-25T00:30:00,activa,9,synthetic,SYN-004091
APP-00852,VAC-0109,ORG-S1,PER-S-00780,2026-08-06T08:59:00,descartada,18,synthetic,SYN-004092
APP-00853,VAC-0109,ORG-S1,PER-S-00781,2026-08-09T22:14:00,activa,15,synthetic,SYN-004093
APP-00854,VAC-0109,ORG-S1,PER-S-00225,2026-07-24T14:49:00,activa,14,synthetic,SYN-004094
APP-00855,VAC-0109,ORG-S1,PER-S-00782,2026-07-26T11:58:00,activa,8,synthetic,SYN-004095
APP-00856,VAC-0110,ORG-S2,PER-S-00783,2026-08-25T17:55:00,activa,12,synthetic,SYN-004096
APP-00857,VAC-0110,ORG-S2,PER-S-00784,2026-08-29T18:27:00,descartada,,synthetic,SYN-004097
APP-00858,VAC-0110,ORG-S2,PER-S-00785,2026-08-20T09:03:00,descartada,11,synthetic,SYN-004098
APP-00859,VAC-0110,ORG-S2,PER-S-00786,2026-08-22T04:39:00,activa,12,synthetic,SYN-004099
APP-00860,VAC-0110,ORG-S2,PER-S-00787,2026-08-21T00:50:00,activa,2,synthetic,SYN-004100
APP-00861,VAC-0110,ORG-S2,PER-S-00788,2026-08-29T14:05:00,activa,10,synthetic,SYN-004101
APP-00862,VAC-0110,ORG-S2,PER-S-00789,2026-08-25T01:27:00,activa,15,synthetic,SYN-004102
APP-00863,VAC-0110,ORG-S2,PER-S-00790,2026-08-21T03:32:00,activa,19,synthetic,SYN-004103
APP-00864,VAC-0110,ORG-S2,PER-S-00791,2026-08-23T22:34:00,activa,,synthetic,SYN-004104
APP-00865,VAC-0110,ORG-S2,PER-S-00792,2026-08-22T11:42:00,descartada,3,synthetic,SYN-004105
APP-00866,VAC-0110,ORG-S2,PER-S-00793,2026-08-27T23:37:00,activa,8,synthetic,SYN-004106
APP-00867,VAC-0111,ORG-S3,PER-S-00794,2026-02-08T08:36:00,activa,2,synthetic,SYN-004107
APP-00868,VAC-0111,ORG-S3,PER-S-00795,2026-02-11T19:58:00,activa,18,synthetic,SYN-004108
APP-00869,VAC-0111,ORG-S3,PER-S-00796,2026-02-15T05:51:00,activa,17,synthetic,SYN-004109
APP-00870,VAC-0111,ORG-S3,PER-S-00797,2026-02-17T12:01:00,activa,,synthetic,SYN-004110
APP-00871,VAC-0112,ORG-S1,PER-S-00798,2026-05-05T02:02:00,descartada,,synthetic,SYN-004111
APP-00872,VAC-0112,ORG-S1,PER-S-00799,2026-05-04T16:56:00,activa,0,synthetic,SYN-004112
APP-00873,VAC-0112,ORG-S1,PER-S-00800,2026-05-01T07:59:00,activa,6,synthetic,SYN-004113
APP-00874,VAC-0112,ORG-S1,PER-S-00801,2026-05-03T13:13:00,activa,17,synthetic,SYN-004114
APP-00875,VAC-0112,ORG-S1,PER-S-00802,2026-05-04T00:53:00,activa,1,synthetic,SYN-004115
APP-00876,VAC-0112,ORG-S1,PER-S-00803,2026-05-08T12:25:00,activa,1,synthetic,SYN-004116
APP-00877,VAC-0112,ORG-S1,PER-S-00804,2026-05-08T10:12:00,activa,2,synthetic,SYN-004117
APP-00878,VAC-0112,ORG-S1,PER-S-00805,2026-05-11T10:10:00,activa,9,synthetic,SYN-004118
APP-00879,VAC-0112,ORG-S1,PER-S-00806,2026-05-01T03:07:00,activa,8,synthetic,SYN-004119
APP-00880,VAC-0112,ORG-S1,PER-S-00807,2026-05-10T23:16:00,activa,16,synthetic,SYN-004120
APP-00881,VAC-0113,ORG-S2,PER-S-00808,2026-09-02T17:08:00,activa,0,synthetic,SYN-004121
APP-00882,VAC-0113,ORG-S2,PER-S-00809,2026-09-04T17:05:00,activa,1,synthetic,SYN-004122
APP-00883,VAC-0113,ORG-S2,PER-S-00810,2026-09-05T09:32:00,activa,10,synthetic,SYN-004123
APP-00884,VAC-0113,ORG-S2,PER-S-00811,2026-09-05T03:24:00,activa,1,synthetic,SYN-004124
APP-00885,VAC-0113,ORG-S2,PER-S-00812,2026-09-01T10:32:00,activa,13,synthetic,SYN-004125
APP-00886,VAC-0113,ORG-S2,PER-S-00813,2026-09-04T04:59:00,activa,,synthetic,SYN-004126
APP-00887,VAC-0113,ORG-S2,PER-S-00814,2026-09-04T09:56:00,activa,2,synthetic,SYN-004127
APP-00888,VAC-0113,ORG-S2,PER-S-00815,2026-09-05T10:29:00,activa,10,synthetic,SYN-004128
APP-00889,VAC-0113,ORG-S2,PER-S-00816,2026-08-31T23:32:00,activa,18,synthetic,SYN-004129
APP-00890,VAC-0113,ORG-S2,PER-S-00817,2026-08-31T12:17:00,activa,,synthetic,SYN-004130
APP-00891,VAC-0113,ORG-S2,PER-S-00818,2026-09-06T01:53:00,activa,14,synthetic,SYN-004131
APP-00892,VAC-0113,ORG-S2,PER-S-00819,2026-09-06T00:28:00,activa,16,synthetic,SYN-004132
APP-00893,VAC-0113,ORG-S2,PER-S-00820,2026-09-01T08:28:00,activa,0,synthetic,SYN-004133
APP-00894,VAC-0114,ORG-S3,PER-S-00821,2026-01-26T17:04:00,activa,0,synthetic,SYN-004134
APP-00895,VAC-0114,ORG-S3,PER-S-00822,2026-01-25T18:41:00,activa,10,synthetic,SYN-004135
APP-00896,VAC-0114,ORG-S3,PER-S-00601,2026-01-25T15:02:00,activa,9,synthetic,SYN-004136
APP-00897,VAC-0114,ORG-S3,PER-S-00823,2026-01-21T23:24:00,activa,,synthetic,SYN-004137
APP-00898,VAC-0114,ORG-S3,PER-S-00824,2026-01-23T04:12:00,activa,18,synthetic,SYN-004138
APP-00899,VAC-0115,ORG-S1,PER-S-00825,2026-08-15T23:10:00,activa,3,synthetic,SYN-004139
APP-00900,VAC-0115,ORG-S1,PER-S-00826,2026-08-15T05:12:00,activa,6,synthetic,SYN-004140
APP-00901,VAC-0115,ORG-S1,PER-S-00827,2026-08-14T06:42:00,activa,11,synthetic,SYN-004141
APP-00902,VAC-0115,ORG-S1,PER-S-00828,2026-08-17T04:32:00,activa,,synthetic,SYN-004142
APP-00903,VAC-0115,ORG-S1,PER-S-00829,2026-08-12T22:14:00,activa,0,synthetic,SYN-004143
APP-00904,VAC-0115,ORG-S1,PER-S-00830,2026-08-06T00:28:00,activa,1,synthetic,SYN-004144
APP-00905,VAC-0115,ORG-S1,PER-S-00831,2026-08-12T10:24:00,activa,8,synthetic,SYN-004145
APP-00906,VAC-0115,ORG-S1,PER-S-00832,2026-08-15T01:52:00,activa,10,synthetic,SYN-004146
APP-00907,VAC-0115,ORG-S1,PER-S-00833,2026-08-12T12:26:00,activa,13,synthetic,SYN-004147
APP-00908,VAC-0115,ORG-S1,PER-S-00834,2026-08-14T04:36:00,activa,12,synthetic,SYN-004148
APP-00909,VAC-0115,ORG-S1,PER-S-00835,2026-08-14T10:28:00,activa,19,synthetic,SYN-004149
APP-00910,VAC-0116,ORG-S2,PER-S-00836,2026-04-29T16:11:00,activa,13,synthetic,SYN-004150
APP-00911,VAC-0116,ORG-S2,PER-S-00837,2026-04-22T20:46:00,activa,2,synthetic,SYN-004151
APP-00912,VAC-0117,ORG-S3,PER-S-00838,2026-03-20T00:28:00,descartada,11,synthetic,SYN-004152
APP-00913,VAC-0117,ORG-S3,PER-S-00839,2026-03-18T04:29:00,activa,3,synthetic,SYN-004153
APP-00914,VAC-0117,ORG-S3,PER-S-00840,2026-03-14T23:43:00,activa,13,synthetic,SYN-004154
APP-00915,VAC-0117,ORG-S3,PER-S-00841,2026-03-19T14:27:00,activa,3,synthetic,SYN-004155
APP-00916,VAC-0117,ORG-S3,PER-S-00842,2026-03-16T03:25:00,activa,7,synthetic,SYN-004156
APP-00917,VAC-0117,ORG-S3,PER-S-00843,2026-03-24T14:29:00,activa,18,synthetic,SYN-004157
APP-00918,VAC-0117,ORG-S3,PER-S-00844,2026-03-21T21:02:00,activa,2,synthetic,SYN-004158
APP-00919,VAC-0117,ORG-S3,PER-S-00845,2026-03-21T17:38:00,activa,7,synthetic,SYN-004159
APP-00920,VAC-0117,ORG-S3,PER-S-00846,2026-03-26T02:35:00,activa,6,synthetic,SYN-004160
APP-00921,VAC-0117,ORG-S3,PER-S-00847,2026-03-24T11:12:00,activa,18,synthetic,SYN-004161
APP-00922,VAC-0117,ORG-S3,PER-S-00848,2026-03-29T04:15:00,descartada,10,synthetic,SYN-004162
APP-00923,VAC-0117,ORG-S3,PER-S-00849,2026-03-20T07:31:00,activa,9,synthetic,SYN-004163
APP-00924,VAC-0117,ORG-S3,PER-S-00386,2026-03-24T03:14:00,activa,19,synthetic,SYN-004164
APP-00925,VAC-0118,ORG-S1,PER-S-00850,2026-01-18T11:19:00,activa,1,synthetic,SYN-004165
APP-00926,VAC-0118,ORG-S1,PER-S-00851,2026-01-19T11:57:00,descartada,7,synthetic,SYN-004166
APP-00927,VAC-0118,ORG-S1,PER-S-00852,2026-01-19T05:18:00,activa,19,synthetic,SYN-004167
APP-00928,VAC-0119,ORG-S2,PER-S-00853,2026-04-15T05:26:00,activa,5,synthetic,SYN-004168
APP-00929,VAC-0119,ORG-S2,PER-S-00854,2026-04-19T16:11:00,descartada,,synthetic,SYN-004169
APP-00930,VAC-0119,ORG-S2,PER-S-00855,2026-04-19T23:45:00,activa,10,synthetic,SYN-004170
APP-00931,VAC-0119,ORG-S2,PER-S-00856,2026-04-21T03:05:00,activa,14,synthetic,SYN-004171
APP-00932,VAC-0120,ORG-S3,PER-S-00857,2026-07-01T08:54:00,descartada,16,synthetic,SYN-004172
APP-00933,VAC-0120,ORG-S3,PER-S-00398,2026-07-04T00:06:00,activa,7,synthetic,SYN-004173
APP-00934,VAC-0120,ORG-S3,PER-S-00858,2026-07-10T00:17:00,activa,3,synthetic,SYN-004174
APP-00935,VAC-0120,ORG-S3,PER-S-00859,2026-07-04T08:15:00,descartada,12,synthetic,SYN-004175
APP-00936,VAC-0120,ORG-S3,PER-S-00860,2026-07-01T00:10:00,activa,15,synthetic,SYN-004176
APP-00937,VAC-0120,ORG-S3,PER-S-00687,2026-07-08T03:55:00,activa,19,synthetic,SYN-004177
APP-00938,VAC-0120,ORG-S3,PER-S-00861,2026-07-01T00:52:00,activa,15,synthetic,SYN-004178
APP-00939,VAC-0120,ORG-S3,PER-S-00646,2026-07-06T16:56:00,activa,13,synthetic,SYN-004179
APP-00940,VAC-0120,ORG-S3,PER-S-00862,2026-07-03T14:02:00,activa,2,synthetic,SYN-004180
