criterion_id,vacancy_token,competency_id,stage,method,weight,range_min,range_max,criteria_version,source_type,synthetic_record_id
CRI-0001,VAC-0001,CMP-S1-08,evaluacion,revision_documental,14,0,20,CV-VAC-0001-1,synthetic,SYN-000029
CRI-0002,VAC-0001,CMP-S1-02,evaluacion,revision_documental,14,0,20,CV-VAC-0001-1,synthetic,SYN-000034
CRI-0003,VAC-0001,CMP-S1-04,evaluacion,revision_documental,11,0,20,CV-VAC-0001-1,synthetic,SYN-000039
CRI-0004,VAC-0001,CMP-S1-01,entrevista,entrevista_estructurada,14,0,20,CV-VAC-0001-1,synthetic,SYN-000044
CRI-0005,VAC-0001,CMP-S1-05,entrevista,entrevista_estructurada,34,0,20,CV-VAC-0001-1,synthetic,SYN-000049
CRI-0006,VAC-0001,CMP-S1-03,entrevista,entrevista_estructurada,13,0,20,CV-VAC-0001-1,synthetic,SYN-000054
CRI-0007,VAC-0002,CMP-S2-02,evaluacion,revision_documental,19,0,20,CV-VAC-0002-1,synthetic,SYN-000061
CRI-0008,VAC-0002,CMP-S2-03,evaluacion,clase_demostrativa,33,0,20,CV-VAC-0002-1,synthetic,SYN-000066
CRI-0009,VAC-0002,CMP-S2-04,entrevista,entrevista_estructurada,16,0,20,CV-VAC-0002-1,synthetic,SYN-000071
CRI-0010,VAC-0002,CMP-S2-05,entrevista,entrevista_estructurada,32,0,20,CV-VAC-0002-1,synthetic,SYN-000076
CRI-0011,VAC-0003,CMP-S3-01,evaluacion,revision_documental,15,0,20,CV-VAC-0003-1,synthetic,SYN-000084
CRI-0012,VAC-0003,CMP-S3-02,evaluacion,clase_demostrativa,21,0,20,CV-VAC-0003-1,synthetic,SYN-000089
CRI-0013,VAC-0003,CMP-S3-05,evaluacion,prueba_escrita,17,0,20,CV-VAC-0003-1,synthetic,SYN-000094
CRI-0014,VAC-0003,CMP-S3-04,entrevista,entrevista_estructurada,21,0,20,CV-VAC-0003-1,synthetic,SYN-000099
CRI-0015,VAC-0003,CMP-S3-03,entrevista,entrevista_estructurada,26,0,20,CV-VAC-0003-1,synthetic,SYN-000104
CRI-0016,VAC-0004,CMP-S1-07,evaluacion,clase_demostrativa,26,0,20,CV-VAC-0004-1,synthetic,SYN-000111
CRI-0017,VAC-0004,CMP-S1-08,evaluacion,revision_documental,28,0,20,CV-VAC-0004-1,synthetic,SYN-000116
CRI-0018,VAC-0004,CMP-S1-06,entrevista,entrevista_estructurada,27,0,20,CV-VAC-0004-1,synthetic,SYN-000121
CRI-0019,VAC-0004,CMP-S1-05,entrevista,entrevista_estructurada,19,0,20,CV-VAC-0004-1,synthetic,SYN-000126
CRI-0020,VAC-0005,CMP-S2-05,evaluacion,clase_demostrativa,14,0,20,CV-VAC-0005-1,synthetic,SYN-000135
CRI-0021,VAC-0005,CMP-S2-01,evaluacion,prueba_escrita,15,0,20,CV-VAC-0005-1,synthetic,SYN-000140
CRI-0022,VAC-0005,CMP-S2-02,evaluacion,prueba_escrita,16,0,20,CV-VAC-0005-1,synthetic,SYN-000145
CRI-0023,VAC-0005,CMP-S2-08,entrevista,entrevista_estructurada,21,0,20,CV-VAC-0005-1,synthetic,SYN-000150
CRI-0024,VAC-0005,CMP-S2-04,entrevista,entrevista_estructurada,22,0,20,CV-VAC-0005-1,synthetic,SYN-000155
CRI-0025,VAC-0005,CMP-S2-03,entrevista,entrevista_estructurada,12,0,20,CV-VAC-0005-1,synthetic,SYN-000160
CRI-0026,VAC-0006,CMP-S3-01,evaluacion,clase_demostrativa,26,0,20,CV-VAC-0006-1,synthetic,SYN-000169
CRI-0027,VAC-0006,CMP-S3-02,evaluacion,revision_documental,15,0,20,CV-VAC-0006-1,synthetic,SYN-000174
CRI-0028,VAC-0006,CMP-S3-08,entrevista,entrevista_estructurada,31,0,20,CV-VAC-0006-1,synthetic,SYN-000179
CRI-0029,VAC-0006,CMP-S3-03,entrevista,entrevista_estructurada,28,0,20,CV-VAC-0006-1,synthetic,SYN-000184
CRI-0030,VAC-0007,CMP-S1-02,evaluacion,prueba_escrita,33,0,20,CV-VAC-0007-1,synthetic,SYN-000191
CRI-0031,VAC-0007,CMP-S1-08,evaluacion,clase_demostrativa,17,0,20,CV-VAC-0007-1,synthetic,SYN-000196
CRI-0032,VAC-0007,CMP-S1-03,evaluacion,clase_demostrativa,8,0,20,CV-VAC-0007-1,synthetic,SYN-000201
CRI-0033,VAC-0007,CMP-S1-05,entrevista,entrevista_estructurada,16,0,20,CV-VAC-0007-1,synthetic,SYN-000206
CRI-0034,VAC-0007,CMP-S1-01,entrevista,entrevista_estructurada,26,0,20,CV-VAC-0007-1,synthetic,SYN-000211
CRI-0035,VAC-0008,CMP-S2-03,evaluacion,clase_demostrativa,13,0,20,CV-VAC-0008-1,synthetic,SYN-000220
CRI-0036,VAC-0008,CMP-S2-05,evaluacion,clase_demostrativa,21,0,20,CV-VAC-0008-1,synthetic,SYN-000225
CRI-0037,VAC-0008,CMP-S2-08,evaluacion,revision_documental,13,0,20,CV-VAC-0008-1,synthetic,SYN-000230
CRI-0038,VAC-0008,CMP-S2-04,entrevista,entrevista_estructurada,17,0,20,CV-VAC-0008-1,synthetic,SYN-000235
CRI-0039,VAC-0008,CMP-S2-02,entrevista,entrevista_estructurada,15,0,20,CV-VAC-0008-1,synthetic,SYN-000240
CRI-0040,VAC-0008,CMP-S2-01,entrevista,entrevista_estructurada,21,0,20,CV-VAC-0008-1,synthetic,SYN-000245
CRI-0041,VAC-0009,CMP-S3-06,evaluacion,prueba_escrita,18,0,20,CV-VAC-0009-1,synthetic,SYN-000253
CRI-0042,VAC-0009,CMP-S3-05,evaluacion,revision_documental,34,0,20,CV-VAC-0009-1,synthetic,SYN-000258
CRI-0043,VAC-0009,CMP-S3-07,entrevista,entrevista_estructurada,22,0,20,CV-VAC-0009-1,synthetic,SYN-000263
CRI-0044,VAC-0009,CMP-S3-08,entrevista,entrevista_estructurada,26,0,20,CV-VAC-0009-1,synthetic,SYN-000268
CRI-0045,VAC-0010,CMP-S1-03,evaluacion,clase_demostrativa,23,0,20,CV-VAC-0010-1,synthetic,SYN-000277
CRI-0046,VAC-0010,CMP-S1-08,evaluacion,clase_demostrativa,34,0,20,CV-VAC-0010-1,synthetic,SYN-000282
CRI-0047,VAC-0010,CMP-S1-01,entrevista,entrevista_estructurada,26,0,20,CV-VAC-0010-1,synthetic,SYN-000287
CRI-0048,VAC-0010,CMP-S1-05,entrevista,entrevista_estructurada,17,0,20,CV-VAC-0010-1,synthetic,SYN-000292
CRI-0049,VAC-0011,CMP-S2-03,evaluacion,revision_documental,32,0,20,CV-VAC-0011-1,synthetic,SYN-000300
CRI-0050,VAC-0011,CMP-S2-04,evaluacion,prueba_escrita,28,0,20,CV-VAC-0011-1,synthetic,SYN-000305
CRI-0051,VAC-0011,CMP-S2-08,evaluacion,revision_documental,11,0,20,CV-VAC-0011-1,synthetic,SYN-000310
CRI-0052,VAC-0011,CMP-S2-01,entrevista,entrevista_estructurada,10,0,20,CV-VAC-0011-1,synthetic,SYN-000315
CRI-0053,VAC-0011,CMP-S2-05,entrevista,entrevista_estructurada,19,0,20,CV-VAC-0011-1,synthetic,SYN-000320
CRI-0054,VAC-0012,CMP-S3-03,evaluacion,clase_demostrativa,21,0,20,CV-VAC-0012-1,synthetic,SYN-000328
CRI-0055,VAC-0012,CMP-S3-01,evaluacion,prueba_escrita,16,0,20,CV-VAC-0012-1,synthetic,SYN-000333
CRI-0056,VAC-0012,CMP-S3-08,evaluacion,clase_demostrativa,21,0,20,CV-VAC-0012-1,synthetic,SYN-000338
CRI-0057,VAC-0012,CMP-S3-05,entrevista,entrevista_estructurada,14,0,20,CV-VAC-0012-1,synthetic,SYN-000343
CRI-0058,VAC-0012,CMP-S3-04,entrevista,entrevista_estructurada,20,0,20,CV-VAC-0012-1,synthetic,SYN-000348
CRI-0059,VAC-0012,CMP-S3-02,entrevista,entrevista_estructurada,8,0,20,CV-VAC-0012-1,synthetic,SYN-000353
CRI-0060,VAC-0013,CMP-S1-04,evaluacion,prueba_escrita,17,0,20,CV-VAC-0013-1,synthetic,SYN-000362
CRI-0061,VAC-0013,CMP-S1-03,evaluacion,clase_demostrativa,28,0,20,CV-VAC-0013-1,synthetic,SYN-000367
CRI-0062,VAC-0013,CMP-S1-05,evaluacion,revision_documental,14,0,20,CV-VAC-0013-1,synthetic,SYN-000372
CRI-0063,VAC-0013,CMP-S1-01,entrevista,entrevista_estructurada,11,0,20,CV-VAC-0013-1,synthetic,SYN-000377
CRI-0064,VAC-0013,CMP-S1-08,entrevista,entrevista_estructurada,30,0,20,CV-VAC-0013-1,synthetic,SYN-000382
CRI-0065,VAC-0014,CMP-S2-05,evaluacion,prueba_escrita,19,0,20,CV-VAC-0014-1,synthetic,SYN-000391
CRI-0066,VAC-0014,CMP-S2-07,evaluacion,prueba_escrita,30,0,20,CV-VAC-0014-1,synthetic,SYN-000396
CRI-0067,VAC-0014,CMP-S2-08,entrevista,entrevista_estructurada,24,0,20,CV-VAC-0014-1,synthetic,SYN-000401
CRI-0068,VAC-0014,CMP-S2-06,entrevista,entrevista_estructurada,27,0,20,CV-VAC-0014-1,synthetic,SYN-000406
CRI-0069,VAC-0015,CMP-S3-03,evaluacion,revision_documental,27,0,20,CV-VAC-0015-1,synthetic,SYN-000414
CRI-0070,VAC-0015,CMP-S3-01,evaluacion,revision_documental,12,0,20,CV-VAC-0015-1,synthetic,SYN-000419
CRI-0071,VAC-0015,CMP-S3-08,evaluacion,prueba_escrita,17,0,20,CV-VAC-0015-1,synthetic,SYN-000424
CRI-0072,VAC-0015,CMP-S3-04,entrevista,entrevista_estructurada,17,0,20,CV-VAC-0015-1,synthetic,SYN-000429
CRI-0073,VAC-0015,CMP-S3-05,entrevista,entrevista_estructurada,27,0,20,CV-VAC-0015-1,synthetic,SYN-000434
CRI-0074,VAC-0016,CMP-S1-01,evaluacion,clase_demostrativa,19,0,20,CV-VAC-0016-1,synthetic,SYN-000443
CRI-0075,VAC-0016,CMP-S1-03,evaluacion,prueba_escrita,9,0,20,CV-VAC-0016-1,synthetic,SYN-000448
CRI-0076,VAC-0016,CMP-S1-02,evaluacion,clase_demostrativa,14,0,20,CV-VAC-0016-1,synthetic,SYN-000453
CRI-0077,VAC-0016,CMP-S1-05,entrevista,entrevista_estructurada,25,0,20,CV-VAC-0016-1,synthetic,SYN-000458
CRI-0078,VAC-0016,CMP-S1-04,entrevista,entrevista_estructurada,15,0,20,CV-VAC-0016-1,synthetic,SYN-000463
CRI-0079,VAC-0016,CMP-S1-08,entrevista,entrevista_estructurada,18,0,20,CV-VAC-0016-1,synthetic,SYN-000468
CRI-0080,VAC-0017,CMP-S2-05,evaluacion,revision_documental,27,0,20,CV-VAC-0017-1,synthetic,SYN-000476
CRI-0081,VAC-0017,CMP-S2-02,evaluacion,prueba_escrita,7,0,20,CV-VAC-0017-1,synthetic,SYN-000481
CRI-0082,VAC-0017,CMP-S2-08,evaluacion,prueba_escrita,14,0,20,CV-VAC-0017-1,synthetic,SYN-000486
CRI-0083,VAC-0017,CMP-S2-04,entrevista,entrevista_estructurada,12,0,20,CV-VAC-0017-1,synthetic,SYN-000491
CRI-0084,VAC-0017,CMP-S2-03,entrevista,entrevista_estructurada,29,0,20,CV-VAC-0017-1,synthetic,SYN-000496
CRI-0085,VAC-0017,CMP-S2-01,entrevista,entrevista_estructurada,11,0,20,CV-VAC-0017-1,synthetic,SYN-000501
CRI-0086,VAC-0018,CMP-S3-01,evaluacion,revision_documental,34,0,20,CV-VAC-0018-1,synthetic,SYN-000510
CRI-0087,VAC-0018,CMP-S3-03,evaluacion,revision_documental,16,0,20,CV-VAC-0018-1,synthetic,SYN-000515
CRI-0088,VAC-0018,CMP-S3-05,entrevista,entrevista_estructurada,17,0,20,CV-VAC-0018-1,synthetic,SYN-000520
CRI-0089,VAC-0018,CMP-S3-08,entrevista,entrevista_estructurada,33,0,20,CV-VAC-0018-1,synthetic,SYN-000525
CRI-0090,VAC-0019,CMP-S1-05,evaluacion,revision_documental,9,0,20,CV-VAC-0019-1,synthetic,SYN-000534
CRI-0091,VAC-0019,CMP-S1-01,evaluacion,prueba_escrita,13,0,20,CV-VAC-0019-1,synthetic,SYN-000539
CRI-0092,VAC-0019,CMP-S1-02,evaluacion,clase_demostrativa,17,0,20,CV-VAC-0019-1,synthetic,SYN-000544
CRI-0093,VAC-0019,CMP-S1-08,entrevista,entrevista_estructurada,27,0,20,CV-VAC-0019-1,synthetic,SYN-000549
CRI-0094,VAC-0019,CMP-S1-03,entrevista,entrevista_estructurada,34,0,20,CV-VAC-0019-1,synthetic,SYN-000554
CRI-0095,VAC-0020,CMP-S2-01,evaluacion,revision_documental,12,0,20,CV-VAC-0020-1,synthetic,SYN-000561
CRI-0096,VAC-0020,CMP-S2-04,evaluacion,revision_documental,15,0,20,CV-VAC-0020-1,synthetic,SYN-000566
CRI-0097,VAC-0020,CMP-S2-03,evaluacion,clase_demostrativa,16,0,20,CV-VAC-0020-1,synthetic,SYN-000571
CRI-0098,VAC-0020,CMP-S2-02,entrevista,entrevista_estructurada,30,0,20,CV-VAC-0020-1,synthetic,SYN-000576
CRI-0099,VAC-0020,CMP-S2-08,entrevista,entrevista_estructurada,27,0,20,CV-VAC-0020-1,synthetic,SYN-000581
CRI-0100,VAC-0021,CMP-S3-02,evaluacion,prueba_escrita,9,0,20,CV-VAC-0021-1,synthetic,SYN-000588
CRI-0101,VAC-0021,CMP-S3-04,evaluacion,prueba_escrita,28,0,20,CV-VAC-0021-1,synthetic,SYN-000593
CRI-0102,VAC-0021,CMP-S3-01,evaluacion,clase_demostrativa,31,0,20,CV-VAC-0021-1,synthetic,SYN-000598
CRI-0103,VAC-0021,CMP-S3-03,entrevista,entrevista_estructurada,9,0,20,CV-VAC-0021-1,synthetic,SYN-000603
CRI-0104,VAC-0021,CMP-S3-05,entrevista,entrevista_estructurada,23,0,20,CV-VAC-0021-1,synthetic,SYN-000608
CRI-0105,VAC-0022,CMP-S1-07,evaluacion,revision_documental,23,0,20,CV-VAC-0022-1,synthetic,SYN-000615
CRI-0106,VAC-0022,CMP-S1-06,evaluacion,clase_demostrativa,41,0,20,CV-VAC-0022-1,synthetic,SYN-000620
CRI-0107,VAC-0022,CMP-S1-08,entrevista,entrevista_estructurada,20,0,20,CV-VAC-0022-1,synthetic,SYN-000625
CRI-0108,VAC-0022,CMP-S1-05,entrevista,entrevista_estructurada,16,0,20,CV-VAC-0022-1,synthetic,SYN-000630
CRI-0109,VAC-0023,CMP-S2-08,evaluacion,clase_demostrativa,10,0,20,CV-VAC-0023-1,synthetic,SYN-000639
CRI-0110,VAC-0023,CMP-S2-05,evaluacion,clase_demostrativa,11,0,20,CV-VAC-0023-1,synthetic,SYN-000644
CRI-0111,VAC-0023,CMP-S2-04,evaluacion,revision_documental,23,0,20,CV-VAC-0023-1,synthetic,SYN-000649
CRI-0112,VAC-0023,CMP-S2-03,entrevista,entrevista_estructurada,20,0,20,CV-VAC-0023-1,synthetic,SYN-000654
CRI-0113,VAC-0023,CMP-S2-02,entrevista,entrevista_estructurada,19,0,20,CV-VAC-0023-1,synthetic,SYN-000659
CRI-0114,VAC-0023,CMP-S2-01,entrevista,entrevista_estructurada,17,0,20,CV-VAC-0023-1,synthetic,SYN-000664
CRI-0115,VAC-0024,CMP-S3-03,evaluacion,clase_demostrativa,18,0,20,CV-VAC-0024-1,synthetic,SYN-000671
CRI-0116,VAC-0024,CMP-S3-04,evaluacion,prueba_escrita,23,0,20,CV-VAC-0024-1,synthetic,SYN-000676
CRI-0117,VAC-0024,CMP-S3-01,evaluacion,prueba_escrita,14,0,20,CV-VAC-0024-1,synthetic,SYN-000681
CRI-0118,VAC-0024,CMP-S3-08,entrevista,entrevista_estructurada,15,0,20,CV-VAC-0024-1,synthetic,SYN-000686
CRI-0119,VAC-0024,CMP-S3-05,entrevista,entrevista_estructurada,12,0,20,CV-VAC-0024-1,synthetic,SYN-000691
CRI-0120,VAC-0024,CMP-S3-02,entrevista,entrevista_estructurada,18,0,20,CV-VAC-0024-1,synthetic,SYN-000696
CRI-0121,VAC-0025,CMP-S1-01,evaluacion,prueba_escrita,12,0,20,CV-VAC-0025-1,synthetic,SYN-000704
CRI-0122,VAC-0025,CMP-S1-05,evaluacion,revision_documental,20,0,20,CV-VAC-0025-1,synthetic,SYN-000709
CRI-0123,VAC-0025,CMP-S1-02,evaluacion,clase_demostrativa,18,0,20,CV-VAC-0025-1,synthetic,SYN-000714
CRI-0124,VAC-0025,CMP-S1-04,entrevista,entrevista_estructurada,18,0,20,CV-VAC-0025-1,synthetic,SYN-000719
CRI-0125,VAC-0025,CMP-S1-03,entrevista,entrevista_estructurada,17,0,20,CV-VAC-0025-1,synthetic,SYN-000724
CRI-0126,VAC-0025,CMP-S1-08,entrevista,entrevista_estructurada,15,0,20,CV-VAC-0025-1,synthetic,SYN-000729
CRI-0127,VAC-0026,CMP-S2-08,evaluacion,prueba_escrita,30,0,20,CV-VAC-0026-1,synthetic,SYN-000736
CRI-0128,VAC-0026,CMP-S2-06,evaluacion,clase_demostrativa,32,0,20,CV-VAC-0026-1,synthetic,SYN-000741
CRI-0129,VAC-0026,CMP-S2-07,entrevista,entrevista_estructurada,8,0,20,CV-VAC-0026-1,synthetic,SYN-000746
CRI-0130,VAC-0026,CMP-S2-05,entrevista,entrevista_estructurada,30,0,20,CV-VAC-0026-1,synthetic,SYN-000751
CRI-0131,VAC-0027,CMP-S3-08,evaluacion,prueba_escrita,23,0,20,CV-VAC-0027-1,synthetic,SYN-000760
CRI-0132,VAC-0027,CMP-S3-03,evaluacion,prueba_escrita,17,0,20,CV-VAC-0027-1,synthetic,SYN-000765
CRI-0133,VAC-0027,CMP-S3-04,evaluacion,clase_demostrativa,7,0,20,CV-VAC-0027-1,synthetic,SYN-000770
CRI-0134,VAC-0027,CMP-S3-02,entrevista,entrevista_estructurada,9,0,20,CV-VAC-0027-1,synthetic,SYN-000775
CRI-0135,VAC-0027,CMP-S3-05,entrevista,entrevista_estructurada,19,0,20,CV-VAC-0027-1,synthetic,SYN-000780
CRI-0136,VAC-0027,CMP-S3-01,entrevista,entrevista_estructurada,25,0,20,CV-VAC-0027-1,synthetic,SYN-000785
CRI-0137,VAC-0028,CMP-S1-08,evaluacion,clase_demostrativa,23,0,20,CV-VAC-0028-1,synthetic,SYN-000793
CRI-0138,VAC-0028,CMP-S1-07,evaluacion,clase_demostrativa,33,0,20,CV-VAC-0028-1,synthetic,SYN-000798
CRI-0139,VAC-0028,CMP-S1-06,entrevista,entrevista_estructurada,11,0,20,CV-VAC-0028-1,synthetic,SYN-000803
CRI-0140,VAC-0028,CMP-S1-05,entrevista,entrevista_estructurada,33,0,20,CV-VAC-0028-1,synthetic,SYN-000808
CRI-0141,VAC-0029,CMP-S2-07,evaluacion,clase_demostrativa,23,0,20,CV-VAC-0029-1,synthetic,SYN-000816
CRI-0142,VAC-0029,CMP-S2-05,evaluacion,revision_documental,24,0,20,CV-VAC-0029-1,synthetic,SYN-000821
CRI-0143,VAC-0029,CMP-S2-06,entrevista,entrevista_estructurada,39,0,20,CV-VAC-0029-1,synthetic,SYN-000826
CRI-0144,VAC-0029,CMP-S2-08,entrevista,entrevista_estructurada,14,0,20,CV-VAC-0029-1,synthetic,SYN-000831
CRI-0145,VAC-0030,CMP-S3-01,evaluacion,revision_documental,13,0,20,CV-VAC-0030-1,synthetic,SYN-000840
CRI-0146,VAC-0030,CMP-S3-02,evaluacion,revision_documental,24,0,20,CV-VAC-0030-1,synthetic,SYN-000845
CRI-0147,VAC-0030,CMP-S3-08,evaluacion,clase_demostrativa,26,0,20,CV-VAC-0030-1,synthetic,SYN-000850
CRI-0148,VAC-0030,CMP-S3-04,entrevista,entrevista_estructurada,17,0,20,CV-VAC-0030-1,synthetic,SYN-000855
CRI-0149,VAC-0030,CMP-S3-05,entrevista,entrevista_estructurada,20,0,20,CV-VAC-0030-1,synthetic,SYN-000860
CRI-0150,VAC-0031,CMP-S1-04,evaluacion,revision_documental,22,0,20,CV-VAC-0031-1,synthetic,SYN-000869
CRI-0151,VAC-0031,CMP-S1-01,evaluacion,clase_demostrativa,23,0,20,CV-VAC-0031-1,synthetic,SYN-000874
CRI-0152,VAC-0031,CMP-S1-08,evaluacion,prueba_escrita,12,0,20,CV-VAC-0031-1,synthetic,SYN-000879
CRI-0153,VAC-0031,CMP-S1-03,entrevista,entrevista_estructurada,22,0,20,CV-VAC-0031-1,synthetic,SYN-000884
CRI-0154,VAC-0031,CMP-S1-05,entrevista,entrevista_estructurada,21,0,20,CV-VAC-0031-1,synthetic,SYN-000889
CRI-0155,VAC-0032,CMP-S2-04,evaluacion,prueba_escrita,20,0,20,CV-VAC-0032-1,synthetic,SYN-000897
CRI-0156,VAC-0032,CMP-S2-05,evaluacion,prueba_escrita,15,0,20,CV-VAC-0032-1,synthetic,SYN-000902
CRI-0157,VAC-0032,CMP-S2-08,evaluacion,revision_documental,17,0,20,CV-VAC-0032-1,synthetic,SYN-000907
CRI-0158,VAC-0032,CMP-S2-01,entrevista,entrevista_estructurada,23,0,20,CV-VAC-0032-1,synthetic,SYN-000912
CRI-0159,VAC-0032,CMP-S2-02,entrevista,entrevista_estructurada,18,0,20,CV-VAC-0032-1,synthetic,SYN-000917
CRI-0160,VAC-0032,CMP-S2-03,entrevista,entrevista_estructurada,7,0,20,CV-VAC-0032-1,synthetic,SYN-000922
CRI-0161,VAC-0033,CMP-S3-06,evaluacion,revision_documental,34,0,20,CV-VAC-0033-1,synthetic,SYN-000931
CRI-0162,VAC-0033,CMP-S3-07,evaluacion,prueba_escrita,15,0,20,CV-VAC-0033-1,synthetic,SYN-000936
CRI-0163,VAC-0033,CMP-S3-08,entrevista,entrevista_estructurada,35,0,20,CV-VAC-0033-1,synthetic,SYN-000941
CRI-0164,VAC-0033,CMP-S3-05,entrevista,entrevista_estructurada,16,0,20,CV-VAC-0033-1,synthetic,SYN-000946
CRI-0165,VAC-0034,CMP-S1-03,evaluacion,clase_demostrativa,14,0,20,CV-VAC-0034-1,synthetic,SYN-000953
CRI-0166,VAC-0034,CMP-S1-02,evaluacion,prueba_escrita,14,0,20,CV-VAC-0034-1,synthetic,SYN-000958
CRI-0167,VAC-0034,CMP-S1-01,evaluacion,prueba_escrita,15,0,20,CV-VAC-0034-1,synthetic,SYN-000963
CRI-0168,VAC-0034,CMP-S1-08,entrevista,entrevista_estructurada,28,0,20,CV-VAC-0034-1,synthetic,SYN-000968
CRI-0169,VAC-0034,CMP-S1-05,entrevista,entrevista_estructurada,29,0,20,CV-VAC-0034-1,synthetic,SYN-000973
CRI-0170,VAC-0035,CMP-S2-03,evaluacion,clase_demostrativa,22,0,20,CV-VAC-0035-1,synthetic,SYN-000982
CRI-0171,VAC-0035,CMP-S2-05,evaluacion,prueba_escrita,34,0,20,CV-VAC-0035-1,synthetic,SYN-000987
CRI-0172,VAC-0035,CMP-S2-08,evaluacion,clase_demostrativa,13,0,20,CV-VAC-0035-1,synthetic,SYN-000992
CRI-0173,VAC-0035,CMP-S2-04,entrevista,entrevista_estructurada,20,0,20,CV-VAC-0035-1,synthetic,SYN-000997
CRI-0174,VAC-0035,CMP-S2-01,entrevista,entrevista_estructurada,11,0,20,CV-VAC-0035-1,synthetic,SYN-001002
CRI-0175,VAC-0036,CMP-S3-08,evaluacion,prueba_escrita,9,0,20,CV-VAC-0036-1,synthetic,SYN-001011
CRI-0176,VAC-0036,CMP-S3-01,evaluacion,revision_documental,18,0,20,CV-VAC-0036-1,synthetic,SYN-001016
CRI-0177,VAC-0036,CMP-S3-02,evaluacion,clase_demostrativa,24,0,20,CV-VAC-0036-1,synthetic,SYN-001021
CRI-0178,VAC-0036,CMP-S3-03,entrevista,entrevista_estructurada,12,0,20,CV-VAC-0036-1,synthetic,SYN-001026
CRI-0179,VAC-0036,CMP-S3-05,entrevista,entrevista_estructurada,13,0,20,CV-VAC-0036-1,synthetic,SYN-001031
CRI-0180,VAC-0036,CMP-S3-04,entrevista,entrevista_estructurada,24,0,20,CV-VAC-0036-1,synthetic,SYN-001036
CRI-0181,VAC-0037,CMP-S1-08,evaluacion,revision_documental,30,0,20,CV-VAC-0037-1,synthetic,SYN-001045
CRI-0182,VAC-0037,CMP-S1-06,evaluacion,revision_documental,26,0,20,CV-VAC-0037-1,synthetic,SYN-001050
CRI-0183,VAC-0037,CMP-S1-05,entrevista,entrevista_estructurada,25,0,20,CV-VAC-0037-1,synthetic,SYN-001055
CRI-0184,VAC-0037,CMP-S1-07,entrevista,entrevista_estructurada,19,0,20,CV-VAC-0037-1,synthetic,SYN-001060
CRI-0185,VAC-0038,CMP-S2-04,evaluacion,prueba_escrita,22,0,20,CV-VAC-0038-1,synthetic,SYN-001069
CRI-0186,VAC-0038,CMP-S2-02,evaluacion,prueba_escrita,18,0,20,CV-VAC-0038-1,synthetic,SYN-001074
CRI-0187,VAC-0038,CMP-S2-03,evaluacion,prueba_escrita,31,0,20,CV-VAC-0038-1,synthetic,SYN-001079
CRI-0188,VAC-0038,CMP-S2-01,entrevista,entrevista_estructurada,16,0,20,CV-VAC-0038-1,synthetic,SYN-001084
CRI-0189,VAC-0038,CMP-S2-08,entrevista,entrevista_estructurada,13,0,20,CV-VAC-0038-1,synthetic,SYN-001089
CRI-0190,VAC-0039,CMP-S3-05,evaluacion,prueba_escrita,24,0,20,CV-VAC-0039-1,synthetic,SYN-001096
CRI-0191,VAC-0039,CMP-S3-04,evaluacion,prueba_escrita,10,0,20,CV-VAC-0039-1,synthetic,SYN-001101
CRI-0192,VAC-0039,CMP-S3-08,evaluacion,clase_demostrativa,15,0,20,CV-VAC-0039-1,synthetic,SYN-001106
CRI-0193,VAC-0039,CMP-S3-02,entrevista,entrevista_estructurada,8,0,20,CV-VAC-0039-1,synthetic,SYN-001111
CRI-0194,VAC-0039,CMP-S3-03,entrevista,entrevista_estructurada,22,0,20,CV-VAC-0039-1,synthetic,SYN-001116
CRI-0195,VAC-0039,CMP-S3-01,entrevista,entrevista_estructurada,21,0,20,CV-VAC-0039-1,synthetic,SYN-001121
CRI-0196,VAC-0040,CMP-S1-05,evaluacion,revision_documental,21,0,20,CV-VAC-0040-1,synthetic,SYN-001130
CRI-0197,VAC-0040,CMP-S1-01,evaluacion,revision_documental,26,0,20,CV-VAC-0040-1,synthetic,SYN-001135
CRI-0198,VAC-0040,CMP-S1-03,entrevista,entrevista_estructurada,25,0,20,CV-VAC-0040-1,synthetic,SYN-001140
CRI-0199,VAC-0040,CMP-S1-08,entrevista,entrevista_estructurada,28,0,20,CV-VAC-0040-1,synthetic,SYN-001145
CRI-0200,VAC-0041,CMP-S2-05,evaluacion,revision_documental,9,0,20,CV-VAC-0041-1,synthetic,SYN-001154
CRI-0201,VAC-0041,CMP-S2-02,evaluacion,clase_demostrativa,12,0,20,CV-VAC-0041-1,synthetic,SYN-001159
CRI-0202,VAC-0041,CMP-S2-03,evaluacion,clase_demostrativa,15,0,20,CV-VAC-0041-1,synthetic,SYN-001164
CRI-0203,VAC-0041,CMP-S2-04,entrevista,entrevista_estructurada,14,0,20,CV-VAC-0041-1,synthetic,SYN-001169
CRI-0204,VAC-0041,CMP-S2-08,entrevista,entrevista_estructurada,18,0,20,CV-VAC-0041-1,synthetic,SYN-001174
CRI-0205,VAC-0041,CMP-S2-01,entrevista,entrevista_estructurada,32,0,20,CV-VAC-0041-1,synthetic,SYN-001179
CRI-0206,VAC-0042,CMP-S3-02,evaluacion,revision_documental,23,0,20,CV-VAC-0042-1,synthetic,SYN-001188
CRI-0207,VAC-0042,CMP-S3-03,evaluacion,revision_documental,20,0,20,CV-VAC-0042-1,synthetic,SYN-001193
CRI-0208,VAC-0042,CMP-S3-08,evaluacion,clase_demostrativa,19,0,20,CV-VAC-0042-1,synthetic,SYN-001198
CRI-0209,VAC-0042,CMP-S3-05,entrevista,entrevista_estructurada,13,0,20,CV-VAC-0042-1,synthetic,SYN-001203
CRI-0210,VAC-0042,CMP-S3-04,entrevista,entrevista_estructurada,8,0,20,CV-VAC-0042-1,synthetic,SYN-001208
CRI-0211,VAC-0042,CMP-S3-01,entrevista,entrevista_estructurada,17,0,20,CV-VAC-0042-1,synthetic,SYN-001213
CRI-0212,VAC-0043,CMP-S1-01,evaluacion,clase_demostrativa,20,0,20,CV-VAC-0043-1,synthetic,SYN-001222
CRI-0213,VAC-0043,CMP-S1-08,evaluacion,revision_documental,35,0,20,CV-VAC-0043-1,synthetic,SYN-001227
CRI-0214,VAC-0043,CMP-S1-05,entrevista,entrevista_estructurada,26,0,20,CV-VAC-0043-1,synthetic,SYN-001232
CRI-0215,VAC-0043,CMP-S1-04,entrevista,entrevista_estructurada,19,0,20,CV-VAC-0043-1,synthetic,SYN-001237
CRI-0216,VAC-0044,CMP-S2-06,evaluacion,prueba_escrita,25,0,20,CV-VAC-0044-1,synthetic,SYN-001245
CRI-0217,VAC-0044,CMP-S2-05,evaluacion,revision_documental,30,0,20,CV-VAC-0044-1,synthetic,SYN-001250
CRI-0218,VAC-0044,CMP-S2-07,entrevista,entrevista_estructurada,23,0,20,CV-VAC-0044-1,synthetic,SYN-001255
CRI-0219,VAC-0044,CMP-S2-08,entrevista,entrevista_estructurada,22,0,20,CV-VAC-0044-1,synthetic,SYN-001260
CRI-0220,VAC-0045,CMP-S3-02,evaluacion,revision_documental,16,0,20,CV-VAC-0045-1,synthetic,SYN-001268
CRI-0221,VAC-0045,CMP-S3-01,evaluacion,revision_documental,25,0,20,CV-VAC-0045-1,synthetic,SYN-001273
CRI-0222,VAC-0045,CMP-S3-05,evaluacion,revision_documental,19,0,20,CV-VAC-0045-1,synthetic,SYN-001278
CRI-0223,VAC-0045,CMP-S3-04,entrevista,entrevista_estructurada,10,0,20,CV-VAC-0045-1,synthetic,SYN-001283
CRI-0224,VAC-0045,CMP-S3-08,entrevista,entrevista_estructurada,11,0,20,CV-VAC-0045-1,synthetic,SYN-001288
CRI-0225,VAC-0045,CMP-S3-03,entrevista,entrevista_estructurada,19,0,20,CV-VAC-0045-1,synthetic,SYN-001293
CRI-0226,VAC-0046,CMP-S1-05,evaluacion,prueba_escrita,33,0,20,CV-VAC-0046-1,synthetic,SYN-001301
CRI-0227,VAC-0046,CMP-S1-03,evaluacion,revision_documental,27,0,20,CV-VAC-0046-1,synthetic,SYN-001306
CRI-0228,VAC-0046,CMP-S1-01,entrevista,entrevista_estructurada,17,0,20,CV-VAC-0046-1,synthetic,SYN-001311
CRI-0229,VAC-0046,CMP-S1-04,entrevista,entrevista_estructurada,23,0,20,CV-VAC-0046-1,synthetic,SYN-001316
CRI-0230,VAC-0047,CMP-S2-08,evaluacion,clase_demostrativa,19,0,20,CV-VAC-0047-1,synthetic,SYN-001324
CRI-0231,VAC-0047,CMP-S2-02,evaluacion,clase_demostrativa,23,0,20,CV-VAC-0047-1,synthetic,SYN-001329
CRI-0232,VAC-0047,CMP-S2-01,evaluacion,revision_documental,14,0,20,CV-VAC-0047-1,synthetic,SYN-001334
CRI-0233,VAC-0047,CMP-S2-03,entrevista,entrevista_estructurada,12,0,20,CV-VAC-0047-1,synthetic,SYN-001339
CRI-0234,VAC-0047,CMP-S2-05,entrevista,entrevista_estructurada,16,0,20,CV-VAC-0047-1,synthetic,SYN-001344
CRI-0235,VAC-0047,CMP-S2-04,entrevista,entrevista_estructurada,16,0,20,CV-VAC-0047-1,synthetic,SYN-001349
CRI-0236,VAC-0048,CMP-S3-06,evaluacion,revision_documental,31,0,20,CV-VAC-0048-1,synthetic,SYN-001358
CRI-0237,VAC-0048,CMP-S3-05,evaluacion,clase_demostrativa,17,0,20,CV-VAC-0048-1,synthetic,SYN-001363
CRI-0238,VAC-0048,CMP-S3-08,entrevista,entrevista_estructurada,30,0,20,CV-VAC-0048-1,synthetic,SYN-001368
CRI-0239,VAC-0048,CMP-S3-07,entrevista,entrevista_estructurada,22,0,20,CV-VAC-0048-1,synthetic,SYN-001373
CRI-0240,VAC-0049,CMP-S1-05,evaluacion,revision_documental,25,0,20,CV-VAC-0049-1,synthetic,SYN-001382
CRI-0241,VAC-0049,CMP-S1-08,evaluacion,revision_documental,29,0,20,CV-VAC-0049-1,synthetic,SYN-001387
CRI-0242,VAC-0049,CMP-S1-06,entrevista,entrevista_estructurada,31,0,20,CV-VAC-0049-1,synthetic,SYN-001392
CRI-0243,VAC-0049,CMP-S1-07,entrevista,entrevista_estructurada,15,0,20,CV-VAC-0049-1,synthetic,SYN-001397
CRI-0244,VAC-0050,CMP-S2-01,evaluacion,clase_demostrativa,18,0,20,CV-VAC-0050-1,synthetic,SYN-001406
CRI-0245,VAC-0050,CMP-S2-05,evaluacion,prueba_escrita,20,0,20,CV-VAC-0050-1,synthetic,SYN-001411
CRI-0246,VAC-0050,CMP-S2-08,entrevista,entrevista_estructurada,42,0,20,CV-VAC-0050-1,synthetic,SYN-001416
CRI-0247,VAC-0050,CMP-S2-04,entrevista,entrevista_estructurada,20,0,20,CV-VAC-0050-1,synthetic,SYN-001421
CRI-0248,VAC-0051,CMP-S3-03,evaluacion,prueba_escrita,19,0,20,CV-VAC-0051-1,synthetic,SYN-001428
CRI-0249,VAC-0051,CMP-S3-01,evaluacion,prueba_escrita,18,0,20,CV-VAC-0051-1,synthetic,SYN-001433
CRI-0250,VAC-0051,CMP-S3-04,evaluacion,prueba_escrita,22,0,20,CV-VAC-0051-1,synthetic,SYN-001438
CRI-0251,VAC-0051,CMP-S3-05,entrevista,entrevista_estructurada,17,0,20,CV-VAC-0051-1,synthetic,SYN-001443
CRI-0252,VAC-0051,CMP-S3-08,entrevista,entrevista_estructurada,24,0,20,CV-VAC-0051-1,synthetic,SYN-001448
CRI-0253,VAC-0052,CMP-S1-08,evaluacion,prueba_escrita,20,0,20,CV-VAC-0052-1,synthetic,SYN-001455
CRI-0254,VAC-0052,CMP-S1-05,evaluacion,prueba_escrita,26,0,20,CV-VAC-0052-1,synthetic,SYN-001460
CRI-0255,VAC-0052,CMP-S1-04,entrevista,entrevista_estructurada,34,0,20,CV-VAC-0052-1,synthetic,SYN-001465
CRI-0256,VAC-0052,CMP-S1-02,entrevista,entrevista_estructurada,20,0,20,CV-VAC-0052-1,synthetic,SYN-001470
CRI-0257,VAC-0053,CMP-S2-05,evaluacion,revision_documental,40,0,20,CV-VAC-0053-1,synthetic,SYN-001477
CRI-0258,VAC-0053,CMP-S2-08,evaluacion,revision_documental,17,0,20,CV-VAC-0053-1,synthetic,SYN-001482
CRI-0259,VAC-0053,CMP-S2-07,entrevista,entrevista_estructurada,15,0,20,CV-VAC-0053-1,synthetic,SYN-001487
CRI-0260,VAC-0053,CMP-S2-06,entrevista,entrevista_estructurada,28,0,20,CV-VAC-0053-1,synthetic,SYN-001492
CRI-0261,VAC-0054,CMP-S3-05,evaluacion,clase_demostrativa,29,0,20,CV-VAC-0054-1,synthetic,SYN-001501
CRI-0262,VAC-0054,CMP-S3-04,evaluacion,prueba_escrita,22,0,20,CV-VAC-0054-1,synthetic,SYN-001506
CRI-0263,VAC-0054,CMP-S3-08,entrevista,entrevista_estructurada,12,0,20,CV-VAC-0054-1,synthetic,SYN-001511
CRI-0264,VAC-0054,CMP-S3-03,entrevista,entrevista_estructurada,37,0,20,CV-VAC-0054-1,synthetic,SYN-001516
CRI-0265,VAC-0055,CMP-S1-04,evaluacion,clase_demostrativa,21,0,20,CV-VAC-0055-1,synthetic,SYN-001524
CRI-0266,VAC-0055,CMP-S1-05,evaluacion,prueba_escrita,17,0,20,CV-VAC-0055-1,synthetic,SYN-001529
CRI-0267,VAC-0055,CMP-S1-01,evaluacion,revision_documental,23,0,20,CV-VAC-0055-1,synthetic,SYN-001534
CRI-0268,VAC-0055,CMP-S1-02,entrevista,entrevista_estructurada,26,0,20,CV-VAC-0055-1,synthetic,SYN-001539
CRI-0269,VAC-0055,CMP-S1-08,entrevista,entrevista_estructurada,13,0,20,CV-VAC-0055-1,synthetic,SYN-001544
CRI-0270,VAC-0056,CMP-S2-04,evaluacion,prueba_escrita,24,0,20,CV-VAC-0056-1,synthetic,SYN-001551
CRI-0271,VAC-0056,CMP-S2-08,evaluacion,revision_documental,12,0,20,CV-VAC-0056-1,synthetic,SYN-001556
CRI-0272,VAC-0056,CMP-S2-05,evaluacion,revision_documental,21,0,20,CV-VAC-0056-1,synthetic,SYN-001561
CRI-0273,VAC-0056,CMP-S2-01,entrevista,entrevista_estructurada,12,0,20,CV-VAC-0056-1,synthetic,SYN-001566
CRI-0274,VAC-0056,CMP-S2-02,entrevista,entrevista_estructurada,17,0,20,CV-VAC-0056-1,synthetic,SYN-001571
CRI-0275,VAC-0056,CMP-S2-03,entrevista,entrevista_estructurada,14,0,20,CV-VAC-0056-1,synthetic,SYN-001576
CRI-0276,VAC-0057,CMP-S3-08,evaluacion,revision_documental,24,0,20,CV-VAC-0057-1,synthetic,SYN-001584
CRI-0277,VAC-0057,CMP-S3-05,evaluacion,prueba_escrita,31,0,20,CV-VAC-0057-1,synthetic,SYN-001589
CRI-0278,VAC-0057,CMP-S3-06,entrevista,entrevista_estructurada,31,0,20,CV-VAC-0057-1,synthetic,SYN-001594
CRI-0279,VAC-0057,CMP-S3-07,entrevista,entrevista_estructurada,14,0,20,CV-VAC-0057-1,synthetic,SYN-001599
CRI-0280,VAC-0058,CMP-S1-07,evaluacion,revision_documental,40,0,20,CV-VAC-0058-1,synthetic,SYN-001606
CRI-0281,VAC-0058,CMP-S1-08,evaluacion,prueba_escrita,23,0,20,CV-VAC-0058-1,synthetic,SYN-001611
CRI-0282,VAC-0058,CMP-S1-06,entrevista,entrevista_estructurada,22,0,20,CV-VAC-0058-1,synthetic,SYN-001616
CRI-0283,VAC-0058,CMP-S1-05,entrevista,entrevista_estructurada,15,0,20,CV-VAC-0058-1,synthetic,SYN-001621
CRI-0284,VAC-0059,CMP-S2-05,evaluacion,revision_documental,21,0,20,CV-VAC-0059-1,synthetic,SYN-001629
CRI-0285,VAC-0059,CMP-S2-08,evaluacion,prueba_escrita,12,0,20,CV-VAC-0059-1,synthetic,SYN-001634
CRI-0286,VAC-0059,CMP-S2-04,evaluacion,revision_documental,19,0,20,CV-VAC-0059-1,synthetic,SYN-001639
CRI-0287,VAC-0059,CMP-S2-02,entrevista,entrevista_estructurada,20,0,20,CV-VAC-0059-1,synthetic,SYN-001644
CRI-0288,VAC-0059,CMP-S2-03,entrevista,entrevista_estructurada,28,0,20,CV-VAC-0059-1,synthetic,SYN-001649
CRI-0289,VAC-0060,CMP-S3-08,evaluacion,prueba_escrita,23,0,20,CV-VAC-0060-1,synthetic,SYN-001656
CRI-0290,VAC-0060,CMP-S3-06,evaluacion,prueba_escrita,18,0,20,CV-VAC-0060-1,synthetic,SYN-001661
CRI-0291,VAC-0060,CMP-S3-07,entrevista,entrevista_estructurada,32,0,20,CV-VAC-0060-1,synthetic,SYN-001666
CRI-0292,VAC-0060,CMP-S3-05,entrevista,entrevista_estructurada,27,0,20,CV-VAC-0060-1,synthetic,SYN-001671
CRI-0293,VAC-0061,CMP-S1-03,evaluacion,clase_demostrativa,10,0,20,CV-VAC-0061-1,synthetic,SYN-001678
CRI-0294,VAC-0061,CMP-S1-01,evaluacion,clase_demostrativa,12,0,20,CV-VAC-0061-1,synthetic,SYN-001683
CRI-0295,VAC-0061,CMP-S1-04,evaluacion,prueba_escrita,14,0,20,CV-VAC-0061-1,synthetic,SYN-001688
CRI-0296,VAC-0061,CMP-S1-08,entrevista,entrevista_estructurada,20,0,20,CV-VAC-0061-1,synthetic,SYN-001693
CRI-0297,VAC-0061,CMP-S1-02,entrevista,entrevista_estructurada,24,0,20,CV-VAC-0061-1,synthetic,SYN-001698
CRI-0298,VAC-0061,CMP-S1-05,entrevista,entrevista_estructurada,20,0,20,CV-VAC-0061-1,synthetic,SYN-001703
CRI-0299,VAC-0062,CMP-S2-06,evaluacion,prueba_escrita,25,0,20,CV-VAC-0062-1,synthetic,SYN-001710
CRI-0300,VAC-0062,CMP-S2-07,evaluacion,revision_documental,21,0,20,CV-VAC-0062-1,synthetic,SYN-001715
CRI-0301,VAC-0062,CMP-S2-05,entrevista,entrevista_estructurada,33,0,20,CV-VAC-0062-1,synthetic,SYN-001720
CRI-0302,VAC-0062,CMP-S2-08,entrevista,entrevista_estructurada,21,0,20,CV-VAC-0062-1,synthetic,SYN-001725
CRI-0303,VAC-0063,CMP-S3-05,evaluacion,revision_documental,17,0,20,CV-VAC-0063-1,synthetic,SYN-001734
CRI-0304,VAC-0063,CMP-S3-01,evaluacion,clase_demostrativa,20,0,20,CV-VAC-0063-1,synthetic,SYN-001739
CRI-0305,VAC-0063,CMP-S3-08,evaluacion,prueba_escrita,19,0,20,CV-VAC-0063-1,synthetic,SYN-001744
CRI-0306,VAC-0063,CMP-S3-02,entrevista,entrevista_estructurada,22,0,20,CV-VAC-0063-1,synthetic,SYN-001749
CRI-0307,VAC-0063,CMP-S3-04,entrevista,entrevista_estructurada,22,0,20,CV-VAC-0063-1,synthetic,SYN-001754
CRI-0308,VAC-0064,CMP-S1-08,evaluacion,clase_demostrativa,26,0,20,CV-VAC-0064-1,synthetic,SYN-001762
CRI-0309,VAC-0064,CMP-S1-04,evaluacion,clase_demostrativa,31,0,20,CV-VAC-0064-1,synthetic,SYN-001767
CRI-0310,VAC-0064,CMP-S1-02,entrevista,entrevista_estructurada,26,0,20,CV-VAC-0064-1,synthetic,SYN-001772
CRI-0311,VAC-0064,CMP-S1-01,entrevista,entrevista_estructurada,17,0,20,CV-VAC-0064-1,synthetic,SYN-001777
CRI-0312,VAC-0065,CMP-S2-07,evaluacion,prueba_escrita,27,0,20,CV-VAC-0065-1,synthetic,SYN-001784
CRI-0313,VAC-0065,CMP-S2-06,evaluacion,prueba_escrita,27,0,20,CV-VAC-0065-1,synthetic,SYN-001789
CRI-0314,VAC-0065,CMP-S2-05,entrevista,entrevista_estructurada,23,0,20,CV-VAC-0065-1,synthetic,SYN-001794
CRI-0315,VAC-0065,CMP-S2-08,entrevista,entrevista_estructurada,23,0,20,CV-VAC-0065-1,synthetic,SYN-001799
CRI-0316,VAC-0066,CMP-S3-08,evaluacion,clase_demostrativa,16,0,20,CV-VAC-0066-1,synthetic,SYN-001808
CRI-0317,VAC-0066,CMP-S3-05,evaluacion,revision_documental,43,0,20,CV-VAC-0066-1,synthetic,SYN-001813
CRI-0318,VAC-0066,CMP-S3-07,entrevista,entrevista_estructurada,27,0,20,CV-VAC-0066-1,synthetic,SYN-001818
CRI-0319,VAC-0066,CMP-S3-06,entrevista,entrevista_estructurada,14,0,20,CV-VAC-0066-1,synthetic,SYN-001823
CRI-0320,VAC-0067,CMP-S1-01,evaluacion,revision_documental,18,0,20,CV-VAC-0067-1,synthetic,SYN-001830
CRI-0321,VAC-0067,CMP-S1-03,evaluacion,clase_demostrativa,24,0,20,CV-VAC-0067-1,synthetic,SYN-001835
CRI-0322,VAC-0067,CMP-S1-04,entrevista,entrevista_estructurada,27,0,20,CV-VAC-0067-1,synthetic,SYN-001840
CRI-0323,VAC-0067,CMP-S1-05,entrevista,entrevista_estructurada,31,0,20,CV-VAC-0067-1,synthetic,SYN-001845
CRI-0324,VAC-0068,CMP-S2-06,evaluacion,prueba_escrita,14,0,20,CV-VAC-0068-1,synthetic,SYN-001853
CRI-0325,VAC-0068,CMP-S2-08,evaluacion,revision_documental,14,0,20,CV-VAC-0068-1,synthetic,SYN-001858
CRI-0326,VAC-0068,CMP-S2-07,entrevista,entrevista_estructurada,49,0,20,CV-VAC-0068-1,synthetic,SYN-001863
CRI-0327,VAC-0068,CMP-S2-05,entrevista,entrevista_estructurada,23,0,20,CV-VAC-0068-1,synthetic,SYN-001868
CRI-0328,VAC-0069,CMP-S3-01,evaluacion,revision_documental,21,0,20,CV-VAC-0069-1,synthetic,SYN-001876
CRI-0329,VAC-0069,CMP-S3-04,evaluacion,revision_documental,35,0,20,CV-VAC-0069-1,synthetic,SYN-001881
CRI-0330,VAC-0069,CMP-S3-05,entrevista,entrevista_estructurada,13,0,20,CV-VAC-0069-1,synthetic,SYN-001886
CRI-0331,VAC-0069,CMP-S3-02,entrevista,entrevista_estructurada,31,0,20,CV-VAC-0069-1,synthetic,SYN-001891
CRI-0332,VAC-0070,CMP-S1-07,evaluacion,revision_documental,15,0,20,CV-VAC-0070-1,synthetic,SYN-001900
CRI-0333,VAC-0070,CMP-S1-08,evaluacion,clase_demostrativa,36,0,20,CV-VAC-0070-1,synthetic,SYN-001905
CRI-0334,VAC-0070,CMP-S1-05,entrevista,entrevista_estructurada,31,0,20,CV-VAC-0070-1,synthetic,SYN-001910
CRI-0335,VAC-0070,CMP-S1-06,entrevista,entrevista_estructurada,18,0,20,CV-VAC-0070-1,synthetic,SYN-001915
CRI-0336,VAC-0071,CMP-S2-01,evaluacion,revision_documental,16,0,20,CV-VAC-0071-1,synthetic,SYN-001924
CRI-0337,VAC-0071,CMP-S2-02,evaluacion,prueba_escrita,13,0,20,CV-VAC-0071-1,synthetic,SYN-001929
CRI-0338,VAC-0071,CMP-S2-05,evaluacion,prueba_escrita,20,0,20,CV-VAC-0071-1,synthetic,SYN-001934
CRI-0339,VAC-0071,CMP-S2-04,entrevista,entrevista_estructurada,9,0,20,CV-VAC-0071-1,synthetic,SYN-001939
CRI-0340,VAC-0071,CMP-S2-08,entrevista,entrevista_estructurada,20,0,20,CV-VAC-0071-1,synthetic,SYN-001944
CRI-0341,VAC-0071,CMP-S2-03,entrevista,entrevista_estructurada,22,0,20,CV-VAC-0071-1,synthetic,SYN-001949
CRI-0342,VAC-0072,CMP-S3-06,evaluacion,revision_documental,27,0,20,CV-VAC-0072-1,synthetic,SYN-001958
CRI-0343,VAC-0072,CMP-S3-07,evaluacion,clase_demostrativa,38,0,20,CV-VAC-0072-1,synthetic,SYN-001963
CRI-0344,VAC-0072,CMP-S3-08,entrevista,entrevista_estructurada,10,0,20,CV-VAC-0072-1,synthetic,SYN-001968
CRI-0345,VAC-0072,CMP-S3-05,entrevista,entrevista_estructurada,25,0,20,CV-VAC-0072-1,synthetic,SYN-001973
CRI-0346,VAC-0073,CMP-S1-04,evaluacion,clase_demostrativa,15,0,20,CV-VAC-0073-1,synthetic,SYN-001982
CRI-0347,VAC-0073,CMP-S1-08,evaluacion,prueba_escrita,12,0,20,CV-VAC-0073-1,synthetic,SYN-001987
CRI-0348,VAC-0073,CMP-S1-05,evaluacion,clase_demostrativa,25,0,20,CV-VAC-0073-1,synthetic,SYN-001992
CRI-0349,VAC-0073,CMP-S1-01,entrevista,entrevista_estructurada,11,0,20,CV-VAC-0073-1,synthetic,SYN-001997
CRI-0350,VAC-0073,CMP-S1-02,entrevista,entrevista_estructurada,37,0,20,CV-VAC-0073-1,synthetic,SYN-002002
CRI-0351,VAC-0074,CMP-S2-03,evaluacion,prueba_escrita,30,0,20,CV-VAC-0074-1,synthetic,SYN-002010
CRI-0352,VAC-0074,CMP-S2-02,evaluacion,revision_documental,20,0,20,CV-VAC-0074-1,synthetic,SYN-002015
CRI-0353,VAC-0074,CMP-S2-08,evaluacion,prueba_escrita,13,0,20,CV-VAC-0074-1,synthetic,SYN-002020
CRI-0354,VAC-0074,CMP-S2-01,entrevista,entrevista_estructurada,21,0,20,CV-VAC-0074-1,synthetic,SYN-002025
CRI-0355,VAC-0074,CMP-S2-05,entrevista,entrevista_estructurada,16,0,20,CV-VAC-0074-1,synthetic,SYN-002030
CRI-0356,VAC-0075,CMP-S3-01,evaluacion,prueba_escrita,14,0,20,CV-VAC-0075-1,synthetic,SYN-002037
CRI-0357,VAC-0075,CMP-S3-05,evaluacion,prueba_escrita,12,0,20,CV-VAC-0075-1,synthetic,SYN-002042
CRI-0358,VAC-0075,CMP-S3-08,evaluacion,revision_documental,11,0,20,CV-VAC-0075-1,synthetic,SYN-002047
CRI-0359,VAC-0075,CMP-S3-04,entrevista,entrevista_estructurada,32,0,20,CV-VAC-0075-1,synthetic,SYN-002052
CRI-0360,VAC-0075,CMP-S3-02,entrevista,entrevista_estructurada,31,0,20,CV-VAC-0075-1,synthetic,SYN-002057
CRI-0361,VAC-0076,CMP-S1-07,evaluacion,clase_demostrativa,9,0,20,CV-VAC-0076-1,synthetic,SYN-002066
CRI-0362,VAC-0076,CMP-S1-05,evaluacion,prueba_escrita,35,0,20,CV-VAC-0076-1,synthetic,SYN-002071
CRI-0363,VAC-0076,CMP-S1-08,entrevista,entrevista_estructurada,29,0,20,CV-VAC-0076-1,synthetic,SYN-002076
CRI-0364,VAC-0076,CMP-S1-06,entrevista,entrevista_estructurada,27,0,20,CV-VAC-0076-1,synthetic,SYN-002081
CRI-0365,VAC-0077,CMP-S2-07,evaluacion,prueba_escrita,18,0,20,CV-VAC-0077-1,synthetic,SYN-002090
CRI-0366,VAC-0077,CMP-S2-06,evaluacion,prueba_escrita,13,0,20,CV-VAC-0077-1,synthetic,SYN-002095
CRI-0367,VAC-0077,CMP-S2-05,entrevista,entrevista_estructurada,45,0,20,CV-VAC-0077-1,synthetic,SYN-002100
CRI-0368,VAC-0077,CMP-S2-08,entrevista,entrevista_estructurada,24,0,20,CV-VAC-0077-1,synthetic,SYN-002105
CRI-0369,VAC-0078,CMP-S3-08,evaluacion,revision_documental,13,0,20,CV-VAC-0078-1,synthetic,SYN-002113
CRI-0370,VAC-0078,CMP-S3-02,evaluacion,revision_documental,30,0,20,CV-VAC-0078-1,synthetic,SYN-002118
CRI-0371,VAC-0078,CMP-S3-04,entrevista,entrevista_estructurada,41,0,20,CV-VAC-0078-1,synthetic,SYN-002123
CRI-0372,VAC-0078,CMP-S3-03,entrevista,entrevista_estructurada,16,0,20,CV-VAC-0078-1,synthetic,SYN-002128
CRI-0373,VAC-0079,CMP-S1-03,evaluacion,revision_documental,20,0,20,CV-VAC-0079-1,synthetic,SYN-002136
CRI-0374,VAC-0079,CMP-S1-01,evaluacion,prueba_escrita,26,0,20,CV-VAC-0079-1,synthetic,SYN-002141
CRI-0375,VAC-0079,CMP-S1-08,evaluacion,clase_demostrativa,11,0,20,CV-VAC-0079-1,synthetic,SYN-002146
CRI-0376,VAC-0079,CMP-S1-04,entrevista,entrevista_estructurada,8,0,20,CV-VAC-0079-1,synthetic,SYN-002151
CRI-0377,VAC-0079,CMP-S1-02,entrevista,entrevista_estructurada,9,0,20,CV-VAC-0079-1,synthetic,SYN-002156
CRI-0378,VAC-0079,CMP-S1-05,entrevista,entrevista_estructurada,26,0,20,CV-VAC-0079-1,synthetic,SYN-002161
CRI-0379,VAC-0080,CMP-S2-02,evaluacion,prueba_escrita,18,0,20,CV-VAC-0080-1,synthetic,SYN-002170
CRI-0380,VAC-0080,CMP-S2-04,evaluacion,revision_documental,24,0,20,CV-VAC-0080-1,synthetic,SYN-002175
CRI-0381,VAC-0080,CMP-S2-03,evaluacion,prueba_escrita,19,0,20,CV-VAC-0080-1,synthetic,SYN-002180
CRI-0382,VAC-0080,CMP-S2-08,entrevista,entrevista_estructurada,23,0,20,CV-VAC-0080-1,synthetic,SYN-002185
CRI-0383,VAC-0080,CMP-S2-05,entrevista,entrevista_estructurada,16,0,20,CV-VAC-0080-1,synthetic,SYN-002190
CRI-0384,VAC-0081,CMP-S3-03,evaluacion,prueba_escrita,15,0,20,CV-VAC-0081-1,synthetic,SYN-002197
CRI-0385,VAC-0081,CMP-S3-08,evaluacion,prueba_escrita,21,0,20,CV-VAC-0081-1,synthetic,SYN-002202
CRI-0386,VAC-0081,CMP-S3-04,evaluacion,revision_documental,25,0,20,CV-VAC-0081-1,synthetic,SYN-002207
CRI-0387,VAC-0081,CMP-S3-02,entrevista,entrevista_estructurada,22,0,20,CV-VAC-0081-1,synthetic,SYN-002212
CRI-0388,VAC-0081,CMP-S3-01,entrevista,entrevista_estructurada,17,0,20,CV-VAC-0081-1,synthetic,SYN-002217
CRI-0389,VAC-0082,CMP-S1-03,evaluacion,clase_demostrativa,39,0,20,CV-VAC-0082-1,synthetic,SYN-002226
CRI-0390,VAC-0082,CMP-S1-01,evaluacion,prueba_escrita,33,0,20,CV-VAC-0082-1,synthetic,SYN-002231
CRI-0391,VAC-0082,CMP-S1-04,entrevista,entrevista_estructurada,13,0,20,CV-VAC-0082-1,synthetic,SYN-002236
CRI-0392,VAC-0082,CMP-S1-05,entrevista,entrevista_estructurada,15,0,20,CV-VAC-0082-1,synthetic,SYN-002241
CRI-0393,VAC-0083,CMP-S2-08,evaluacion,prueba_escrita,14,0,20,CV-VAC-0083-1,synthetic,SYN-002248
CRI-0394,VAC-0083,CMP-S2-02,evaluacion,clase_demostrativa,24,0,20,CV-VAC-0083-1,synthetic,SYN-002253
CRI-0395,VAC-0083,CMP-S2-01,evaluacion,revision_documental,23,0,20,CV-VAC-0083-1,synthetic,SYN-002258
CRI-0396,VAC-0083,CMP-S2-05,entrevista,entrevista_estructurada,16,0,20,CV-VAC-0083-1,synthetic,SYN-002263
CRI-0397,VAC-0083,CMP-S2-03,entrevista,entrevista_estructurada,23,0,20,CV-VAC-0083-1,synthetic,SYN-002268
CRI-0398,VAC-0084,CMP-S3-01,evaluacion,revision_documental,9,0,20,CV-VAC-0084-1,synthetic,SYN-002275
CRI-0399,VAC-0084,CMP-S3-03,evaluacion,clase_demostrativa,34,0,20,CV-VAC-0084-1,synthetic,SYN-002280
CRI-0400,VAC-0084,CMP-S3-02,entrevista,entrevista_estructurada,31,0,20,CV-VAC-0084-1,synthetic,SYN-002285
CRI-0401,VAC-0084,CMP-S3-04,entrevista,entrevista_estructurada,26,0,20,CV-VAC-0084-1,synthetic,SYN-002290
CRI-0402,VAC-0085,CMP-S1-05,evaluacion,revision_documental,21,0,20,CV-VAC-0085-1,synthetic,SYN-002297
CRI-0403,VAC-0085,CMP-S1-06,evaluacion,prueba_escrita,45,0,20,CV-VAC-0085-1,synthetic,SYN-002302
CRI-0404,VAC-0085,CMP-S1-07,entrevista,entrevista_estructurada,15,0,20,CV-VAC-0085-1,synthetic,SYN-002307
CRI-0405,VAC-0085,CMP-S1-08,entrevista,entrevista_estructurada,19,0,20,CV-VAC-0085-1,synthetic,SYN-002312
CRI-0406,VAC-0086,CMP-S2-04,evaluacion,clase_demostrativa,18,0,20,CV-VAC-0086-1,synthetic,SYN-002321
CRI-0407,VAC-0086,CMP-S2-01,evaluacion,revision_documental,25,0,20,CV-VAC-0086-1,synthetic,SYN-002326
CRI-0408,VAC-0086,CMP-S2-08,entrevista,entrevista_estructurada,16,0,20,CV-VAC-0086-1,synthetic,SYN-002331
CRI-0409,VAC-0086,CMP-S2-03,entrevista,entrevista_estructurada,41,0,20,CV-VAC-0086-1,synthetic,SYN-002336
CRI-0410,VAC-0087,CMP-S3-08,evaluacion,revision_documental,23,0,20,CV-VAC-0087-1,synthetic,SYN-002343
CRI-0411,VAC-0087,CMP-S3-06,evaluacion,clase_demostrativa,22,0,20,CV-VAC-0087-1,synthetic,SYN-002348
CRI-0412,VAC-0087,CMP-S3-05,entrevista,entrevista_estructurada,27,0,20,CV-VAC-0087-1,synthetic,SYN-002353
CRI-0413,VAC-0087,CMP-S3-07,entrevista,entrevista_estructurada,28,0,20,CV-VAC-0087-1,synthetic,SYN-002358
CRI-0414,VAC-0088,CMP-S1-03,evaluacion,prueba_escrita,21,0,20,CV-VAC-0088-1,synthetic,SYN-002367
CRI-0415,VAC-0088,CMP-S1-01,evaluacion,revision_documental,16,0,20,CV-VAC-0088-1,synthetic,SYN-002372
CRI-0416,VAC-0088,CMP-S1-08,evaluacion,prueba_escrita,12,0,20,CV-VAC-0088-1,synthetic,SYN-002377
CRI-0417,VAC-0088,CMP-S1-02,entrevista,entrevista_estructurada,26,0,20,CV-VAC-0088-1,synthetic,SYN-002382
CRI-0418,VAC-0088,CMP-S1-04,entrevista,entrevista_estructurada,25,0,20,CV-VAC-0088-1,synthetic,SYN-002387
CRI-0419,VAC-0089,CMP-S2-04,evaluacion,prueba_escrita,26,0,20,CV-VAC-0089-1,synthetic,SYN-002396
CRI-0420,VAC-0089,CMP-S2-02,evaluacion,prueba_escrita,19,0,20,CV-VAC-0089-1,synthetic,SYN-002401
CRI-0421,VAC-0089,CMP-S2-05,evaluacion,prueba_escrita,13,0,20,CV-VAC-0089-1,synthetic,SYN-002406
CRI-0422,VAC-0089,CMP-S2-01,entrevista,entrevista_estructurada,11,0,20,CV-VAC-0089-1,synthetic,SYN-002411
CRI-0423,VAC-0089,CMP-S2-03,entrevista,entrevista_estructurada,31,0,20,CV-VAC-0089-1,synthetic,SYN-002416
CRI-0424,VAC-0090,CMP-S3-07,evaluacion,prueba_escrita,25,0,20,CV-VAC-0090-1,synthetic,SYN-002423
CRI-0425,VAC-0090,CMP-S3-06,evaluacion,clase_demostrativa,28,0,20,CV-VAC-0090-1,synthetic,SYN-002428
CRI-0426,VAC-0090,CMP-S3-08,entrevista,entrevista_estructurada,22,0,20,CV-VAC-0090-1,synthetic,SYN-002433
CRI-0427,VAC-0090,CMP-S3-05,entrevista,entrevista_estructurada,25,0,20,CV-VAC-0090-1,synthetic,SYN-002438
CRI-0428,VAC-0091,CMP-S1-06,evaluacion,clase_demostrativa,28,0,20,CV-VAC-0091-1,synthetic,SYN-002445
CRI-0429,VAC-0091,CMP-S1-07,evaluacion,revision_documental,31,0,20,CV-VAC-0091-1,synthetic,SYN-002450
CRI-0430,VAC-0091,CMP-S1-08,entrevista,entrevista_estructurada,24,0,20,CV-VAC-0091-1,synthetic,SYN-002455
CRI-0431,VAC-0091,CMP-S1-05,entrevista,entrevista_estructurada,17,0,20,CV-VAC-0091-1,synthetic,SYN-002460
CRI-0432,VAC-0092,CMP-S2-08,evaluacion,clase_demostrativa,14,0,20,CV-VAC-0092-1,synthetic,SYN-002469
CRI-0433,VAC-0092,CMP-S2-04,evaluacion,clase_demostrativa,29,0,20,CV-VAC-0092-1,synthetic,SYN-002474
CRI-0434,VAC-0092,CMP-S2-03,evaluacion,clase_demostrativa,11,0,20,CV-VAC-0092-1,synthetic,SYN-002479
CRI-0435,VAC-0092,CMP-S2-01,entrevista,entrevista_estructurada,13,0,20,CV-VAC-0092-1,synthetic,SYN-002484
CRI-0436,VAC-0092,CMP-S2-05,entrevista,entrevista_estructurada,23,0,20,CV-VAC-0092-1,synthetic,SYN-002489
CRI-0437,VAC-0092,CMP-S2-02,entrevista,entrevista_estructurada,10,0,20,CV-VAC-0092-1,synthetic,SYN-002494
CRI-0438,VAC-0093,CMP-S3-04,evaluacion,revision_documental,10,0,20,CV-VAC-0093-1,synthetic,SYN-002501
CRI-0439,VAC-0093,CMP-S3-01,evaluacion,clase_demostrativa,20,0,20,CV-VAC-0093-1,synthetic,SYN-002506
CRI-0440,VAC-0093,CMP-S3-08,evaluacion,clase_demostrativa,14,0,20,CV-VAC-0093-1,synthetic,SYN-002511
CRI-0441,VAC-0093,CMP-S3-02,entrevista,entrevista_estructurada,31,0,20,CV-VAC-0093-1,synthetic,SYN-002516
CRI-0442,VAC-0093,CMP-S3-03,entrevista,entrevista_estructurada,25,0,20,CV-VAC-0093-1,synthetic,SYN-002521
CRI-0443,VAC-0094,CMP-S1-07,evaluacion,prueba_escrita,19,0,20,CV-VAC-0094-1,synthetic,SYN-002530
CRI-0444,VAC-0094,CMP-S1-05,evaluacion,revision_documental,31,0,20,CV-VAC-0094-1,synthetic,SYN-002535
CRI-0445,VAC-0094,CMP-S1-06,entrevista,entrevista_estructurada,27,0,20,CV-VAC-0094-1,synthetic,SYN-002540
CRI-0446,VAC-0094,CMP-S1-08,entrevista,entrevista_estructurada,23,0,20,CV-VAC-0094-1,synthetic,SYN-002545
CRI-0447,VAC-0095,CMP-S2-03,evaluacion,revision_documental,16,0,20,CV-VAC-0095-1,synthetic,SYN-002552
CRI-0448,VAC-0095,CMP-S2-05,evaluacion,prueba_escrita,26,0,20,CV-VAC-0095-1,synthetic,SYN-002557
CRI-0449,VAC-0095,CMP-S2-01,evaluacion,revision_documental,9,0,20,CV-VAC-0095-1,synthetic,SYN-002562
CRI-0450,VAC-0095,CMP-S2-02,entrevista,entrevista_estructurada,12,0,20,CV-VAC-0095-1,synthetic,SYN-002567
CRI-0451,VAC-0095,CMP-S2-08,entrevista,entrevista_estructurada,27,0,20,CV-VAC-0095-1,synthetic,SYN-002572
CRI-0452,VAC-0095,CMP-S2-04,entrevista,entrevista_estructurada,10,0,20,CV-VAC-0095-1,synthetic,SYN-002577
CRI-0453,VAC-0096,CMP-S3-05,evaluacion,prueba_escrita,22,0,20,CV-VAC-0096-1,synthetic,SYN-002586
CRI-0454,VAC-0096,CMP-S3-04,evaluacion,prueba_escrita,33,0,20,CV-VAC-0096-1,synthetic,SYN-002591
CRI-0455,VAC-0096,CMP-S3-08,evaluacion,clase_demostrativa,9,0,20,CV-VAC-0096-1,synthetic,SYN-002596
CRI-0456,VAC-0096,CMP-S3-02,entrevista,entrevista_estructurada,23,0,20,CV-VAC-0096-1,synthetic,SYN-002601
CRI-0457,VAC-0096,CMP-S3-01,entrevista,entrevista_estructurada,13,0,20,CV-VAC-0096-1,synthetic,SYN-002606
CRI-0458,VAC-0097,CMP-S1-05,evaluacion,revision_documental,35,0,20,CV-VAC-0097-1,synthetic,SYN-002615
CRI-0459,VAC-0097,CMP-S1-06,evaluacion,prueba_escrita,33,0,20,CV-VAC-0097-1,synthetic,SYN-002620
CRI-0460,VAC-0097,CMP-S1-08,entrevista,entrevista_estructurada,16,0,20,CV-VAC-0097-1,synthetic,SYN-002625
CRI-0461,VAC-0097,CMP-S1-07,entrevista,entrevista_estructurada,16,0,20,CV-VAC-0097-1,synthetic,SYN-002630
CRI-0462,VAC-0098,CMP-S2-04,evaluacion,revision_documental,19,0,20,CV-VAC-0098-1,synthetic,SYN-002639
CRI-0463,VAC-0098,CMP-S2-05,evaluacion,prueba_escrita,13,0,20,CV-VAC-0098-1,synthetic,SYN-002644
CRI-0464,VAC-0098,CMP-S2-03,evaluacion,prueba_escrita,20,0,20,CV-VAC-0098-1,synthetic,SYN-002649
CRI-0465,VAC-0098,CMP-S2-02,entrevista,entrevista_estructurada,18,0,20,CV-VAC-0098-1,synthetic,SYN-002654
CRI-0466,VAC-0098,CMP-S2-01,entrevista,entrevista_estructurada,23,0,20,CV-VAC-0098-1,synthetic,SYN-002659
CRI-0467,VAC-0098,CMP-S2-08,entrevista,entrevista_estructurada,7,0,20,CV-VAC-0098-1,synthetic,SYN-002664
CRI-0468,VAC-0099,CMP-S3-08,evaluacion,revision_documental,27,0,20,CV-VAC-0099-1,synthetic,SYN-002672
CRI-0469,VAC-0099,CMP-S3-05,evaluacion,clase_demostrativa,30,0,20,CV-VAC-0099-1,synthetic,SYN-002677
CRI-0470,VAC-0099,CMP-S3-06,entrevista,entrevista_estructurada,31,0,20,CV-VAC-0099-1,synthetic,SYN-002682
CRI-0471,VAC-0099,CMP-S3-07,entrevista,entrevista_estructurada,12,0,20,CV-VAC-0099-1,synthetic,SYN-002687
CRI-0472,VAC-0100,CMP-S1-02,evaluacion,revision_documental,29,0,20,CV-VAC-0100-1,synthetic,SYN-002695
CRI-0473,VAC-0100,CMP-S1-05,evaluacion,revision_documental,17,0,20,CV-VAC-0100-1,synthetic,SYN-002700
CRI-0474,VAC-0100,CMP-S1-03,entrevista,entrevista_estructurada,22,0,20,CV-VAC-0100-1,synthetic,SYN-002705
CRI-0475,VAC-0100,CMP-S1-04,entrevista,entrevista_estructurada,32,0,20,CV-VAC-0100-1,synthetic,SYN-002710
CRI-0476,VAC-0101,CMP-S2-08,evaluacion,prueba_escrita,14,0,20,CV-VAC-0101-1,synthetic,SYN-002717
CRI-0477,VAC-0101,CMP-S2-04,evaluacion,clase_demostrativa,20,0,20,CV-VAC-0101-1,synthetic,SYN-002722
CRI-0478,VAC-0101,CMP-S2-02,evaluacion,clase_demostrativa,12,0,20,CV-VAC-0101-1,synthetic,SYN-002727
CRI-0479,VAC-0101,CMP-S2-03,entrevista,entrevista_estructurada,19,0,20,CV-VAC-0101-1,synthetic,SYN-002732
CRI-0480,VAC-0101,CMP-S2-05,entrevista,entrevista_estructurada,16,0,20,CV-VAC-0101-1,synthetic,SYN-002737
CRI-0481,VAC-0101,CMP-S2-01,entrevista,entrevista_estructurada,19,0,20,CV-VAC-0101-1,synthetic,SYN-002742
CRI-0482,VAC-0102,CMP-S3-01,evaluacion,revision_documental,22,0,20,CV-VAC-0102-1,synthetic,SYN-002749
CRI-0483,VAC-0102,CMP-S3-04,evaluacion,revision_documental,30,0,20,CV-VAC-0102-1,synthetic,SYN-002754
CRI-0484,VAC-0102,CMP-S3-05,evaluacion,revision_documental,9,0,20,CV-VAC-0102-1,synthetic,SYN-002759
CRI-0485,VAC-0102,CMP-S3-02,entrevista,entrevista_estructurada,12,0,20,CV-VAC-0102-1,synthetic,SYN-002764
CRI-0486,VAC-0102,CMP-S3-03,entrevista,entrevista_estructurada,27,0,20,CV-VAC-0102-1,synthetic,SYN-002769
CRI-0487,VAC-0103,CMP-S1-03,evaluacion,clase_demostrativa,13,0,20,CV-VAC-0103-1,synthetic,SYN-002777
CRI-0488,VAC-0103,CMP-S1-08,evaluacion,revision_documental,30,0,20,CV-VAC-0103-1,synthetic,SYN-002782
CRI-0489,VAC-0103,CMP-S1-05,evaluacion,revision_documental,11,0,20,CV-VAC-0103-1,synthetic,SYN-002787
CRI-0490,VAC-0103,CMP-S1-02,entrevista,entrevista_estructurada,18,0,20,CV-VAC-0103-1,synthetic,SYN-002792
CRI-0491,VAC-0103,CMP-S1-01,entrevista,entrevista_estructurada,19,0,20,CV-VAC-0103-1,synthetic,SYN-002797
CRI-0492,VAC-0103,CMP-S1-04,entrevista,entrevista_estructurada,9,0,20,CV-VAC-0103-1,synthetic,SYN-002802
CRI-0493,VAC-0104,CMP-S2-04,evaluacion,revision_documental,11,0,20,CV-VAC-0104-1,synthetic,SYN-002810
CRI-0494,VAC-0104,CMP-S2-01,evaluacion,revision_documental,11,0,20,CV-VAC-0104-1,synthetic,SYN-002815
CRI-0495,VAC-0104,CMP-S2-05,entrevista,entrevista_estructurada,39,0,20,CV-VAC-0104-1,synthetic,SYN-002820
CRI-0496,VAC-0104,CMP-S2-03,entrevista,entrevista_estructurada,39,0,20,CV-VAC-0104-1,synthetic,SYN-002825
CRI-0497,VAC-0105,CMP-S3-05,evaluacion,revision_documental,27,0,20,CV-VAC-0105-1,synthetic,SYN-002834
CRI-0498,VAC-0105,CMP-S3-08,evaluacion,revision_documental,12,0,20,CV-VAC-0105-1,synthetic,SYN-002839
CRI-0499,VAC-0105,CMP-S3-07,entrevista,entrevista_estructurada,35,0,20,CV-VAC-0105-1,synthetic,SYN-002844
CRI-0500,VAC-0105,CMP-S3-06,entrevista,entrevista_estructurada,26,0,20,CV-VAC-0105-1,synthetic,SYN-002849
CRI-0501,VAC-0106,CMP-S1-08,evaluacion,clase_demostrativa,30,0,20,CV-VAC-0106-1,synthetic,SYN-002856
CRI-0502,VAC-0106,CMP-S1-06,evaluacion,revision_documental,33,0,20,CV-VAC-0106-1,synthetic,SYN-002861
CRI-0503,VAC-0106,CMP-S1-07,entrevista,entrevista_estructurada,15,0,20,CV-VAC-0106-1,synthetic,SYN-002866
CRI-0504,VAC-0106,CMP-S1-05,entrevista,entrevista_estructurada,22,0,20,CV-VAC-0106-1,synthetic,SYN-002871
CRI-0505,VAC-0107,CMP-S2-06,evaluacion,prueba_escrita,10,0,20,CV-VAC-0107-1,synthetic,SYN-002878
CRI-0506,VAC-0107,CMP-S2-05,evaluacion,revision_documental,32,0,20,CV-VAC-0107-1,synthetic,SYN-002883
CRI-0507,VAC-0107,CMP-S2-08,entrevista,entrevista_estructurada,27,0,20,CV-VAC-0107-1,synthetic,SYN-002888
CRI-0508,VAC-0107,CMP-S2-07,entrevista,entrevista_estructurada,31,0,20,CV-VAC-0107-1,synthetic,SYN-002893
CRI-0509,VAC-0108,CMP-S3-02,evaluacion,revision_documental,41,0,20,CV-VAC-0108-1,synthetic,SYN-002902
CRI-0510,VAC-0108,CMP-S3-05,evaluacion,prueba_escrita,13,0,20,CV-VAC-0108-1,synthetic,SYN-002907
CRI-0511,VAC-0108,CMP-S3-01,entrevista,entrevista_estructurada,16,0,20,CV-VAC-0108-1,synthetic,SYN-002912
CRI-0512,VAC-0108,CMP-S3-03,entrevista,entrevista_estructurada,30,0,20,CV-VAC-0108-1,synthetic,SYN-002917
CRI-0513,VAC-0109,CMP-S1-05,evaluacion,clase_demostrativa,32,0,20,CV-VAC-0109-1,synthetic,SYN-002925
CRI-0514,VAC-0109,CMP-S1-04,evaluacion,revision_documental,31,0,20,CV-VAC-0109-1,synthetic,SYN-002930
CRI-0515,VAC-0109,CMP-S1-02,evaluacion,clase_demostrativa,15,0,20,CV-VAC-0109-1,synthetic,SYN-002935
CRI-0516,VAC-0109,CMP-S1-08,entrevista,entrevista_estructurada,10,0,20,CV-VAC-0109-1,synthetic,SYN-002940
CRI-0517,VAC-0109,CMP-S1-03,entrevista,entrevista_estructurada,12,0,20,CV-VAC-0109-1,synthetic,SYN-002945
CRI-0518,VAC-0110,CMP-S2-05,evaluacion,prueba_escrita,31,0,20,CV-VAC-0110-1,synthetic,SYN-002953
CRI-0519,VAC-0110,CMP-S2-03,evaluacion,prueba_escrita,11,0,20,CV-VAC-0110-1,synthetic,SYN-002958
CRI-0520,VAC-0110,CMP-S2-04,evaluacion,revision_documental,19,0,20,CV-VAC-0110-1,synthetic,SYN-002963
CRI-0521,VAC-0110,CMP-S2-08,entrevista,entrevista_estructurada,29,0,20,CV-VAC-0110-1,synthetic,SYN-002968
CRI-0522,VAC-0110,CMP-S2-01,entrevista,entrevista_estructurada,10,0,20,CV-VAC-0110-1,synthetic,SYN-002973
CRI-0523,VAC-0111,CMP-S3-05,evaluacion,revision_documental,30,0,20,CV-VAC-0111-1,synthetic,SYN-002981
CRI-0524,VAC-0111,CMP-S3-08,evaluacion,clase_demostrativa,19,0,20,CV-VAC-0111-1,synthetic,SYN-002986
CRI-0525,VAC-0111,CMP-S3-06,entrevista,entrevista_estructurada,14,0,20,CV-VAC-0111-1,synthetic,SYN-002991
CRI-0526,VAC-0111,CMP-S3-07,entrevista,entrevista_estructurada,37,0,20,CV-VAC-0111-1,synthetic,SYN-002996
CRI-0527,VAC-0112,CMP-S1-02,evaluacion,clase_demostrativa,25,0,20,CV-VAC-0112-1,synthetic,SYN-003004
CRI-0528,VAC-0112,CMP-S1-08,evaluacion,prueba_escrita,25,0,20,CV-VAC-0112-1,synthetic,SYN-003009
CRI-0529,VAC-0112,CMP-S1-05,entrevista,entrevista_estructurada,24,0,20,CV-VAC-0112-1,synthetic,SYN-003014
CRI-0530,VAC-0112,CMP-S1-03,entrevista,entrevista_estructurada,26,0,20,CV-VAC-0112-1,synthetic,SYN-003019
CRI-0531,VAC-0113,CMP-S2-05,evaluacion,clase_demostrativa,18,0,20,CV-VAC-0113-1,synthetic,SYN-003028
CRI-0532,VAC-0113,CMP-S2-04,evaluacion,revision_documental,20,0,20,CV-VAC-0113-1,synthetic,SYN-003033
CRI-0533,VAC-0113,CMP-S2-03,evaluacion,revision_documental,35,0,20,CV-VAC-0113-1,synthetic,SYN-003038
CRI-0534,VAC-0113,CMP-S2-01,entrevista,entrevista_estructurada,14,0,20,CV-VAC-0113-1,synthetic,SYN-003043
CRI-0535,VAC-0113,CMP-S2-08,entrevista,entrevista_estructurada,13,0,20,CV-VAC-0113-1,synthetic,SYN-003048
CRI-0536,VAC-0114,CMP-S3-03,evaluacion,prueba_escrita,19,0,20,CV-VAC-0114-1,synthetic,SYN-003055
CRI-0537,VAC-0114,CMP-S3-08,evaluacion,revision_documental,30,0,20,CV-VAC-0114-1,synthetic,SYN-003060
CRI-0538,VAC-0114,CMP-S3-02,entrevista,entrevista_estructurada,14,0,20,CV-VAC-0114-1,synthetic,SYN-003065
CRI-0539,VAC-0114,CMP-S3-01,entrevista,entrevista_estructurada,37,0,20,CV-VAC-0114-1,synthetic,SYN-003070
CRI-0540,VAC-0115,CMP-S1-02,evaluacion,clase_demostrativa,15,0,20,CV-VAC-0115-1,synthetic,SYN-003079
CRI-0541,VAC-0115,CMP-S1-03,evaluacion,clase_demostrativa,12,0,20,CV-VAC-0115-1,synthetic,SYN-003084
CRI-0542,VAC-0115,CMP-S1-01,evaluacion,prueba_escrita,18,0,20,CV-VAC-0115-1,synthetic,SYN-003089
CRI-0543,VAC-0115,CMP-S1-04,entrevista,entrevista_estructurada,19,0,20,CV-VAC-0115-1,synthetic,SYN-003094
CRI-0544,VAC-0115,CMP-S1-05,entrevista,entrevista_estructurada,18,0,20,CV-VAC-0115-1,synthetic,SYN-003099
CRI-0545,VAC-0115,CMP-S1-08,entrevista,entrevista_estructurada,18,0,20,CV-VAC-0115-1,synthetic,SYN-003104
CRI-0546,VAC-0116,CMP-S2-08,evaluacion,clase_demostrativa,21,0,20,CV-VAC-0116-1,synthetic,SYN-003112
CRI-0547,VAC-0116,CMP-S2-06,evaluacion,prueba_escrita,28,0,20,CV-VAC-0116-1,synthetic,SYN-003117
CRI-0548,VAC-0116,CMP-S2-05,entrevista,entrevista_estructurada,33,0,20,CV-VAC-0116-1,synthetic,SYN-003122
CRI-0549,VAC-0116,CMP-S2-07,entrevista,entrevista_estructurada,18,0,20,CV-VAC-0116-1,synthetic,SYN-003127
CRI-0550,VAC-0117,CMP-S3-07,evaluacion,revision_documental,12,0,20,CV-VAC-0117-1,synthetic,SYN-003134
CRI-0551,VAC-0117,CMP-S3-05,evaluacion,clase_demostrativa,30,0,20,CV-VAC-0117-1,synthetic,SYN-003139
CRI-0552,VAC-0117,CMP-S3-08,entrevista,entrevista_estructurada,18,0,20,CV-VAC-0117-1,synthetic,SYN-003144
CRI-0553,VAC-0117,CMP-S3-06,entrevista,entrevista_estructurada,40,0,20,CV-VAC-0117-1,synthetic,SYN-003149
CRI-0554,VAC-0118,CMP-S1-04,evaluacion,clase_demostrativa,9,0,20,CV-VAC-0118-1,synthetic,SYN-003157
CRI-0555,VAC-0118,CMP-S1-03,evaluacion,clase_demostrativa,17,0,20,CV-VAC-0118-1,synthetic,SYN-003162
CRI-0556,VAC-0118,CMP-S1-01,evaluacion,prueba_escrita,18,0,20,CV-VAC-0118-1,synthetic,SYN-003167
CRI-0557,VAC-0118,CMP-S1-05,entrevista,entrevista_estructurada,20,0,20,CV-VAC-0118-1,synthetic,SYN-003172
CRI-0558,VAC-0118,CMP-S1-02,entrevista,entrevista_estructurada,20,0,20,CV-VAC-0118-1,synthetic,SYN-003177
CRI-0559,VAC-0118,CMP-S1-08,entrevista,entrevista_estructurada,16,0,20,CV-VAC-0118-1,synthetic,SYN-003182
CRI-0560,VAC-0119,CMP-S2-02,evaluacion,clase_demostrativa,9,0,20,CV-VAC-0119-1,synthetic,SYN-003189
CRI-0561,VAC-0119,CMP-S2-03,evaluacion,revision_documental,29,0,20,CV-VAC-0119-1,synthetic,SYN-003194
CRI-0562,VAC-0119,CMP-S2-05,evaluacion,prueba_escrita,19,0,20,CV-VAC-0119-1,synthetic,SYN-003199
CRI-0563,VAC-0119,CMP-S2-04,entrevista,entrevista_estructurada,24,0,20,CV-VAC-0119-1,synthetic,SYN-003204
CRI-0564,VAC-0119,CMP-S2-01,entrevista,entrevista_estructurada,19,0,20,CV-VAC-0119-1,synthetic,SYN-003209
CRI-0565,VAC-0120,CMP-S3-04,evaluacion,revision_documental,26,0,20,CV-VAC-0120-1,synthetic,SYN-003218
CRI-0566,VAC-0120,CMP-S3-08,evaluacion,clase_demostrativa,31,0,20,CV-VAC-0120-1,synthetic,SYN-003223
CRI-0567,VAC-0120,CMP-S3-02,entrevista,entrevista_estructurada,28,0,20,CV-VAC-0120-1,synthetic,SYN-003228
CRI-0568,VAC-0120,CMP-S3-01,entrevista,entrevista_estructurada,15,0,20,CV-VAC-0120-1,synthetic,SYN-003233
