alert_id,alert_type,vacancy_token,application_token,criterion_id,ref_id,source_type,synthetic_record_id
ALR-00001,discrepancia_evaluadores,VAC-0004,APP-00014,CRI-0016,SES-00026,synthetic,SYN-025438
ALR-00002,discrepancia_evaluadores,VAC-0005,APP-00022,CRI-0020,SES-00041,synthetic,SYN-025439
ALR-00003,discrepancia_evaluadores,VAC-0009,APP-00045,CRI-0042,SES-00082,synthetic,SYN-025440
ALR-00004,discrepancia_evaluadores,VAC-0011,APP-00062,CRI-0049,SES-00116,synthetic,SYN-025441
ALR-00005,discrepancia_evaluadores,VAC-0011,APP-00062,CRI-0050,SES-00116,synthetic,SYN-025442
ALR-00006,discrepancia_evaluadores,VAC-0013,APP-00078,CRI-0061,SES-00145,synthetic,SYN-025443
ALR-00007,discrepancia_evaluadores,VAC-0014,APP-00087,CRI-0065,SES-00165,synthetic,SYN-025444
ALR-00008,discrepancia_evaluadores,VAC-0016,APP-00101,CRI-0076,SES-00192,synthetic,SYN-025445
ALR-00009,discrepancia_evaluadores,VAC-0023,APP-00158,CRI-0109,SES-00291,synthetic,SYN-025446
ALR-00010,discrepancia_evaluadores,VAC-0031,APP-00221,CRI-0150,SES-00404,synthetic,SYN-025447
ALR-00011,discrepancia_evaluadores,VAC-0031,APP-00221,CRI-0151,SES-00404,synthetic,SYN-025448
ALR-00012,discrepancia_evaluadores,VAC-0039,APP-00289,CRI-0191,SES-00530,synthetic,SYN-025449
ALR-00013,discrepancia_evaluadores,VAC-0049,APP-00388,CRI-0240,SES-00700,synthetic,SYN-025450
ALR-00014,discrepancia_evaluadores,VAC-0074,APP-00592,CRI-0351,SES-01053,synthetic,SYN-025451
ALR-00015,discrepancia_evaluadores,VAC-0083,APP-00637,CRI-0393,SES-01135,synthetic,SYN-025452
ALR-00016,discrepancia_evaluadores,VAC-0095,APP-00743,CRI-0447,SES-01306,synthetic,SYN-025453
ALR-00017,discrepancia_evaluadores,VAC-0097,APP-00756,CRI-0458,SES-01332,synthetic,SYN-025454
ALR-00018,discrepancia_evaluadores,VAC-0103,APP-00808,CRI-0487,SES-01426,synthetic,SYN-025455
ALR-00019,discrepancia_evaluadores,VAC-0106,APP-00844,CRI-0501,SES-01490,synthetic,SYN-025456
ALR-00020,discrepancia_evaluadores,VAC-0110,APP-00863,CRI-0520,SES-01521,synthetic,SYN-025457
ALR-00021,evidencia_faltante,VAC-0002,APP-00010,CRI-0008,ASM-00033,synthetic,SYN-025458
ALR-00022,evidencia_faltante,VAC-0004,APP-00015,CRI-0019,ASM-00054,synthetic,SYN-025459
ALR-00023,evidencia_faltante,VAC-0005,APP-00022,CRI-0021,ASM-00076,synthetic,SYN-025460
ALR-00024,evidencia_faltante,VAC-0005,APP-00022,CRI-0020,ASM-00078,synthetic,SYN-025461
ALR-00025,evidencia_faltante,VAC-0005,APP-00028,CRI-0023,ASM-00108,synthetic,SYN-025462
ALR-00026,evidencia_faltante,VAC-0005,APP-00029,CRI-0023,ASM-00114,synthetic,SYN-025463
ALR-00027,evidencia_faltante,VAC-0005,APP-00029,CRI-0025,ASM-00116,synthetic,SYN-025464
ALR-00028,evidencia_faltante,VAC-0005,APP-00030,CRI-0020,ASM-00117,synthetic,SYN-025465
ALR-00029,evidencia_faltante,VAC-0005,APP-00031,CRI-0025,ASM-00128,synthetic,SYN-025466
ALR-00030,evidencia_faltante,VAC-0008,APP-00038,CRI-0040,ASM-00148,synthetic,SYN-025467
ALR-00031,evidencia_faltante,VAC-0008,APP-00039,CRI-0037,ASM-00151,synthetic,SYN-025468
ALR-00032,evidencia_faltante,VAC-0012,APP-00064,CRI-0058,ASM-00256,synthetic,SYN-025469
ALR-00033,evidencia_faltante,VAC-0012,APP-00065,CRI-0057,ASM-00261,synthetic,SYN-025470
ALR-00034,evidencia_faltante,VAC-0012,APP-00065,CRI-0058,ASM-00262,synthetic,SYN-025471
ALR-00035,evidencia_faltante,VAC-0012,APP-00068,CRI-0056,ASM-00275,synthetic,SYN-025472
ALR-00036,evidencia_faltante,VAC-0013,APP-00078,CRI-0062,ASM-00293,synthetic,SYN-025473
ALR-00037,evidencia_faltante,VAC-0013,APP-00083,CRI-0061,ASM-00300,synthetic,SYN-025474
ALR-00038,evidencia_faltante,VAC-0014,APP-00084,CRI-0066,ASM-00305,synthetic,SYN-025475
ALR-00039,evidencia_faltante,VAC-0014,APP-00084,CRI-0065,ASM-00306,synthetic,SYN-025476
ALR-00040,evidencia_faltante,VAC-0014,APP-00085,CRI-0068,ASM-00313,synthetic,SYN-025477
ALR-00041,evidencia_faltante,VAC-0014,APP-00090,CRI-0068,ASM-00331,synthetic,SYN-025478
ALR-00042,evidencia_faltante,VAC-0015,APP-00098,CRI-0071,ASM-00360,synthetic,SYN-025479
ALR-00043,evidencia_faltante,VAC-0015,APP-00098,CRI-0072,ASM-00361,synthetic,SYN-025480
ALR-00044,evidencia_faltante,VAC-0015,APP-00098,CRI-0073,ASM-00362,synthetic,SYN-025481
ALR-00045,evidencia_faltante,VAC-0016,APP-00107,CRI-0074,ASM-00399,synthetic,SYN-025482
ALR-00046,evidencia_faltante,VAC-0016,APP-00107,CRI-0079,ASM-00404,synthetic,SYN-025483
ALR-00047,evidencia_faltante,VAC-0016,APP-00110,CRI-0074,ASM-00411,synthetic,SYN-025484
ALR-00048,evidencia_faltante,VAC-0018,APP-00119,CRI-0087,ASM-00444,synthetic,SYN-025485
ALR-00049,evidencia_faltante,VAC-0019,APP-00125,CRI-0092,ASM-00463,synthetic,SYN-025486
ALR-00050,evidencia_faltante,VAC-0019,APP-00126,CRI-0094,ASM-00470,synthetic,SYN-025487
ALR-00051,evidencia_faltante,VAC-0019,APP-00127,CRI-0091,ASM-00472,synthetic,SYN-025488
ALR-00052,evidencia_faltante,VAC-0019,APP-00128,CRI-0090,ASM-00474,synthetic,SYN-025489
ALR-00053,evidencia_faltante,VAC-0019,APP-00128,CRI-0092,ASM-00476,synthetic,SYN-025490
ALR-00054,evidencia_faltante,VAC-0019,APP-00133,CRI-0092,ASM-00499,synthetic,SYN-025491
ALR-00055,evidencia_faltante,VAC-0019,APP-00135,CRI-0090,ASM-00507,synthetic,SYN-025492
ALR-00056,evidencia_faltante,VAC-0021,APP-00140,CRI-0101,ASM-00522,synthetic,SYN-025493
ALR-00057,evidencia_faltante,VAC-0022,APP-00142,CRI-0107,ASM-00530,synthetic,SYN-025494
ALR-00058,evidencia_faltante,VAC-0022,APP-00143,CRI-0108,ASM-00533,synthetic,SYN-025495
ALR-00059,evidencia_faltante,VAC-0022,APP-00144,CRI-0106,ASM-00537,synthetic,SYN-025496
ALR-00060,evidencia_faltante,VAC-0022,APP-00147,CRI-0105,ASM-00544,synthetic,SYN-025497
ALR-00061,evidencia_faltante,VAC-0023,APP-00153,CRI-0111,ASM-00571,synthetic,SYN-025498
ALR-00062,evidencia_faltante,VAC-0023,APP-00153,CRI-0114,ASM-00574,synthetic,SYN-025499
ALR-00063,evidencia_faltante,VAC-0023,APP-00154,CRI-0113,ASM-00579,synthetic,SYN-025500
ALR-00064,evidencia_faltante,VAC-0023,APP-00157,CRI-0109,ASM-00596,synthetic,SYN-025501
ALR-00065,evidencia_faltante,VAC-0024,APP-00161,CRI-0116,ASM-00621,synthetic,SYN-025502
ALR-00066,evidencia_faltante,VAC-0025,APP-00164,CRI-0122,ASM-00633,synthetic,SYN-025503
ALR-00067,evidencia_faltante,VAC-0025,APP-00167,CRI-0125,ASM-00654,synthetic,SYN-025504
ALR-00068,evidencia_faltante,VAC-0026,APP-00178,CRI-0128,ASM-00697,synthetic,SYN-025505
ALR-00069,evidencia_faltante,VAC-0026,APP-00179,CRI-0130,ASM-00701,synthetic,SYN-025506
ALR-00070,evidencia_faltante,VAC-0026,APP-00181,CRI-0130,ASM-00707,synthetic,SYN-025507
ALR-00071,evidencia_faltante,VAC-0027,APP-00187,CRI-0134,ASM-00725,synthetic,SYN-025508
ALR-00072,evidencia_faltante,VAC-0027,APP-00188,CRI-0131,ASM-00728,synthetic,SYN-025509
ALR-00073,evidencia_faltante,VAC-0027,APP-00188,CRI-0134,ASM-00734,synthetic,SYN-025510
ALR-00074,evidencia_faltante,VAC-0027,APP-00189,CRI-0133,ASM-00739,synthetic,SYN-025511
ALR-00075,evidencia_faltante,VAC-0027,APP-00189,CRI-0136,ASM-00742,synthetic,SYN-025512
ALR-00076,evidencia_faltante,VAC-0027,APP-00190,CRI-0135,ASM-00747,synthetic,SYN-025513
ALR-00077,evidencia_faltante,VAC-0028,APP-00196,CRI-0137,ASM-00768,synthetic,SYN-025514
ALR-00078,evidencia_faltante,VAC-0028,APP-00196,CRI-0140,ASM-00771,synthetic,SYN-025515
ALR-00079,evidencia_faltante,VAC-0029,APP-00199,CRI-0141,ASM-00782,synthetic,SYN-025516
ALR-00080,evidencia_faltante,VAC-0029,APP-00199,CRI-0144,ASM-00785,synthetic,SYN-025517
ALR-00081,evidencia_faltante,VAC-0029,APP-00200,CRI-0143,ASM-00788,synthetic,SYN-025518
ALR-00082,evidencia_faltante,VAC-0030,APP-00207,CRI-0145,ASM-00810,synthetic,SYN-025519
ALR-00083,evidencia_faltante,VAC-0031,APP-00213,CRI-0153,ASM-00832,synthetic,SYN-025520
ALR-00084,evidencia_faltante,VAC-0031,APP-00219,CRI-0152,ASM-00857,synthetic,SYN-025521
ALR-00085,evidencia_faltante,VAC-0031,APP-00221,CRI-0150,ASM-00866,synthetic,SYN-025522
ALR-00086,evidencia_faltante,VAC-0031,APP-00221,CRI-0154,ASM-00870,synthetic,SYN-025523
ALR-00087,evidencia_faltante,VAC-0031,APP-00222,CRI-0152,ASM-00873,synthetic,SYN-025524
ALR-00088,evidencia_faltante,VAC-0032,APP-00224,CRI-0157,ASM-00883,synthetic,SYN-025525
ALR-00089,evidencia_faltante,VAC-0032,APP-00229,CRI-0157,ASM-00904,synthetic,SYN-025526
ALR-00090,evidencia_faltante,VAC-0032,APP-00230,CRI-0156,ASM-00909,synthetic,SYN-025527
ALR-00091,evidencia_faltante,VAC-0032,APP-00231,CRI-0156,ASM-00915,synthetic,SYN-025528
ALR-00092,evidencia_faltante,VAC-0032,APP-00231,CRI-0157,ASM-00919,synthetic,SYN-025529
ALR-00093,evidencia_faltante,VAC-0032,APP-00231,CRI-0159,ASM-00921,synthetic,SYN-025530
ALR-00094,evidencia_faltante,VAC-0032,APP-00231,CRI-0160,ASM-00922,synthetic,SYN-025531
ALR-00095,evidencia_faltante,VAC-0032,APP-00232,CRI-0155,ASM-00923,synthetic,SYN-025532
ALR-00096,evidencia_faltante,VAC-0032,APP-00232,CRI-0160,ASM-00928,synthetic,SYN-025533
ALR-00097,evidencia_faltante,VAC-0033,APP-00234,CRI-0161,ASM-00929,synthetic,SYN-025534
ALR-00098,evidencia_faltante,VAC-0033,APP-00234,CRI-0162,ASM-00930,synthetic,SYN-025535
ALR-00099,evidencia_faltante,VAC-0033,APP-00238,CRI-0161,ASM-00943,synthetic,SYN-025536
ALR-00100,evidencia_faltante,VAC-0033,APP-00238,CRI-0163,ASM-00947,synthetic,SYN-025537
ALR-00101,evidencia_faltante,VAC-0034,APP-00244,CRI-0165,ASM-00963,synthetic,SYN-025538
ALR-00102,evidencia_faltante,VAC-0034,APP-00245,CRI-0168,ASM-00971,synthetic,SYN-025539
ALR-00103,evidencia_faltante,VAC-0034,APP-00248,CRI-0168,ASM-00986,synthetic,SYN-025540
ALR-00104,evidencia_faltante,VAC-0035,APP-00251,CRI-0173,ASM-01004,synthetic,SYN-025541
ALR-00105,evidencia_faltante,VAC-0035,APP-00255,CRI-0170,ASM-01011,synthetic,SYN-025542
ALR-00106,evidencia_faltante,VAC-0036,APP-00264,CRI-0176,ASM-01054,synthetic,SYN-025543
ALR-00107,evidencia_faltante,VAC-0037,APP-00273,CRI-0182,ASM-01086,synthetic,SYN-025544
ALR-00108,evidencia_faltante,VAC-0039,APP-00284,CRI-0193,ASM-01132,synthetic,SYN-025545
ALR-00109,evidencia_faltante,VAC-0039,APP-00286,CRI-0190,ASM-01141,synthetic,SYN-025546
ALR-00110,evidencia_faltante,VAC-0039,APP-00290,CRI-0191,ASM-01169,synthetic,SYN-025547
ALR-00111,evidencia_faltante,VAC-0039,APP-00290,CRI-0195,ASM-01173,synthetic,SYN-025548
ALR-00112,evidencia_faltante,VAC-0040,APP-00294,CRI-0197,ASM-01186,synthetic,SYN-025549
ALR-00113,evidencia_faltante,VAC-0040,APP-00302,CRI-0197,ASM-01212,synthetic,SYN-025550
ALR-00114,evidencia_faltante,VAC-0041,APP-00309,CRI-0200,ASM-01232,synthetic,SYN-025551
ALR-00115,evidencia_faltante,VAC-0041,APP-00310,CRI-0205,ASM-01243,synthetic,SYN-025552
ALR-00116,evidencia_faltante,VAC-0041,APP-00313,CRI-0200,ASM-01250,synthetic,SYN-025553
ALR-00117,evidencia_faltante,VAC-0041,APP-00313,CRI-0201,ASM-01251,synthetic,SYN-025554
ALR-00118,evidencia_faltante,VAC-0042,APP-00318,CRI-0211,ASM-01285,synthetic,SYN-025555
ALR-00119,evidencia_faltante,VAC-0042,APP-00319,CRI-0208,ASM-01288,synthetic,SYN-025556
ALR-00120,evidencia_faltante,VAC-0042,APP-00320,CRI-0210,ASM-01293,synthetic,SYN-025557
ALR-00121,evidencia_faltante,VAC-0042,APP-00321,CRI-0207,ASM-01296,synthetic,SYN-025558
ALR-00122,evidencia_faltante,VAC-0042,APP-00321,CRI-0207,ASM-01299,synthetic,SYN-025559
ALR-00123,evidencia_faltante,VAC-0043,APP-00324,CRI-0212,ASM-01309,synthetic,SYN-025560
ALR-00124,evidencia_faltante,VAC-0043,APP-00330,CRI-0213,ASM-01330,synthetic,SYN-025561
ALR-00125,evidencia_faltante,VAC-0043,APP-00332,CRI-0215,ASM-01338,synthetic,SYN-025562
ALR-00126,evidencia_faltante,VAC-0044,APP-00344,CRI-0217,ASM-01370,synthetic,SYN-025563
ALR-00127,evidencia_faltante,VAC-0045,APP-00348,CRI-0225,ASM-01391,synthetic,SYN-025564
ALR-00128,evidencia_faltante,VAC-0045,APP-00356,CRI-0221,ASM-01429,synthetic,SYN-025565
ALR-00129,evidencia_faltante,VAC-0045,APP-00356,CRI-0224,ASM-01432,synthetic,SYN-025566
ALR-00130,evidencia_faltante,VAC-0046,APP-00358,CRI-0227,ASM-01439,synthetic,SYN-025567
ALR-00131,evidencia_faltante,VAC-0046,APP-00363,CRI-0227,ASM-01453,synthetic,SYN-025568
ALR-00132,evidencia_faltante,VAC-0046,APP-00363,CRI-0228,ASM-01454,synthetic,SYN-025569
ALR-00133,evidencia_faltante,VAC-0046,APP-00363,CRI-0229,ASM-01455,synthetic,SYN-025570
ALR-00134,evidencia_faltante,VAC-0047,APP-00364,CRI-0232,ASM-01458,synthetic,SYN-025571
ALR-00135,evidencia_faltante,VAC-0047,APP-00365,CRI-0234,ASM-01463,synthetic,SYN-025572
ALR-00136,evidencia_faltante,VAC-0047,APP-00368,CRI-0232,ASM-01473,synthetic,SYN-025573
ALR-00137,evidencia_faltante,VAC-0050,APP-00391,CRI-0244,ASM-01559,synthetic,SYN-025574
ALR-00138,evidencia_faltante,VAC-0051,APP-00404,CRI-0249,ASM-01596,synthetic,SYN-025575
ALR-00139,evidencia_faltante,VAC-0052,APP-00408,CRI-0255,ASM-01617,synthetic,SYN-025576
ALR-00140,evidencia_faltante,VAC-0053,APP-00427,CRI-0257,ASM-01665,synthetic,SYN-025577
ALR-00141,evidencia_faltante,VAC-0053,APP-00427,CRI-0258,ASM-01666,synthetic,SYN-025578
ALR-00142,evidencia_faltante,VAC-0053,APP-00429,CRI-0258,ASM-01670,synthetic,SYN-025579
ALR-00143,evidencia_faltante,VAC-0053,APP-00429,CRI-0259,ASM-01671,synthetic,SYN-025580
ALR-00144,evidencia_faltante,VAC-0053,APP-00430,CRI-0260,ASM-01676,synthetic,SYN-025581
ALR-00145,evidencia_faltante,VAC-0054,APP-00433,CRI-0264,ASM-01680,synthetic,SYN-025582
ALR-00146,evidencia_faltante,VAC-0054,APP-00435,CRI-0261,ASM-01685,synthetic,SYN-025583
ALR-00147,evidencia_faltante,VAC-0054,APP-00437,CRI-0261,ASM-01695,synthetic,SYN-025584
ALR-00148,evidencia_faltante,VAC-0055,APP-00438,CRI-0267,ASM-01703,synthetic,SYN-025585
ALR-00149,evidencia_faltante,VAC-0055,APP-00444,CRI-0266,ASM-01716,synthetic,SYN-025586
ALR-00150,evidencia_faltante,VAC-0056,APP-00448,CRI-0270,ASM-01740,synthetic,SYN-025587
ALR-00151,evidencia_faltante,VAC-0056,APP-00448,CRI-0270,ASM-01743,synthetic,SYN-025588
ALR-00152,evidencia_faltante,VAC-0056,APP-00448,CRI-0273,ASM-01746,synthetic,SYN-025589
ALR-00153,evidencia_faltante,VAC-0056,APP-00454,CRI-0272,ASM-01763,synthetic,SYN-025590
ALR-00154,evidencia_faltante,VAC-0056,APP-00457,CRI-0273,ASM-01785,synthetic,SYN-025591
ALR-00155,evidencia_faltante,VAC-0056,APP-00457,CRI-0274,ASM-01786,synthetic,SYN-025592
ALR-00156,evidencia_faltante,VAC-0056,APP-00458,CRI-0270,ASM-01788,synthetic,SYN-025593
ALR-00157,evidencia_faltante,VAC-0058,APP-00467,CRI-0281,ASM-01825,synthetic,SYN-025594
ALR-00158,evidencia_faltante,VAC-0059,APP-00479,CRI-0284,ASM-01852,synthetic,SYN-025595
ALR-00159,evidencia_faltante,VAC-0060,APP-00487,CRI-0291,ASM-01884,synthetic,SYN-025596
ALR-00160,evidencia_faltante,VAC-0060,APP-00488,CRI-0289,ASM-01886,synthetic,SYN-025597
ALR-00161,evidencia_faltante,VAC-0060,APP-00491,CRI-0289,ASM-01896,synthetic,SYN-025598
ALR-00162,evidencia_faltante,VAC-0060,APP-00491,CRI-0291,ASM-01898,synthetic,SYN-025599
ALR-00163,evidencia_faltante,VAC-0060,APP-00492,CRI-0290,ASM-01901,synthetic,SYN-025600
ALR-00164,evidencia_faltante,VAC-0061,APP-00496,CRI-0295,ASM-01915,synthetic,SYN-025601
ALR-00165,evidencia_faltante,VAC-0061,APP-00497,CRI-0295,ASM-01921,synthetic,SYN-025602
ALR-00166,evidencia_faltante,VAC-0061,APP-00499,CRI-0293,ASM-01931,synthetic,SYN-025603
ALR-00167,evidencia_faltante,VAC-0062,APP-00503,CRI-0301,ASM-01949,synthetic,SYN-025604
ALR-00168,evidencia_faltante,VAC-0062,APP-00505,CRI-0299,ASM-01955,synthetic,SYN-025605
ALR-00169,evidencia_faltante,VAC-0063,APP-00520,CRI-0304,ASM-01990,synthetic,SYN-025606
ALR-00170,evidencia_faltante,VAC-0064,APP-00522,CRI-0308,ASM-01996,synthetic,SYN-025607
ALR-00171,evidencia_faltante,VAC-0065,APP-00524,CRI-0313,ASM-02007,synthetic,SYN-025608
ALR-00172,evidencia_faltante,VAC-0065,APP-00524,CRI-0314,ASM-02008,synthetic,SYN-025609
ALR-00173,evidencia_faltante,VAC-0065,APP-00525,CRI-0313,ASM-02011,synthetic,SYN-025610
ALR-00174,evidencia_faltante,VAC-0065,APP-00526,CRI-0312,ASM-02012,synthetic,SYN-025611
ALR-00175,evidencia_faltante,VAC-0065,APP-00531,CRI-0312,ASM-02024,synthetic,SYN-025612
ALR-00176,evidencia_faltante,VAC-0066,APP-00538,CRI-0317,ASM-02047,synthetic,SYN-025613
ALR-00177,evidencia_faltante,VAC-0067,APP-00542,CRI-0322,ASM-02058,synthetic,SYN-025614
ALR-00178,evidencia_faltante,VAC-0067,APP-00543,CRI-0320,ASM-02062,synthetic,SYN-025615
ALR-00179,evidencia_faltante,VAC-0067,APP-00545,CRI-0320,ASM-02068,synthetic,SYN-025616
ALR-00180,evidencia_faltante,VAC-0067,APP-00545,CRI-0321,ASM-02069,synthetic,SYN-025617
ALR-00181,evidencia_faltante,VAC-0067,APP-00546,CRI-0323,ASM-02075,synthetic,SYN-025618
ALR-00182,evidencia_faltante,VAC-0069,APP-00556,CRI-0328,ASM-02102,synthetic,SYN-025619
ALR-00183,evidencia_faltante,VAC-0070,APP-00560,CRI-0334,ASM-02118,synthetic,SYN-025620
ALR-00184,evidencia_faltante,VAC-0070,APP-00564,CRI-0332,ASM-02130,synthetic,SYN-025621
ALR-00185,evidencia_faltante,VAC-0071,APP-00566,CRI-0337,ASM-02139,synthetic,SYN-025622
ALR-00186,evidencia_faltante,VAC-0071,APP-00568,CRI-0338,ASM-02149,synthetic,SYN-025623
ALR-00187,evidencia_faltante,VAC-0071,APP-00570,CRI-0336,ASM-02156,synthetic,SYN-025624
ALR-00188,evidencia_faltante,VAC-0071,APP-00570,CRI-0337,ASM-02157,synthetic,SYN-025625
ALR-00189,evidencia_faltante,VAC-0071,APP-00572,CRI-0338,ASM-02170,synthetic,SYN-025626
ALR-00190,evidencia_faltante,VAC-0071,APP-00574,CRI-0338,ASM-02179,synthetic,SYN-025627
ALR-00191,evidencia_faltante,VAC-0071,APP-00578,CRI-0341,ASM-02203,synthetic,SYN-025628
ALR-00192,evidencia_faltante,VAC-0073,APP-00583,CRI-0348,ASM-02215,synthetic,SYN-025629
ALR-00193,evidencia_faltante,VAC-0073,APP-00587,CRI-0349,ASM-02234,synthetic,SYN-025630
ALR-00194,evidencia_faltante,VAC-0073,APP-00587,CRI-0350,ASM-02235,synthetic,SYN-025631
ALR-00195,evidencia_faltante,VAC-0073,APP-00588,CRI-0346,ASM-02236,synthetic,SYN-025632
ALR-00196,evidencia_faltante,VAC-0073,APP-00590,CRI-0350,ASM-02248,synthetic,SYN-025633
ALR-00197,evidencia_faltante,VAC-0074,APP-00591,CRI-0354,ASM-02255,synthetic,SYN-025634
ALR-00198,evidencia_faltante,VAC-0074,APP-00593,CRI-0353,ASM-02267,synthetic,SYN-025635
ALR-00199,evidencia_faltante,VAC-0074,APP-00593,CRI-0354,ASM-02268,synthetic,SYN-025636
ALR-00200,evidencia_faltante,VAC-0074,APP-00593,CRI-0355,ASM-02269,synthetic,SYN-025637
ALR-00201,evidencia_faltante,VAC-0074,APP-00596,CRI-0353,ASM-02282,synthetic,SYN-025638
ALR-00202,evidencia_faltante,VAC-0076,APP-00603,CRI-0362,ASM-02307,synthetic,SYN-025639
ALR-00203,evidencia_faltante,VAC-0076,APP-00604,CRI-0363,ASM-02312,synthetic,SYN-025640
ALR-00204,evidencia_faltante,VAC-0076,APP-00604,CRI-0364,ASM-02313,synthetic,SYN-025641
ALR-00205,evidencia_faltante,VAC-0076,APP-00609,CRI-0361,ASM-02326,synthetic,SYN-025642
ALR-00206,evidencia_faltante,VAC-0077,APP-00610,CRI-0366,ASM-02329,synthetic,SYN-025643
ALR-00207,evidencia_faltante,VAC-0078,APP-00612,CRI-0370,ASM-02337,synthetic,SYN-025644
ALR-00208,evidencia_faltante,VAC-0079,APP-00618,CRI-0374,ASM-02355,synthetic,SYN-025645
ALR-00209,evidencia_faltante,VAC-0079,APP-00619,CRI-0378,ASM-02365,synthetic,SYN-025646
ALR-00210,evidencia_faltante,VAC-0079,APP-00621,CRI-0374,ASM-02370,synthetic,SYN-025647
ALR-00211,evidencia_faltante,VAC-0079,APP-00624,CRI-0374,ASM-02379,synthetic,SYN-025648
ALR-00212,evidencia_faltante,VAC-0080,APP-00626,CRI-0380,ASM-02393,synthetic,SYN-025649
ALR-00213,evidencia_faltante,VAC-0082,APP-00632,CRI-0392,ASM-02426,synthetic,SYN-025650
ALR-00214,evidencia_faltante,VAC-0083,APP-00637,CRI-0393,ASM-02440,synthetic,SYN-025651
ALR-00215,evidencia_faltante,VAC-0083,APP-00638,CRI-0395,ASM-02445,synthetic,SYN-025652
ALR-00216,evidencia_faltante,VAC-0083,APP-00648,CRI-0395,ASM-02491,synthetic,SYN-025653
ALR-00217,evidencia_faltante,VAC-0083,APP-00649,CRI-0395,ASM-02496,synthetic,SYN-025654
ALR-00218,evidencia_faltante,VAC-0083,APP-00649,CRI-0396,ASM-02497,synthetic,SYN-025655
ALR-00219,evidencia_faltante,VAC-0084,APP-00652,CRI-0398,ASM-02506,synthetic,SYN-025656
ALR-00220,evidencia_faltante,VAC-0084,APP-00660,CRI-0399,ASM-02523,synthetic,SYN-025657
ALR-00221,evidencia_faltante,VAC-0085,APP-00666,CRI-0403,ASM-02543,synthetic,SYN-025658
ALR-00222,evidencia_faltante,VAC-0088,APP-00679,CRI-0416,ASM-02575,synthetic,SYN-025659
ALR-00223,evidencia_faltante,VAC-0088,APP-00683,CRI-0417,ASM-02592,synthetic,SYN-025660
ALR-00224,evidencia_faltante,VAC-0088,APP-00685,CRI-0414,ASM-02599,synthetic,SYN-025661
ALR-00225,evidencia_faltante,VAC-0088,APP-00685,CRI-0415,ASM-02600,synthetic,SYN-025662
ALR-00226,evidencia_faltante,VAC-0088,APP-00685,CRI-0418,ASM-02603,synthetic,SYN-025663
ALR-00227,evidencia_faltante,VAC-0089,APP-00690,CRI-0419,ASM-02622,synthetic,SYN-025664
ALR-00228,evidencia_faltante,VAC-0089,APP-00690,CRI-0423,ASM-02626,synthetic,SYN-025665
ALR-00229,evidencia_faltante,VAC-0090,APP-00700,CRI-0427,ASM-02648,synthetic,SYN-025666
ALR-00230,evidencia_faltante,VAC-0091,APP-00706,CRI-0431,ASM-02662,synthetic,SYN-025667
ALR-00231,evidencia_faltante,VAC-0091,APP-00707,CRI-0429,ASM-02664,synthetic,SYN-025668
ALR-00232,evidencia_faltante,VAC-0091,APP-00712,CRI-0431,ASM-02682,synthetic,SYN-025669
ALR-00233,evidencia_faltante,VAC-0091,APP-00713,CRI-0429,ASM-02684,synthetic,SYN-025670
ALR-00234,evidencia_faltante,VAC-0092,APP-00717,CRI-0432,ASM-02698,synthetic,SYN-025671
ALR-00235,evidencia_faltante,VAC-0093,APP-00720,CRI-0439,ASM-02712,synthetic,SYN-025672
ALR-00236,evidencia_faltante,VAC-0094,APP-00721,CRI-0443,ASM-02718,synthetic,SYN-025673
ALR-00237,evidencia_faltante,VAC-0094,APP-00722,CRI-0445,ASM-02724,synthetic,SYN-025674
ALR-00238,evidencia_faltante,VAC-0094,APP-00726,CRI-0443,ASM-02736,synthetic,SYN-025675
ALR-00239,evidencia_faltante,VAC-0094,APP-00726,CRI-0445,ASM-02738,synthetic,SYN-025676
ALR-00240,evidencia_faltante,VAC-0094,APP-00726,CRI-0446,ASM-02739,synthetic,SYN-025677
ALR-00241,evidencia_faltante,VAC-0094,APP-00732,CRI-0444,ASM-02753,synthetic,SYN-025678
ALR-00242,evidencia_faltante,VAC-0095,APP-00738,CRI-0447,ASM-02778,synthetic,SYN-025679
ALR-00243,evidencia_faltante,VAC-0095,APP-00741,CRI-0448,ASM-02785,synthetic,SYN-025680
ALR-00244,evidencia_faltante,VAC-0095,APP-00743,CRI-0447,ASM-02793,synthetic,SYN-025681
ALR-00245,evidencia_faltante,VAC-0095,APP-00743,CRI-0447,ASM-02796,synthetic,SYN-025682
ALR-00246,evidencia_faltante,VAC-0095,APP-00746,CRI-0451,ASM-02815,synthetic,SYN-025683
ALR-00247,evidencia_faltante,VAC-0096,APP-00748,CRI-0455,ASM-02825,synthetic,SYN-025684
ALR-00248,evidencia_faltante,VAC-0096,APP-00750,CRI-0457,ASM-02833,synthetic,SYN-025685
ALR-00249,evidencia_faltante,VAC-0097,APP-00754,CRI-0461,ASM-02843,synthetic,SYN-025686
ALR-00250,evidencia_faltante,VAC-0097,APP-00758,CRI-0461,ASM-02863,synthetic,SYN-025687
ALR-00251,evidencia_faltante,VAC-0097,APP-00762,CRI-0461,ASM-02875,synthetic,SYN-025688
ALR-00252,evidencia_faltante,VAC-0098,APP-00769,CRI-0467,ASM-02896,synthetic,SYN-025689
ALR-00253,evidencia_faltante,VAC-0098,APP-00770,CRI-0462,ASM-02897,synthetic,SYN-025690
ALR-00254,evidencia_faltante,VAC-0098,APP-00770,CRI-0465,ASM-02900,synthetic,SYN-025691
ALR-00255,evidencia_faltante,VAC-0098,APP-00771,CRI-0462,ASM-02903,synthetic,SYN-025692
ALR-00256,evidencia_faltante,VAC-0098,APP-00771,CRI-0463,ASM-02904,synthetic,SYN-025693
ALR-00257,evidencia_faltante,VAC-0098,APP-00772,CRI-0464,ASM-02911,synthetic,SYN-025694
ALR-00258,evidencia_faltante,VAC-0098,APP-00773,CRI-0467,ASM-02920,synthetic,SYN-025695
ALR-00259,evidencia_faltante,VAC-0098,APP-00775,CRI-0465,ASM-02924,synthetic,SYN-025696
ALR-00260,evidencia_faltante,VAC-0098,APP-00775,CRI-0466,ASM-02925,synthetic,SYN-025697
ALR-00261,evidencia_faltante,VAC-0100,APP-00781,CRI-0474,ASM-02949,synthetic,SYN-025698
ALR-00262,evidencia_faltante,VAC-0100,APP-00784,CRI-0474,ASM-02963,synthetic,SYN-025699
ALR-00263,evidencia_faltante,VAC-0101,APP-00786,CRI-0476,ASM-02969,synthetic,SYN-025700
ALR-00264,evidencia_faltante,VAC-0101,APP-00788,CRI-0479,ASM-02978,synthetic,SYN-025701
ALR-00265,evidencia_faltante,VAC-0101,APP-00790,CRI-0476,ASM-02984,synthetic,SYN-025702
ALR-00266,evidencia_faltante,VAC-0101,APP-00791,CRI-0479,ASM-02996,synthetic,SYN-025703
ALR-00267,evidencia_faltante,VAC-0101,APP-00793,CRI-0478,ASM-03007,synthetic,SYN-025704
ALR-00268,evidencia_faltante,VAC-0101,APP-00793,CRI-0479,ASM-03008,synthetic,SYN-025705
ALR-00269,evidencia_faltante,VAC-0101,APP-00794,CRI-0476,ASM-03011,synthetic,SYN-025706
ALR-00270,evidencia_faltante,VAC-0101,APP-00798,CRI-0478,ASM-03028,synthetic,SYN-025707
ALR-00271,evidencia_faltante,VAC-0101,APP-00798,CRI-0476,ASM-03029,synthetic,SYN-025708
ALR-00272,evidencia_faltante,VAC-0102,APP-00801,CRI-0482,ASM-03040,synthetic,SYN-025709
ALR-00273,evidencia_faltante,VAC-0102,APP-00802,CRI-0483,ASM-03046,synthetic,SYN-025710
ALR-00274,evidencia_faltante,VAC-0102,APP-00804,CRI-0483,ASM-03054,synthetic,SYN-025711
ALR-00275,evidencia_faltante,VAC-0102,APP-00804,CRI-0486,ASM-03057,synthetic,SYN-025712
ALR-00276,evidencia_faltante,VAC-0102,APP-00805,CRI-0482,ASM-03058,synthetic,SYN-025713
ALR-00277,evidencia_faltante,VAC-0102,APP-00806,CRI-0485,ASM-03066,synthetic,SYN-025714
ALR-00278,evidencia_faltante,VAC-0102,APP-00807,CRI-0484,ASM-03070,synthetic,SYN-025715
ALR-00279,evidencia_faltante,VAC-0102,APP-00807,CRI-0485,ASM-03071,synthetic,SYN-025716
ALR-00280,evidencia_faltante,VAC-0103,APP-00810,CRI-0492,ASM-03093,synthetic,SYN-025717
ALR-00281,evidencia_faltante,VAC-0103,APP-00811,CRI-0492,ASM-03102,synthetic,SYN-025718
ALR-00282,evidencia_faltante,VAC-0103,APP-00812,CRI-0489,ASM-03105,synthetic,SYN-025719
ALR-00283,evidencia_faltante,VAC-0105,APP-00829,CRI-0499,ASM-03167,synthetic,SYN-025720
ALR-00284,evidencia_faltante,VAC-0106,APP-00831,CRI-0502,ASM-03170,synthetic,SYN-025721
ALR-00285,evidencia_faltante,VAC-0106,APP-00833,CRI-0502,ASM-03180,synthetic,SYN-025722
ALR-00286,evidencia_faltante,VAC-0106,APP-00834,CRI-0503,ASM-03185,synthetic,SYN-025723
ALR-00287,evidencia_faltante,VAC-0106,APP-00836,CRI-0503,ASM-03193,synthetic,SYN-025724
ALR-00288,evidencia_faltante,VAC-0108,APP-00847,CRI-0510,ASM-03222,synthetic,SYN-025725
ALR-00289,evidencia_faltante,VAC-0109,APP-00850,CRI-0517,ASM-03238,synthetic,SYN-025726
ALR-00290,evidencia_faltante,VAC-0109,APP-00851,CRI-0515,ASM-03241,synthetic,SYN-025727
ALR-00291,evidencia_faltante,VAC-0110,APP-00862,CRI-0518,ASM-03271,synthetic,SYN-025728
ALR-00292,evidencia_faltante,VAC-0110,APP-00862,CRI-0520,ASM-03273,synthetic,SYN-025729
ALR-00293,evidencia_faltante,VAC-0110,APP-00863,CRI-0519,ASM-03280,synthetic,SYN-025730
ALR-00294,evidencia_faltante,VAC-0110,APP-00864,CRI-0522,ASM-03286,synthetic,SYN-025731
ALR-00295,evidencia_faltante,VAC-0112,APP-00875,CRI-0527,ASM-03316,synthetic,SYN-025732
ALR-00296,evidencia_faltante,VAC-0112,APP-00876,CRI-0527,ASM-03320,synthetic,SYN-025733
ALR-00297,evidencia_faltante,VAC-0112,APP-00878,CRI-0530,ASM-03331,synthetic,SYN-025734
ALR-00298,evidencia_faltante,VAC-0113,APP-00881,CRI-0532,ASM-03341,synthetic,SYN-025735
ALR-00299,evidencia_faltante,VAC-0113,APP-00884,CRI-0533,ASM-03352,synthetic,SYN-025736
ALR-00300,evidencia_faltante,VAC-0113,APP-00887,CRI-0533,ASM-03361,synthetic,SYN-025737
ALR-00301,evidencia_faltante,VAC-0113,APP-00892,CRI-0535,ASM-03384,synthetic,SYN-025738
ALR-00302,evidencia_faltante,VAC-0114,APP-00894,CRI-0538,ASM-03394,synthetic,SYN-025739
ALR-00303,evidencia_faltante,VAC-0115,APP-00901,CRI-0540,ASM-03425,synthetic,SYN-025740
ALR-00304,evidencia_faltante,VAC-0115,APP-00906,CRI-0542,ASM-03445,synthetic,SYN-025741
ALR-00305,evidencia_faltante,VAC-0115,APP-00909,CRI-0540,ASM-03455,synthetic,SYN-025742
ALR-00306,evidencia_faltante,VAC-0116,APP-00910,CRI-0547,ASM-03459,synthetic,SYN-025743
ALR-00307,evidencia_faltante,VAC-0117,APP-00920,CRI-0553,ASM-03495,synthetic,SYN-025744
ALR-00308,evidencia_faltante,VAC-0117,APP-00924,CRI-0553,ASM-03507,synthetic,SYN-025745
ALR-00309,evidencia_faltante,VAC-0119,APP-00928,CRI-0562,ASM-03516,synthetic,SYN-025746
ALR-00310,evidencia_faltante,VAC-0119,APP-00931,CRI-0564,ASM-03527,synthetic,SYN-025747
ALR-00311,evidencia_faltante,VAC-0120,APP-00937,CRI-0566,ASM-03539,synthetic,SYN-025748
ALR-00312,evidencia_faltante,VAC-0120,APP-00939,CRI-0567,ASM-03546,synthetic,SYN-025749
ALR-00313,requisito_no_evidenciado,VAC-0002,APP-00004,,CHK-00005,synthetic,SYN-025750
ALR-00314,requisito_no_evidenciado,VAC-0002,APP-00005,,CHK-00007,synthetic,SYN-025751
ALR-00315,requisito_no_evidenciado,VAC-0002,APP-00005,,CHK-00008,synthetic,SYN-025752
ALR-00316,requisito_no_evidenciado,VAC-0002,APP-00006,,CHK-00009,synthetic,SYN-025753
ALR-00317,requisito_no_evidenciado,VAC-0002,APP-00006,,CHK-00010,synthetic,SYN-025754
ALR-00318,requisito_no_evidenciado,VAC-0002,APP-00007,,CHK-00012,synthetic,SYN-025755
ALR-00319,requisito_no_evidenciado,VAC-0002,APP-00010,,CHK-00017,synthetic,SYN-025756
ALR-00320,requisito_no_evidenciado,VAC-0004,APP-00014,,CHK-00024,synthetic,SYN-025757
ALR-00321,requisito_no_evidenciado,VAC-0004,APP-00014,,CHK-00026,synthetic,SYN-025758
ALR-00322,requisito_no_evidenciado,VAC-0004,APP-00017,,CHK-00033,synthetic,SYN-025759
ALR-00323,requisito_no_evidenciado,VAC-0004,APP-00017,,CHK-00034,synthetic,SYN-025760
ALR-00324,requisito_no_evidenciado,VAC-0004,APP-00017,,CHK-00035,synthetic,SYN-025761
ALR-00325,requisito_no_evidenciado,VAC-0004,APP-00018,,CHK-00037,synthetic,SYN-025762
ALR-00326,requisito_no_evidenciado,VAC-0004,APP-00021,,CHK-00045,synthetic,SYN-025763
ALR-00327,requisito_no_evidenciado,VAC-0005,APP-00022,,CHK-00049,synthetic,SYN-025764
ALR-00328,requisito_no_evidenciado,VAC-0005,APP-00022,,CHK-00050,synthetic,SYN-025765
ALR-00329,requisito_no_evidenciado,VAC-0005,APP-00025,,CHK-00058,synthetic,SYN-025766
ALR-00330,requisito_no_evidenciado,VAC-0005,APP-00026,,CHK-00062,synthetic,SYN-025767
ALR-00331,requisito_no_evidenciado,VAC-0005,APP-00027,,CHK-00063,synthetic,SYN-025768
ALR-00332,requisito_no_evidenciado,VAC-0005,APP-00027,,CHK-00064,synthetic,SYN-025769
ALR-00333,requisito_no_evidenciado,VAC-0005,APP-00029,,CHK-00071,synthetic,SYN-025770
ALR-00334,requisito_no_evidenciado,VAC-0005,APP-00030,,CHK-00072,synthetic,SYN-025771
ALR-00335,requisito_no_evidenciado,VAC-0005,APP-00030,,CHK-00074,synthetic,SYN-025772
ALR-00336,requisito_no_evidenciado,VAC-0005,APP-00031,,CHK-00076,synthetic,SYN-025773
ALR-00337,requisito_no_evidenciado,VAC-0005,APP-00031,,CHK-00077,synthetic,SYN-025774
ALR-00338,requisito_no_evidenciado,VAC-0005,APP-00032,,CHK-00078,synthetic,SYN-025775
ALR-00339,requisito_no_evidenciado,VAC-0006,APP-00036,,CHK-00084,synthetic,SYN-025776
ALR-00340,requisito_no_evidenciado,VAC-0008,APP-00037,,CHK-00085,synthetic,SYN-025777
ALR-00341,requisito_no_evidenciado,VAC-0008,APP-00038,,CHK-00087,synthetic,SYN-025778
ALR-00342,requisito_no_evidenciado,VAC-0008,APP-00041,,CHK-00094,synthetic,SYN-025779
ALR-00343,requisito_no_evidenciado,VAC-0009,APP-00043,,CHK-00098,synthetic,SYN-025780
ALR-00344,requisito_no_evidenciado,VAC-0009,APP-00043,,CHK-00099,synthetic,SYN-025781
ALR-00345,requisito_no_evidenciado,VAC-0009,APP-00044,,CHK-00101,synthetic,SYN-025782
ALR-00346,requisito_no_evidenciado,VAC-0009,APP-00044,,CHK-00103,synthetic,SYN-025783
ALR-00347,requisito_no_evidenciado,VAC-0009,APP-00045,,CHK-00106,synthetic,SYN-025784
ALR-00348,requisito_no_evidenciado,VAC-0009,APP-00046,,CHK-00107,synthetic,SYN-025785
ALR-00349,requisito_no_evidenciado,VAC-0009,APP-00047,,CHK-00110,synthetic,SYN-025786
ALR-00350,requisito_no_evidenciado,VAC-0009,APP-00048,,CHK-00115,synthetic,SYN-025787
ALR-00351,requisito_no_evidenciado,VAC-0009,APP-00049,,CHK-00117,synthetic,SYN-025788
ALR-00352,requisito_no_evidenciado,VAC-0009,APP-00050,,CHK-00121,synthetic,SYN-025789
ALR-00353,requisito_no_evidenciado,VAC-0010,APP-00056,,CHK-00135,synthetic,SYN-025790
ALR-00354,requisito_no_evidenciado,VAC-0010,APP-00057,,CHK-00137,synthetic,SYN-025791
ALR-00355,requisito_no_evidenciado,VAC-0011,APP-00060,,CHK-00143,synthetic,SYN-025792
ALR-00356,requisito_no_evidenciado,VAC-0011,APP-00061,,CHK-00144,synthetic,SYN-025793
ALR-00357,requisito_no_evidenciado,VAC-0011,APP-00062,,CHK-00147,synthetic,SYN-025794
ALR-00358,requisito_no_evidenciado,VAC-0012,APP-00063,,CHK-00148,synthetic,SYN-025795
ALR-00359,requisito_no_evidenciado,VAC-0012,APP-00063,,CHK-00149,synthetic,SYN-025796
ALR-00360,requisito_no_evidenciado,VAC-0012,APP-00064,,CHK-00152,synthetic,SYN-025797
ALR-00361,requisito_no_evidenciado,VAC-0012,APP-00065,,CHK-00154,synthetic,SYN-025798
ALR-00362,requisito_no_evidenciado,VAC-0012,APP-00066,,CHK-00157,synthetic,SYN-025799
ALR-00363,requisito_no_evidenciado,VAC-0012,APP-00069,,CHK-00167,synthetic,SYN-025800
ALR-00364,requisito_no_evidenciado,VAC-0012,APP-00069,,CHK-00168,synthetic,SYN-025801
ALR-00365,requisito_no_evidenciado,VAC-0013,APP-00070,,CHK-00170,synthetic,SYN-025802
ALR-00366,requisito_no_evidenciado,VAC-0013,APP-00070,,CHK-00171,synthetic,SYN-025803
ALR-00367,requisito_no_evidenciado,VAC-0013,APP-00072,,CHK-00175,synthetic,SYN-025804
ALR-00368,requisito_no_evidenciado,VAC-0013,APP-00072,,CHK-00177,synthetic,SYN-025805
ALR-00369,requisito_no_evidenciado,VAC-0013,APP-00073,,CHK-00179,synthetic,SYN-025806
ALR-00370,requisito_no_evidenciado,VAC-0013,APP-00074,,CHK-00181,synthetic,SYN-025807
ALR-00371,requisito_no_evidenciado,VAC-0013,APP-00074,,CHK-00183,synthetic,SYN-025808
ALR-00372,requisito_no_evidenciado,VAC-0013,APP-00076,,CHK-00187,synthetic,SYN-025809
ALR-00373,requisito_no_evidenciado,VAC-0013,APP-00076,,CHK-00189,synthetic,SYN-025810
ALR-00374,requisito_no_evidenciado,VAC-0013,APP-00078,,CHK-00193,synthetic,SYN-025811
ALR-00375,requisito_no_evidenciado,VAC-0013,APP-00078,,CHK-00194,synthetic,SYN-025812
ALR-00376,requisito_no_evidenciado,VAC-0013,APP-00079,,CHK-00196,synthetic,SYN-025813
ALR-00377,requisito_no_evidenciado,VAC-0013,APP-00079,,CHK-00198,synthetic,SYN-025814
ALR-00378,requisito_no_evidenciado,VAC-0013,APP-00080,,CHK-00201,synthetic,SYN-025815
ALR-00379,requisito_no_evidenciado,VAC-0013,APP-00081,,CHK-00203,synthetic,SYN-025816
ALR-00380,requisito_no_evidenciado,VAC-0013,APP-00082,,CHK-00206,synthetic,SYN-025817
ALR-00381,requisito_no_evidenciado,VAC-0013,APP-00083,,CHK-00208,synthetic,SYN-025818
ALR-00382,requisito_no_evidenciado,VAC-0013,APP-00083,,CHK-00209,synthetic,SYN-025819
ALR-00383,requisito_no_evidenciado,VAC-0014,APP-00088,,CHK-00219,synthetic,SYN-025820
ALR-00384,requisito_no_evidenciado,VAC-0014,APP-00088,,CHK-00220,synthetic,SYN-025821
ALR-00385,requisito_no_evidenciado,VAC-0014,APP-00095,,CHK-00233,synthetic,SYN-025822
ALR-00386,requisito_no_evidenciado,VAC-0015,APP-00096,,CHK-00235,synthetic,SYN-025823
ALR-00387,requisito_no_evidenciado,VAC-0015,APP-00096,,CHK-00236,synthetic,SYN-025824
ALR-00388,requisito_no_evidenciado,VAC-0015,APP-00097,,CHK-00238,synthetic,SYN-025825
ALR-00389,requisito_no_evidenciado,VAC-0015,APP-00098,,CHK-00242,synthetic,SYN-025826
ALR-00390,requisito_no_evidenciado,VAC-0016,APP-00104,,CHK-00256,synthetic,SYN-025827
ALR-00391,requisito_no_evidenciado,VAC-0016,APP-00105,,CHK-00258,synthetic,SYN-025828
ALR-00392,requisito_no_evidenciado,VAC-0016,APP-00109,,CHK-00265,synthetic,SYN-025829
ALR-00393,requisito_no_evidenciado,VAC-0016,APP-00110,,CHK-00267,synthetic,SYN-025830
ALR-00394,requisito_no_evidenciado,VAC-0016,APP-00111,,CHK-00269,synthetic,SYN-025831
ALR-00395,requisito_no_evidenciado,VAC-0017,APP-00113,,CHK-00273,synthetic,SYN-025832
ALR-00396,requisito_no_evidenciado,VAC-0017,APP-00113,,CHK-00274,synthetic,SYN-025833
ALR-00397,requisito_no_evidenciado,VAC-0017,APP-00113,,CHK-00275,synthetic,SYN-025834
ALR-00398,requisito_no_evidenciado,VAC-0017,APP-00114,,CHK-00276,synthetic,SYN-025835
ALR-00399,requisito_no_evidenciado,VAC-0017,APP-00114,,CHK-00277,synthetic,SYN-025836
ALR-00400,requisito_no_evidenciado,VAC-0017,APP-00115,,CHK-00280,synthetic,SYN-025837
ALR-00401,requisito_no_evidenciado,VAC-0017,APP-00116,,CHK-00282,synthetic,SYN-025838
ALR-00402,requisito_no_evidenciado,VAC-0018,APP-00117,,CHK-00285,synthetic,SYN-025839
ALR-00403,requisito_no_evidenciado,VAC-0018,APP-00118,,CHK-00289,synthetic,SYN-025840
ALR-00404,requisito_no_evidenciado,VAC-0018,APP-00118,,CHK-00290,synthetic,SYN-025841
ALR-00405,requisito_no_evidenciado,VAC-0018,APP-00119,,CHK-00292,synthetic,SYN-025842
ALR-00406,requisito_no_evidenciado,VAC-0018,APP-00120,,CHK-00295,synthetic,SYN-025843
ALR-00407,requisito_no_evidenciado,VAC-0018,APP-00120,,CHK-00296,synthetic,SYN-025844
ALR-00408,requisito_no_evidenciado,VAC-0018,APP-00121,,CHK-00298,synthetic,SYN-025845
ALR-00409,requisito_no_evidenciado,VAC-0019,APP-00123,,CHK-00301,synthetic,SYN-025846
ALR-00410,requisito_no_evidenciado,VAC-0019,APP-00135,,CHK-00313,synthetic,SYN-025847
ALR-00411,requisito_no_evidenciado,VAC-0020,APP-00137,,CHK-00315,synthetic,SYN-025848
ALR-00412,requisito_no_evidenciado,VAC-0021,APP-00138,,CHK-00316,synthetic,SYN-025849
ALR-00413,requisito_no_evidenciado,VAC-0021,APP-00139,,CHK-00317,synthetic,SYN-025850
ALR-00414,requisito_no_evidenciado,VAC-0022,APP-00141,,CHK-00319,synthetic,SYN-025851
ALR-00415,requisito_no_evidenciado,VAC-0022,APP-00143,,CHK-00326,synthetic,SYN-025852
ALR-00416,requisito_no_evidenciado,VAC-0022,APP-00143,,CHK-00327,synthetic,SYN-025853
ALR-00417,requisito_no_evidenciado,VAC-0022,APP-00144,,CHK-00330,synthetic,SYN-025854
ALR-00418,requisito_no_evidenciado,VAC-0022,APP-00145,,CHK-00331,synthetic,SYN-025855
ALR-00419,requisito_no_evidenciado,VAC-0022,APP-00147,,CHK-00337,synthetic,SYN-025856
ALR-00420,requisito_no_evidenciado,VAC-0023,APP-00155,,CHK-00347,synthetic,SYN-025857
ALR-00421,requisito_no_evidenciado,VAC-0023,APP-00157,,CHK-00349,synthetic,SYN-025858
ALR-00422,requisito_no_evidenciado,VAC-0023,APP-00158,,CHK-00350,synthetic,SYN-025859
ALR-00423,requisito_no_evidenciado,VAC-0024,APP-00159,,CHK-00351,synthetic,SYN-025860
ALR-00424,requisito_no_evidenciado,VAC-0024,APP-00159,,CHK-00352,synthetic,SYN-025861
ALR-00425,requisito_no_evidenciado,VAC-0024,APP-00160,,CHK-00354,synthetic,SYN-025862
ALR-00426,requisito_no_evidenciado,VAC-0024,APP-00161,,CHK-00356,synthetic,SYN-025863
ALR-00427,requisito_no_evidenciado,VAC-0024,APP-00162,,CHK-00357,synthetic,SYN-025864
ALR-00428,requisito_no_evidenciado,VAC-0026,APP-00177,,CHK-00379,synthetic,SYN-025865
ALR-00429,requisito_no_evidenciado,VAC-0026,APP-00178,,CHK-00382,synthetic,SYN-025866
ALR-00430,requisito_no_evidenciado,VAC-0026,APP-00181,,CHK-00391,synthetic,SYN-025867
ALR-00431,requisito_no_evidenciado,VAC-0026,APP-00182,,CHK-00396,synthetic,SYN-025868
ALR-00432,requisito_no_evidenciado,VAC-0026,APP-00184,,CHK-00400,synthetic,SYN-025869
ALR-00433,requisito_no_evidenciado,VAC-0026,APP-00184,,CHK-00401,synthetic,SYN-025870
ALR-00434,requisito_no_evidenciado,VAC-0027,APP-00191,,CHK-00417,synthetic,SYN-025871
ALR-00435,requisito_no_evidenciado,VAC-0027,APP-00193,,CHK-00420,synthetic,SYN-025872
ALR-00436,requisito_no_evidenciado,VAC-0028,APP-00197,,CHK-00429,synthetic,SYN-025873
ALR-00437,requisito_no_evidenciado,VAC-0029,APP-00201,,CHK-00438,synthetic,SYN-025874
ALR-00438,requisito_no_evidenciado,VAC-0029,APP-00202,,CHK-00441,synthetic,SYN-025875
ALR-00439,requisito_no_evidenciado,VAC-0029,APP-00204,,CHK-00449,synthetic,SYN-025876
ALR-00440,requisito_no_evidenciado,VAC-0029,APP-00205,,CHK-00450,synthetic,SYN-025877
ALR-00441,requisito_no_evidenciado,VAC-0029,APP-00206,,CHK-00453,synthetic,SYN-025878
ALR-00442,requisito_no_evidenciado,VAC-0029,APP-00206,,CHK-00455,synthetic,SYN-025879
ALR-00443,requisito_no_evidenciado,VAC-0030,APP-00208,,CHK-00461,synthetic,SYN-025880
ALR-00444,requisito_no_evidenciado,VAC-0030,APP-00210,,CHK-00466,synthetic,SYN-025881
ALR-00445,requisito_no_evidenciado,VAC-0031,APP-00211,,CHK-00469,synthetic,SYN-025882
ALR-00446,requisito_no_evidenciado,VAC-0031,APP-00213,,CHK-00472,synthetic,SYN-025883
ALR-00447,requisito_no_evidenciado,VAC-0031,APP-00214,,CHK-00475,synthetic,SYN-025884
ALR-00448,requisito_no_evidenciado,VAC-0031,APP-00215,,CHK-00476,synthetic,SYN-025885
ALR-00449,requisito_no_evidenciado,VAC-0031,APP-00221,,CHK-00489,synthetic,SYN-025886
ALR-00450,requisito_no_evidenciado,VAC-0032,APP-00225,,CHK-00497,synthetic,SYN-025887
ALR-00451,requisito_no_evidenciado,VAC-0032,APP-00225,,CHK-00498,synthetic,SYN-025888
ALR-00452,requisito_no_evidenciado,VAC-0032,APP-00225,,CHK-00499,synthetic,SYN-025889
ALR-00453,requisito_no_evidenciado,VAC-0032,APP-00227,,CHK-00504,synthetic,SYN-025890
ALR-00454,requisito_no_evidenciado,VAC-0032,APP-00227,,CHK-00505,synthetic,SYN-025891
ALR-00455,requisito_no_evidenciado,VAC-0032,APP-00228,,CHK-00507,synthetic,SYN-025892
ALR-00456,requisito_no_evidenciado,VAC-0032,APP-00229,,CHK-00509,synthetic,SYN-025893
ALR-00457,requisito_no_evidenciado,VAC-0032,APP-00229,,CHK-00510,synthetic,SYN-025894
ALR-00458,requisito_no_evidenciado,VAC-0032,APP-00229,,CHK-00511,synthetic,SYN-025895
ALR-00459,requisito_no_evidenciado,VAC-0032,APP-00230,,CHK-00513,synthetic,SYN-025896
ALR-00460,requisito_no_evidenciado,VAC-0032,APP-00232,,CHK-00520,synthetic,SYN-025897
ALR-00461,requisito_no_evidenciado,VAC-0032,APP-00233,,CHK-00521,synthetic,SYN-025898
ALR-00462,requisito_no_evidenciado,VAC-0032,APP-00233,,CHK-00522,synthetic,SYN-025899
ALR-00463,requisito_no_evidenciado,VAC-0033,APP-00239,,CHK-00529,synthetic,SYN-025900
ALR-00464,requisito_no_evidenciado,VAC-0033,APP-00240,,CHK-00530,synthetic,SYN-025901
ALR-00465,requisito_no_evidenciado,VAC-0034,APP-00244,,CHK-00536,synthetic,SYN-025902
ALR-00466,requisito_no_evidenciado,VAC-0034,APP-00245,,CHK-00537,synthetic,SYN-025903
ALR-00467,requisito_no_evidenciado,VAC-0034,APP-00245,,CHK-00538,synthetic,SYN-025904
ALR-00468,requisito_no_evidenciado,VAC-0034,APP-00245,,CHK-00539,synthetic,SYN-025905
ALR-00469,requisito_no_evidenciado,VAC-0034,APP-00246,,CHK-00540,synthetic,SYN-025906
ALR-00470,requisito_no_evidenciado,VAC-0034,APP-00246,,CHK-00542,synthetic,SYN-025907
ALR-00471,requisito_no_evidenciado,VAC-0034,APP-00247,,CHK-00545,synthetic,SYN-025908
ALR-00472,requisito_no_evidenciado,VAC-0034,APP-00248,,CHK-00546,synthetic,SYN-025909
ALR-00473,requisito_no_evidenciado,VAC-0034,APP-00248,,CHK-00548,synthetic,SYN-025910
ALR-00474,requisito_no_evidenciado,VAC-0034,APP-00250,,CHK-00552,synthetic,SYN-025911
ALR-00475,requisito_no_evidenciado,VAC-0034,APP-00250,,CHK-00553,synthetic,SYN-025912
ALR-00476,requisito_no_evidenciado,VAC-0035,APP-00251,,CHK-00556,synthetic,SYN-025913
ALR-00477,requisito_no_evidenciado,VAC-0035,APP-00251,,CHK-00557,synthetic,SYN-025914
ALR-00478,requisito_no_evidenciado,VAC-0035,APP-00252,,CHK-00559,synthetic,SYN-025915
ALR-00479,requisito_no_evidenciado,VAC-0035,APP-00252,,CHK-00560,synthetic,SYN-025916
ALR-00480,requisito_no_evidenciado,VAC-0035,APP-00253,,CHK-00561,synthetic,SYN-025917
ALR-00481,requisito_no_evidenciado,VAC-0035,APP-00253,,CHK-00563,synthetic,SYN-025918
ALR-00482,requisito_no_evidenciado,VAC-0035,APP-00254,,CHK-00564,synthetic,SYN-025919
ALR-00483,requisito_no_evidenciado,VAC-0035,APP-00254,,CHK-00566,synthetic,SYN-025920
ALR-00484,requisito_no_evidenciado,VAC-0035,APP-00255,,CHK-00567,synthetic,SYN-025921
ALR-00485,requisito_no_evidenciado,VAC-0035,APP-00258,,CHK-00578,synthetic,SYN-025922
ALR-00486,requisito_no_evidenciado,VAC-0035,APP-00260,,CHK-00583,synthetic,SYN-025923
ALR-00487,requisito_no_evidenciado,VAC-0035,APP-00261,,CHK-00585,synthetic,SYN-025924
ALR-00488,requisito_no_evidenciado,VAC-0036,APP-00262,,CHK-00588,synthetic,SYN-025925
ALR-00489,requisito_no_evidenciado,VAC-0036,APP-00262,,CHK-00589,synthetic,SYN-025926
ALR-00490,requisito_no_evidenciado,VAC-0036,APP-00262,,CHK-00590,synthetic,SYN-025927
ALR-00491,requisito_no_evidenciado,VAC-0036,APP-00263,,CHK-00591,synthetic,SYN-025928
ALR-00492,requisito_no_evidenciado,VAC-0036,APP-00263,,CHK-00593,synthetic,SYN-025929
ALR-00493,requisito_no_evidenciado,VAC-0037,APP-00265,,CHK-00599,synthetic,SYN-025930
ALR-00494,requisito_no_evidenciado,VAC-0037,APP-00267,,CHK-00605,synthetic,SYN-025931
ALR-00495,requisito_no_evidenciado,VAC-0037,APP-00268,,CHK-00606,synthetic,SYN-025932
ALR-00496,requisito_no_evidenciado,VAC-0037,APP-00270,,CHK-00612,synthetic,SYN-025933
ALR-00497,requisito_no_evidenciado,VAC-0037,APP-00270,,CHK-00614,synthetic,SYN-025934
ALR-00498,requisito_no_evidenciado,VAC-0037,APP-00271,,CHK-00617,synthetic,SYN-025935
ALR-00499,requisito_no_evidenciado,VAC-0037,APP-00272,,CHK-00619,synthetic,SYN-025936
ALR-00500,requisito_no_evidenciado,VAC-0037,APP-00272,,CHK-00620,synthetic,SYN-025937
ALR-00501,requisito_no_evidenciado,VAC-0037,APP-00273,,CHK-00621,synthetic,SYN-025938
ALR-00502,requisito_no_evidenciado,VAC-0038,APP-00275,,CHK-00625,synthetic,SYN-025939
ALR-00503,requisito_no_evidenciado,VAC-0038,APP-00276,,CHK-00626,synthetic,SYN-025940
ALR-00504,requisito_no_evidenciado,VAC-0038,APP-00278,,CHK-00628,synthetic,SYN-025941
ALR-00505,requisito_no_evidenciado,VAC-0039,APP-00280,,CHK-00633,synthetic,SYN-025942
ALR-00506,requisito_no_evidenciado,VAC-0039,APP-00282,,CHK-00639,synthetic,SYN-025943
ALR-00507,requisito_no_evidenciado,VAC-0039,APP-00282,,CHK-00640,synthetic,SYN-025944
ALR-00508,requisito_no_evidenciado,VAC-0039,APP-00284,,CHK-00646,synthetic,SYN-025945
ALR-00509,requisito_no_evidenciado,VAC-0039,APP-00285,,CHK-00648,synthetic,SYN-025946
ALR-00510,requisito_no_evidenciado,VAC-0039,APP-00286,,CHK-00650,synthetic,SYN-025947
ALR-00511,requisito_no_evidenciado,VAC-0039,APP-00287,,CHK-00653,synthetic,SYN-025948
ALR-00512,requisito_no_evidenciado,VAC-0039,APP-00288,,CHK-00658,synthetic,SYN-025949
ALR-00513,requisito_no_evidenciado,VAC-0039,APP-00289,,CHK-00659,synthetic,SYN-025950
ALR-00514,requisito_no_evidenciado,VAC-0039,APP-00290,,CHK-00664,synthetic,SYN-025951
ALR-00515,requisito_no_evidenciado,VAC-0039,APP-00291,,CHK-00666,synthetic,SYN-025952
ALR-00516,requisito_no_evidenciado,VAC-0039,APP-00291,,CHK-00667,synthetic,SYN-025953
ALR-00517,requisito_no_evidenciado,VAC-0040,APP-00294,,CHK-00676,synthetic,SYN-025954
ALR-00518,requisito_no_evidenciado,VAC-0040,APP-00297,,CHK-00685,synthetic,SYN-025955
ALR-00519,requisito_no_evidenciado,VAC-0040,APP-00299,,CHK-00690,synthetic,SYN-025956
ALR-00520,requisito_no_evidenciado,VAC-0040,APP-00299,,CHK-00691,synthetic,SYN-025957
ALR-00521,requisito_no_evidenciado,VAC-0040,APP-00300,,CHK-00693,synthetic,SYN-025958
ALR-00522,requisito_no_evidenciado,VAC-0040,APP-00302,,CHK-00699,synthetic,SYN-025959
ALR-00523,requisito_no_evidenciado,VAC-0040,APP-00304,,CHK-00704,synthetic,SYN-025960
ALR-00524,requisito_no_evidenciado,VAC-0040,APP-00304,,CHK-00706,synthetic,SYN-025961
ALR-00525,requisito_no_evidenciado,VAC-0040,APP-00305,,CHK-00709,synthetic,SYN-025962
ALR-00526,requisito_no_evidenciado,VAC-0041,APP-00307,,CHK-00713,synthetic,SYN-025963
ALR-00527,requisito_no_evidenciado,VAC-0041,APP-00308,,CHK-00717,synthetic,SYN-025964
ALR-00528,requisito_no_evidenciado,VAC-0041,APP-00308,,CHK-00718,synthetic,SYN-025965
ALR-00529,requisito_no_evidenciado,VAC-0041,APP-00310,,CHK-00724,synthetic,SYN-025966
ALR-00530,requisito_no_evidenciado,VAC-0041,APP-00311,,CHK-00725,synthetic,SYN-025967
ALR-00531,requisito_no_evidenciado,VAC-0041,APP-00313,,CHK-00732,synthetic,SYN-025968
ALR-00532,requisito_no_evidenciado,VAC-0041,APP-00314,,CHK-00734,synthetic,SYN-025969
ALR-00533,requisito_no_evidenciado,VAC-0041,APP-00315,,CHK-00739,synthetic,SYN-025970
ALR-00534,requisito_no_evidenciado,VAC-0042,APP-00316,,CHK-00740,synthetic,SYN-025971
ALR-00535,requisito_no_evidenciado,VAC-0042,APP-00318,,CHK-00747,synthetic,SYN-025972
ALR-00536,requisito_no_evidenciado,VAC-0042,APP-00319,,CHK-00751,synthetic,SYN-025973
ALR-00537,requisito_no_evidenciado,VAC-0042,APP-00320,,CHK-00752,synthetic,SYN-025974
ALR-00538,requisito_no_evidenciado,VAC-0042,APP-00320,,CHK-00754,synthetic,SYN-025975
ALR-00539,requisito_no_evidenciado,VAC-0042,APP-00321,,CHK-00755,synthetic,SYN-025976
ALR-00540,requisito_no_evidenciado,VAC-0042,APP-00321,,CHK-00756,synthetic,SYN-025977
ALR-00541,requisito_no_evidenciado,VAC-0042,APP-00322,,CHK-00758,synthetic,SYN-025978
ALR-00542,requisito_no_evidenciado,VAC-0043,APP-00323,,CHK-00762,synthetic,SYN-025979
ALR-00543,requisito_no_evidenciado,VAC-0043,APP-00324,,CHK-00763,synthetic,SYN-025980
ALR-00544,requisito_no_evidenciado,VAC-0043,APP-00325,,CHK-00765,synthetic,SYN-025981
ALR-00545,requisito_no_evidenciado,VAC-0043,APP-00326,,CHK-00767,synthetic,SYN-025982
ALR-00546,requisito_no_evidenciado,VAC-0043,APP-00326,,CHK-00768,synthetic,SYN-025983
ALR-00547,requisito_no_evidenciado,VAC-0043,APP-00327,,CHK-00770,synthetic,SYN-025984
ALR-00548,requisito_no_evidenciado,VAC-0043,APP-00328,,CHK-00772,synthetic,SYN-025985
ALR-00549,requisito_no_evidenciado,VAC-0043,APP-00329,,CHK-00773,synthetic,SYN-025986
ALR-00550,requisito_no_evidenciado,VAC-0043,APP-00329,,CHK-00774,synthetic,SYN-025987
ALR-00551,requisito_no_evidenciado,VAC-0043,APP-00331,,CHK-00778,synthetic,SYN-025988
ALR-00552,requisito_no_evidenciado,VAC-0043,APP-00333,,CHK-00781,synthetic,SYN-025989
ALR-00553,requisito_no_evidenciado,VAC-0043,APP-00334,,CHK-00783,synthetic,SYN-025990
ALR-00554,requisito_no_evidenciado,VAC-0043,APP-00334,,CHK-00784,synthetic,SYN-025991
ALR-00555,requisito_no_evidenciado,VAC-0043,APP-00335,,CHK-00786,synthetic,SYN-025992
ALR-00556,requisito_no_evidenciado,VAC-0044,APP-00336,,CHK-00787,synthetic,SYN-025993
ALR-00557,requisito_no_evidenciado,VAC-0044,APP-00340,,CHK-00795,synthetic,SYN-025994
ALR-00558,requisito_no_evidenciado,VAC-0044,APP-00340,,CHK-00796,synthetic,SYN-025995
ALR-00559,requisito_no_evidenciado,VAC-0044,APP-00342,,CHK-00799,synthetic,SYN-025996
ALR-00560,requisito_no_evidenciado,VAC-0044,APP-00344,,CHK-00804,synthetic,SYN-025997
ALR-00561,requisito_no_evidenciado,VAC-0045,APP-00346,,CHK-00808,synthetic,SYN-025998
ALR-00562,requisito_no_evidenciado,VAC-0045,APP-00347,,CHK-00810,synthetic,SYN-025999
ALR-00563,requisito_no_evidenciado,VAC-0045,APP-00350,,CHK-00815,synthetic,SYN-026000
ALR-00564,requisito_no_evidenciado,VAC-0045,APP-00352,,CHK-00819,synthetic,SYN-026001
ALR-00565,requisito_no_evidenciado,VAC-0045,APP-00356,,CHK-00827,synthetic,SYN-026002
ALR-00566,requisito_no_evidenciado,VAC-0045,APP-00356,,CHK-00828,synthetic,SYN-026003
ALR-00567,requisito_no_evidenciado,VAC-0046,APP-00358,,CHK-00832,synthetic,SYN-026004
ALR-00568,requisito_no_evidenciado,VAC-0046,APP-00359,,CHK-00834,synthetic,SYN-026005
ALR-00569,requisito_no_evidenciado,VAC-0046,APP-00360,,CHK-00835,synthetic,SYN-026006
ALR-00570,requisito_no_evidenciado,VAC-0046,APP-00361,,CHK-00838,synthetic,SYN-026007
ALR-00571,requisito_no_evidenciado,VAC-0047,APP-00365,,CHK-00846,synthetic,SYN-026008
ALR-00572,requisito_no_evidenciado,VAC-0047,APP-00365,,CHK-00847,synthetic,SYN-026009
ALR-00573,requisito_no_evidenciado,VAC-0047,APP-00365,,CHK-00848,synthetic,SYN-026010
ALR-00574,requisito_no_evidenciado,VAC-0047,APP-00366,,CHK-00849,synthetic,SYN-026011
ALR-00575,requisito_no_evidenciado,VAC-0047,APP-00366,,CHK-00850,synthetic,SYN-026012
ALR-00576,requisito_no_evidenciado,VAC-0047,APP-00368,,CHK-00856,synthetic,SYN-026013
ALR-00577,requisito_no_evidenciado,VAC-0047,APP-00369,,CHK-00858,synthetic,SYN-026014
ALR-00578,requisito_no_evidenciado,VAC-0047,APP-00369,,CHK-00859,synthetic,SYN-026015
ALR-00579,requisito_no_evidenciado,VAC-0047,APP-00373,,CHK-00870,synthetic,SYN-026016
ALR-00580,requisito_no_evidenciado,VAC-0047,APP-00373,,CHK-00872,synthetic,SYN-026017
ALR-00581,requisito_no_evidenciado,VAC-0047,APP-00375,,CHK-00876,synthetic,SYN-026018
ALR-00582,requisito_no_evidenciado,VAC-0047,APP-00375,,CHK-00878,synthetic,SYN-026019
ALR-00583,requisito_no_evidenciado,VAC-0048,APP-00379,,CHK-00889,synthetic,SYN-026020
ALR-00584,requisito_no_evidenciado,VAC-0048,APP-00379,,CHK-00890,synthetic,SYN-026021
ALR-00585,requisito_no_evidenciado,VAC-0048,APP-00380,,CHK-00891,synthetic,SYN-026022
ALR-00586,requisito_no_evidenciado,VAC-0048,APP-00380,,CHK-00892,synthetic,SYN-026023
ALR-00587,requisito_no_evidenciado,VAC-0048,APP-00380,,CHK-00893,synthetic,SYN-026024
ALR-00588,requisito_no_evidenciado,VAC-0048,APP-00381,,CHK-00896,synthetic,SYN-026025
ALR-00589,requisito_no_evidenciado,VAC-0048,APP-00382,,CHK-00897,synthetic,SYN-026026
ALR-00590,requisito_no_evidenciado,VAC-0048,APP-00382,,CHK-00899,synthetic,SYN-026027
ALR-00591,requisito_no_evidenciado,VAC-0049,APP-00383,,CHK-00902,synthetic,SYN-026028
ALR-00592,requisito_no_evidenciado,VAC-0049,APP-00385,,CHK-00908,synthetic,SYN-026029
ALR-00593,requisito_no_evidenciado,VAC-0049,APP-00386,,CHK-00909,synthetic,SYN-026030
ALR-00594,requisito_no_evidenciado,VAC-0049,APP-00387,,CHK-00912,synthetic,SYN-026031
ALR-00595,requisito_no_evidenciado,VAC-0049,APP-00387,,CHK-00914,synthetic,SYN-026032
ALR-00596,requisito_no_evidenciado,VAC-0049,APP-00388,,CHK-00917,synthetic,SYN-026033
ALR-00597,requisito_no_evidenciado,VAC-0049,APP-00390,,CHK-00921,synthetic,SYN-026034
ALR-00598,requisito_no_evidenciado,VAC-0049,APP-00390,,CHK-00923,synthetic,SYN-026035
ALR-00599,requisito_no_evidenciado,VAC-0050,APP-00391,,CHK-00924,synthetic,SYN-026036
ALR-00600,requisito_no_evidenciado,VAC-0050,APP-00394,,CHK-00927,synthetic,SYN-026037
ALR-00601,requisito_no_evidenciado,VAC-0050,APP-00402,,CHK-00935,synthetic,SYN-026038
ALR-00602,requisito_no_evidenciado,VAC-0051,APP-00404,,CHK-00937,synthetic,SYN-026039
ALR-00603,requisito_no_evidenciado,VAC-0052,APP-00406,,CHK-00939,synthetic,SYN-026040
ALR-00604,requisito_no_evidenciado,VAC-0052,APP-00409,,CHK-00942,synthetic,SYN-026041
ALR-00605,requisito_no_evidenciado,VAC-0052,APP-00414,,CHK-00947,synthetic,SYN-026042
ALR-00606,requisito_no_evidenciado,VAC-0052,APP-00417,,CHK-00950,synthetic,SYN-026043
ALR-00607,requisito_no_evidenciado,VAC-0053,APP-00418,,CHK-00952,synthetic,SYN-026044
ALR-00608,requisito_no_evidenciado,VAC-0053,APP-00418,,CHK-00953,synthetic,SYN-026045
ALR-00609,requisito_no_evidenciado,VAC-0053,APP-00419,,CHK-00954,synthetic,SYN-026046
ALR-00610,requisito_no_evidenciado,VAC-0053,APP-00420,,CHK-00959,synthetic,SYN-026047
ALR-00611,requisito_no_evidenciado,VAC-0053,APP-00421,,CHK-00960,synthetic,SYN-026048
ALR-00612,requisito_no_evidenciado,VAC-0053,APP-00423,,CHK-00968,synthetic,SYN-026049
ALR-00613,requisito_no_evidenciado,VAC-0053,APP-00427,,CHK-00979,synthetic,SYN-026050
ALR-00614,requisito_no_evidenciado,VAC-0053,APP-00428,,CHK-00981,synthetic,SYN-026051
ALR-00615,requisito_no_evidenciado,VAC-0053,APP-00428,,CHK-00982,synthetic,SYN-026052
ALR-00616,requisito_no_evidenciado,VAC-0053,APP-00429,,CHK-00984,synthetic,SYN-026053
ALR-00617,requisito_no_evidenciado,VAC-0053,APP-00430,,CHK-00988,synthetic,SYN-026054
ALR-00618,requisito_no_evidenciado,VAC-0053,APP-00430,,CHK-00989,synthetic,SYN-026055
ALR-00619,requisito_no_evidenciado,VAC-0053,APP-00431,,CHK-00991,synthetic,SYN-026056
ALR-00620,requisito_no_evidenciado,VAC-0054,APP-00432,,CHK-00993,synthetic,SYN-026057
ALR-00621,requisito_no_evidenciado,VAC-0054,APP-00432,,CHK-00994,synthetic,SYN-026058
ALR-00622,requisito_no_evidenciado,VAC-0054,APP-00433,,CHK-00995,synthetic,SYN-026059
ALR-00623,requisito_no_evidenciado,VAC-0054,APP-00436,,CHK-01001,synthetic,SYN-026060
ALR-00624,requisito_no_evidenciado,VAC-0054,APP-00437,,CHK-01004,synthetic,SYN-026061
ALR-00625,requisito_no_evidenciado,VAC-0055,APP-00438,,CHK-01005,synthetic,SYN-026062
ALR-00626,requisito_no_evidenciado,VAC-0055,APP-00442,,CHK-01009,synthetic,SYN-026063
ALR-00627,requisito_no_evidenciado,VAC-0055,APP-00445,,CHK-01012,synthetic,SYN-026064
ALR-00628,requisito_no_evidenciado,VAC-0056,APP-00449,,CHK-01019,synthetic,SYN-026065
ALR-00629,requisito_no_evidenciado,VAC-0056,APP-00450,,CHK-01021,synthetic,SYN-026066
ALR-00630,requisito_no_evidenciado,VAC-0056,APP-00451,,CHK-01023,synthetic,SYN-026067
ALR-00631,requisito_no_evidenciado,VAC-0056,APP-00455,,CHK-01031,synthetic,SYN-026068
ALR-00632,requisito_no_evidenciado,VAC-0056,APP-00456,,CHK-01033,synthetic,SYN-026069
ALR-00633,requisito_no_evidenciado,VAC-0056,APP-00456,,CHK-01034,synthetic,SYN-026070
ALR-00634,requisito_no_evidenciado,VAC-0056,APP-00458,,CHK-01038,synthetic,SYN-026071
ALR-00635,requisito_no_evidenciado,VAC-0057,APP-00461,,CHK-01041,synthetic,SYN-026072
ALR-00636,requisito_no_evidenciado,VAC-0058,APP-00466,,CHK-01046,synthetic,SYN-026073
ALR-00637,requisito_no_evidenciado,VAC-0058,APP-00468,,CHK-01051,synthetic,SYN-026074
ALR-00638,requisito_no_evidenciado,VAC-0058,APP-00470,,CHK-01054,synthetic,SYN-026075
ALR-00639,requisito_no_evidenciado,VAC-0058,APP-00472,,CHK-01058,synthetic,SYN-026076
ALR-00640,requisito_no_evidenciado,VAC-0058,APP-00472,,CHK-01059,synthetic,SYN-026077
ALR-00641,requisito_no_evidenciado,VAC-0058,APP-00473,,CHK-01061,synthetic,SYN-026078
ALR-00642,requisito_no_evidenciado,VAC-0059,APP-00475,,CHK-01064,synthetic,SYN-026079
ALR-00643,requisito_no_evidenciado,VAC-0059,APP-00478,,CHK-01067,synthetic,SYN-026080
ALR-00644,requisito_no_evidenciado,VAC-0059,APP-00481,,CHK-01070,synthetic,SYN-026081
ALR-00645,requisito_no_evidenciado,VAC-0059,APP-00483,,CHK-01072,synthetic,SYN-026082
ALR-00646,requisito_no_evidenciado,VAC-0060,APP-00488,,CHK-01077,synthetic,SYN-026083
ALR-00647,requisito_no_evidenciado,VAC-0060,APP-00491,,CHK-01080,synthetic,SYN-026084
ALR-00648,requisito_no_evidenciado,VAC-0061,APP-00494,,CHK-01083,synthetic,SYN-026085
ALR-00649,requisito_no_evidenciado,VAC-0061,APP-00495,,CHK-01084,synthetic,SYN-026086
ALR-00650,requisito_no_evidenciado,VAC-0061,APP-00498,,CHK-01087,synthetic,SYN-026087
ALR-00651,requisito_no_evidenciado,VAC-0062,APP-00501,,CHK-01094,synthetic,SYN-026088
ALR-00652,requisito_no_evidenciado,VAC-0062,APP-00502,,CHK-01096,synthetic,SYN-026089
ALR-00653,requisito_no_evidenciado,VAC-0062,APP-00506,,CHK-01107,synthetic,SYN-026090
ALR-00654,requisito_no_evidenciado,VAC-0062,APP-00506,,CHK-01108,synthetic,SYN-026091
ALR-00655,requisito_no_evidenciado,VAC-0063,APP-00508,,CHK-01112,synthetic,SYN-026092
ALR-00656,requisito_no_evidenciado,VAC-0063,APP-00509,,CHK-01115,synthetic,SYN-026093
ALR-00657,requisito_no_evidenciado,VAC-0063,APP-00513,,CHK-01122,synthetic,SYN-026094
ALR-00658,requisito_no_evidenciado,VAC-0063,APP-00515,,CHK-01127,synthetic,SYN-026095
ALR-00659,requisito_no_evidenciado,VAC-0063,APP-00516,,CHK-01129,synthetic,SYN-026096
ALR-00660,requisito_no_evidenciado,VAC-0063,APP-00518,,CHK-01133,synthetic,SYN-026097
ALR-00661,requisito_no_evidenciado,VAC-0063,APP-00520,,CHK-01137,synthetic,SYN-026098
ALR-00662,requisito_no_evidenciado,VAC-0064,APP-00521,,CHK-01138,synthetic,SYN-026099
ALR-00663,requisito_no_evidenciado,VAC-0064,APP-00522,,CHK-01139,synthetic,SYN-026100
ALR-00664,requisito_no_evidenciado,VAC-0065,APP-00524,,CHK-01141,synthetic,SYN-026101
ALR-00665,requisito_no_evidenciado,VAC-0065,APP-00526,,CHK-01148,synthetic,SYN-026102
ALR-00666,requisito_no_evidenciado,VAC-0065,APP-00527,,CHK-01150,synthetic,SYN-026103
ALR-00667,requisito_no_evidenciado,VAC-0065,APP-00527,,CHK-01151,synthetic,SYN-026104
ALR-00668,requisito_no_evidenciado,VAC-0065,APP-00529,,CHK-01156,synthetic,SYN-026105
ALR-00669,requisito_no_evidenciado,VAC-0065,APP-00531,,CHK-01163,synthetic,SYN-026106
ALR-00670,requisito_no_evidenciado,VAC-0065,APP-00531,,CHK-01164,synthetic,SYN-026107
ALR-00671,requisito_no_evidenciado,VAC-0065,APP-00532,,CHK-01165,synthetic,SYN-026108
ALR-00672,requisito_no_evidenciado,VAC-0065,APP-00532,,CHK-01167,synthetic,SYN-026109
ALR-00673,requisito_no_evidenciado,VAC-0065,APP-00533,,CHK-01168,synthetic,SYN-026110
ALR-00674,requisito_no_evidenciado,VAC-0065,APP-00534,,CHK-01171,synthetic,SYN-026111
ALR-00675,requisito_no_evidenciado,VAC-0066,APP-00537,,CHK-01176,synthetic,SYN-026112
ALR-00676,requisito_no_evidenciado,VAC-0066,APP-00538,,CHK-01177,synthetic,SYN-026113
ALR-00677,requisito_no_evidenciado,VAC-0067,APP-00541,,CHK-01180,synthetic,SYN-026114
ALR-00678,requisito_no_evidenciado,VAC-0067,APP-00544,,CHK-01187,synthetic,SYN-026115
ALR-00679,requisito_no_evidenciado,VAC-0067,APP-00548,,CHK-01195,synthetic,SYN-026116
ALR-00680,requisito_no_evidenciado,VAC-0068,APP-00551,,CHK-01201,synthetic,SYN-026117
ALR-00681,requisito_no_evidenciado,VAC-0069,APP-00552,,CHK-01203,synthetic,SYN-026118
ALR-00682,requisito_no_evidenciado,VAC-0069,APP-00554,,CHK-01208,synthetic,SYN-026119
ALR-00683,requisito_no_evidenciado,VAC-0069,APP-00555,,CHK-01211,synthetic,SYN-026120
ALR-00684,requisito_no_evidenciado,VAC-0069,APP-00556,,CHK-01215,synthetic,SYN-026121
ALR-00685,requisito_no_evidenciado,VAC-0070,APP-00557,,CHK-01219,synthetic,SYN-026122
ALR-00686,requisito_no_evidenciado,VAC-0070,APP-00558,,CHK-01220,synthetic,SYN-026123
ALR-00687,requisito_no_evidenciado,VAC-0070,APP-00559,,CHK-01223,synthetic,SYN-026124
ALR-00688,requisito_no_evidenciado,VAC-0070,APP-00559,,CHK-01224,synthetic,SYN-026125
ALR-00689,requisito_no_evidenciado,VAC-0070,APP-00559,,CHK-01225,synthetic,SYN-026126
ALR-00690,requisito_no_evidenciado,VAC-0070,APP-00560,,CHK-01227,synthetic,SYN-026127
ALR-00691,requisito_no_evidenciado,VAC-0070,APP-00560,,CHK-01228,synthetic,SYN-026128
ALR-00692,requisito_no_evidenciado,VAC-0070,APP-00562,,CHK-01232,synthetic,SYN-026129
ALR-00693,requisito_no_evidenciado,VAC-0070,APP-00562,,CHK-01233,synthetic,SYN-026130
ALR-00694,requisito_no_evidenciado,VAC-0070,APP-00563,,CHK-01235,synthetic,SYN-026131
ALR-00695,requisito_no_evidenciado,VAC-0070,APP-00563,,CHK-01237,synthetic,SYN-026132
ALR-00696,requisito_no_evidenciado,VAC-0070,APP-00564,,CHK-01239,synthetic,SYN-026133
ALR-00697,requisito_no_evidenciado,VAC-0070,APP-00564,,CHK-01240,synthetic,SYN-026134
ALR-00698,requisito_no_evidenciado,VAC-0070,APP-00565,,CHK-01241,synthetic,SYN-026135
ALR-00699,requisito_no_evidenciado,VAC-0071,APP-00567,,CHK-01248,synthetic,SYN-026136
ALR-00700,requisito_no_evidenciado,VAC-0071,APP-00568,,CHK-01251,synthetic,SYN-026137
ALR-00701,requisito_no_evidenciado,VAC-0071,APP-00569,,CHK-01254,synthetic,SYN-026138
ALR-00702,requisito_no_evidenciado,VAC-0071,APP-00569,,CHK-01255,synthetic,SYN-026139
ALR-00703,requisito_no_evidenciado,VAC-0071,APP-00570,,CHK-01256,synthetic,SYN-026140
ALR-00704,requisito_no_evidenciado,VAC-0071,APP-00570,,CHK-01258,synthetic,SYN-026141
ALR-00705,requisito_no_evidenciado,VAC-0071,APP-00573,,CHK-01265,synthetic,SYN-026142
ALR-00706,requisito_no_evidenciado,VAC-0071,APP-00573,,CHK-01266,synthetic,SYN-026143
ALR-00707,requisito_no_evidenciado,VAC-0071,APP-00573,,CHK-01267,synthetic,SYN-026144
ALR-00708,requisito_no_evidenciado,VAC-0071,APP-00574,,CHK-01268,synthetic,SYN-026145
ALR-00709,requisito_no_evidenciado,VAC-0071,APP-00575,,CHK-01273,synthetic,SYN-026146
ALR-00710,requisito_no_evidenciado,VAC-0071,APP-00576,,CHK-01276,synthetic,SYN-026147
ALR-00711,requisito_no_evidenciado,VAC-0071,APP-00578,,CHK-01282,synthetic,SYN-026148
ALR-00712,requisito_no_evidenciado,VAC-0072,APP-00579,,CHK-01283,synthetic,SYN-026149
ALR-00713,requisito_no_evidenciado,VAC-0072,APP-00580,,CHK-01286,synthetic,SYN-026150
ALR-00714,requisito_no_evidenciado,VAC-0072,APP-00581,,CHK-01289,synthetic,SYN-026151
ALR-00715,requisito_no_evidenciado,VAC-0073,APP-00582,,CHK-01293,synthetic,SYN-026152
ALR-00716,requisito_no_evidenciado,VAC-0073,APP-00583,,CHK-01294,synthetic,SYN-026153
ALR-00717,requisito_no_evidenciado,VAC-0073,APP-00583,,CHK-01295,synthetic,SYN-026154
ALR-00718,requisito_no_evidenciado,VAC-0073,APP-00585,,CHK-01298,synthetic,SYN-026155
ALR-00719,requisito_no_evidenciado,VAC-0073,APP-00587,,CHK-01302,synthetic,SYN-026156
ALR-00720,requisito_no_evidenciado,VAC-0073,APP-00587,,CHK-01303,synthetic,SYN-026157
ALR-00721,requisito_no_evidenciado,VAC-0073,APP-00590,,CHK-01309,synthetic,SYN-026158
ALR-00722,requisito_no_evidenciado,VAC-0074,APP-00591,,CHK-01310,synthetic,SYN-026159
ALR-00723,requisito_no_evidenciado,VAC-0074,APP-00598,,CHK-01317,synthetic,SYN-026160
ALR-00724,requisito_no_evidenciado,VAC-0075,APP-00601,,CHK-01321,synthetic,SYN-026161
ALR-00725,requisito_no_evidenciado,VAC-0076,APP-00604,,CHK-01329,synthetic,SYN-026162
ALR-00726,requisito_no_evidenciado,VAC-0076,APP-00608,,CHK-01342,synthetic,SYN-026163
ALR-00727,requisito_no_evidenciado,VAC-0076,APP-00608,,CHK-01343,synthetic,SYN-026164
ALR-00728,requisito_no_evidenciado,VAC-0076,APP-00609,,CHK-01344,synthetic,SYN-026165
ALR-00729,requisito_no_evidenciado,VAC-0077,APP-00610,,CHK-01347,synthetic,SYN-026166
ALR-00730,requisito_no_evidenciado,VAC-0077,APP-00611,,CHK-01350,synthetic,SYN-026167
ALR-00731,requisito_no_evidenciado,VAC-0079,APP-00615,,CHK-01359,synthetic,SYN-026168
ALR-00732,requisito_no_evidenciado,VAC-0079,APP-00616,,CHK-01360,synthetic,SYN-026169
ALR-00733,requisito_no_evidenciado,VAC-0079,APP-00616,,CHK-01361,synthetic,SYN-026170
ALR-00734,requisito_no_evidenciado,VAC-0079,APP-00617,,CHK-01364,synthetic,SYN-026171
ALR-00735,requisito_no_evidenciado,VAC-0079,APP-00618,,CHK-01368,synthetic,SYN-026172
ALR-00736,requisito_no_evidenciado,VAC-0079,APP-00619,,CHK-01369,synthetic,SYN-026173
ALR-00737,requisito_no_evidenciado,VAC-0079,APP-00619,,CHK-01370,synthetic,SYN-026174
ALR-00738,requisito_no_evidenciado,VAC-0079,APP-00620,,CHK-01372,synthetic,SYN-026175
ALR-00739,requisito_no_evidenciado,VAC-0079,APP-00620,,CHK-01373,synthetic,SYN-026176
ALR-00740,requisito_no_evidenciado,VAC-0079,APP-00624,,CHK-01384,synthetic,SYN-026177
ALR-00741,requisito_no_evidenciado,VAC-0079,APP-00624,,CHK-01385,synthetic,SYN-026178
ALR-00742,requisito_no_evidenciado,VAC-0081,APP-00630,,CHK-01393,synthetic,SYN-026179
ALR-00743,requisito_no_evidenciado,VAC-0081,APP-00631,,CHK-01396,synthetic,SYN-026180
ALR-00744,requisito_no_evidenciado,VAC-0082,APP-00632,,CHK-01398,synthetic,SYN-026181
ALR-00745,requisito_no_evidenciado,VAC-0082,APP-00633,,CHK-01399,synthetic,SYN-026182
ALR-00746,requisito_no_evidenciado,VAC-0083,APP-00638,,CHK-01404,synthetic,SYN-026183
ALR-00747,requisito_no_evidenciado,VAC-0083,APP-00641,,CHK-01407,synthetic,SYN-026184
ALR-00748,requisito_no_evidenciado,VAC-0083,APP-00642,,CHK-01408,synthetic,SYN-026185
ALR-00749,requisito_no_evidenciado,VAC-0083,APP-00646,,CHK-01412,synthetic,SYN-026186
ALR-00750,requisito_no_evidenciado,VAC-0083,APP-00650,,CHK-01416,synthetic,SYN-026187
ALR-00751,requisito_no_evidenciado,VAC-0084,APP-00651,,CHK-01417,synthetic,SYN-026188
ALR-00752,requisito_no_evidenciado,VAC-0084,APP-00657,,CHK-01423,synthetic,SYN-026189
ALR-00753,requisito_no_evidenciado,VAC-0084,APP-00658,,CHK-01424,synthetic,SYN-026190
ALR-00754,requisito_no_evidenciado,VAC-0085,APP-00661,,CHK-01427,synthetic,SYN-026191
ALR-00755,requisito_no_evidenciado,VAC-0085,APP-00663,,CHK-01433,synthetic,SYN-026192
ALR-00756,requisito_no_evidenciado,VAC-0085,APP-00664,,CHK-01436,synthetic,SYN-026193
ALR-00757,requisito_no_evidenciado,VAC-0085,APP-00665,,CHK-01439,synthetic,SYN-026194
ALR-00758,requisito_no_evidenciado,VAC-0085,APP-00667,,CHK-01445,synthetic,SYN-026195
ALR-00759,requisito_no_evidenciado,VAC-0085,APP-00668,,CHK-01448,synthetic,SYN-026196
ALR-00760,requisito_no_evidenciado,VAC-0085,APP-00669,,CHK-01451,synthetic,SYN-026197
ALR-00761,requisito_no_evidenciado,VAC-0087,APP-00673,,CHK-01459,synthetic,SYN-026198
ALR-00762,requisito_no_evidenciado,VAC-0087,APP-00675,,CHK-01465,synthetic,SYN-026199
ALR-00763,requisito_no_evidenciado,VAC-0087,APP-00676,,CHK-01467,synthetic,SYN-026200
ALR-00764,requisito_no_evidenciado,VAC-0087,APP-00676,,CHK-01468,synthetic,SYN-026201
ALR-00765,requisito_no_evidenciado,VAC-0088,APP-00678,,CHK-01472,synthetic,SYN-026202
ALR-00766,requisito_no_evidenciado,VAC-0088,APP-00678,,CHK-01474,synthetic,SYN-026203
ALR-00767,requisito_no_evidenciado,VAC-0088,APP-00679,,CHK-01476,synthetic,SYN-026204
ALR-00768,requisito_no_evidenciado,VAC-0088,APP-00679,,CHK-01477,synthetic,SYN-026205
ALR-00769,requisito_no_evidenciado,VAC-0088,APP-00680,,CHK-01479,synthetic,SYN-026206
ALR-00770,requisito_no_evidenciado,VAC-0088,APP-00683,,CHK-01489,synthetic,SYN-026207
ALR-00771,requisito_no_evidenciado,VAC-0088,APP-00684,,CHK-01490,synthetic,SYN-026208
ALR-00772,requisito_no_evidenciado,VAC-0089,APP-00686,,CHK-01496,synthetic,SYN-026209
ALR-00773,requisito_no_evidenciado,VAC-0089,APP-00688,,CHK-01498,synthetic,SYN-026210
ALR-00774,requisito_no_evidenciado,VAC-0089,APP-00690,,CHK-01500,synthetic,SYN-026211
ALR-00775,requisito_no_evidenciado,VAC-0089,APP-00692,,CHK-01502,synthetic,SYN-026212
ALR-00776,requisito_no_evidenciado,VAC-0090,APP-00695,,CHK-01505,synthetic,SYN-026213
ALR-00777,requisito_no_evidenciado,VAC-0091,APP-00702,,CHK-01512,synthetic,SYN-026214
ALR-00778,requisito_no_evidenciado,VAC-0091,APP-00702,,CHK-01513,synthetic,SYN-026215
ALR-00779,requisito_no_evidenciado,VAC-0091,APP-00702,,CHK-01514,synthetic,SYN-026216
ALR-00780,requisito_no_evidenciado,VAC-0091,APP-00703,,CHK-01516,synthetic,SYN-026217
ALR-00781,requisito_no_evidenciado,VAC-0091,APP-00703,,CHK-01517,synthetic,SYN-026218
ALR-00782,requisito_no_evidenciado,VAC-0091,APP-00704,,CHK-01518,synthetic,SYN-026219
ALR-00783,requisito_no_evidenciado,VAC-0091,APP-00704,,CHK-01519,synthetic,SYN-026220
ALR-00784,requisito_no_evidenciado,VAC-0091,APP-00704,,CHK-01520,synthetic,SYN-026221
ALR-00785,requisito_no_evidenciado,VAC-0091,APP-00706,,CHK-01524,synthetic,SYN-026222
ALR-00786,requisito_no_evidenciado,VAC-0091,APP-00706,,CHK-01526,synthetic,SYN-026223
ALR-00787,requisito_no_evidenciado,VAC-0091,APP-00707,,CHK-01527,synthetic,SYN-026224
ALR-00788,requisito_no_evidenciado,VAC-0091,APP-00707,,CHK-01529,synthetic,SYN-026225
ALR-00789,requisito_no_evidenciado,VAC-0091,APP-00710,,CHK-01536,synthetic,SYN-026226
ALR-00790,requisito_no_evidenciado,VAC-0091,APP-00711,,CHK-01541,synthetic,SYN-026227
ALR-00791,requisito_no_evidenciado,VAC-0091,APP-00712,,CHK-01542,synthetic,SYN-026228
ALR-00792,requisito_no_evidenciado,VAC-0091,APP-00712,,CHK-01544,synthetic,SYN-026229
ALR-00793,requisito_no_evidenciado,VAC-0091,APP-00714,,CHK-01548,synthetic,SYN-026230
ALR-00794,requisito_no_evidenciado,VAC-0093,APP-00720,,CHK-01562,synthetic,SYN-026231
ALR-00795,requisito_no_evidenciado,VAC-0094,APP-00721,,CHK-01563,synthetic,SYN-026232
ALR-00796,requisito_no_evidenciado,VAC-0094,APP-00724,,CHK-01566,synthetic,SYN-026233
ALR-00797,requisito_no_evidenciado,VAC-0094,APP-00725,,CHK-01567,synthetic,SYN-026234
ALR-00798,requisito_no_evidenciado,VAC-0094,APP-00729,,CHK-01571,synthetic,SYN-026235
ALR-00799,requisito_no_evidenciado,VAC-0094,APP-00730,,CHK-01572,synthetic,SYN-026236
ALR-00800,requisito_no_evidenciado,VAC-0094,APP-00732,,CHK-01574,synthetic,SYN-026237
ALR-00801,requisito_no_evidenciado,VAC-0095,APP-00734,,CHK-01577,synthetic,SYN-026238
ALR-00802,requisito_no_evidenciado,VAC-0095,APP-00735,,CHK-01579,synthetic,SYN-026239
ALR-00803,requisito_no_evidenciado,VAC-0095,APP-00735,,CHK-01580,synthetic,SYN-026240
ALR-00804,requisito_no_evidenciado,VAC-0095,APP-00735,,CHK-01581,synthetic,SYN-026241
ALR-00805,requisito_no_evidenciado,VAC-0095,APP-00736,,CHK-01582,synthetic,SYN-026242
ALR-00806,requisito_no_evidenciado,VAC-0095,APP-00736,,CHK-01584,synthetic,SYN-026243
ALR-00807,requisito_no_evidenciado,VAC-0095,APP-00737,,CHK-01586,synthetic,SYN-026244
ALR-00808,requisito_no_evidenciado,VAC-0095,APP-00738,,CHK-01588,synthetic,SYN-026245
ALR-00809,requisito_no_evidenciado,VAC-0095,APP-00738,,CHK-01589,synthetic,SYN-026246
ALR-00810,requisito_no_evidenciado,VAC-0095,APP-00739,,CHK-01591,synthetic,SYN-026247
ALR-00811,requisito_no_evidenciado,VAC-0095,APP-00739,,CHK-01593,synthetic,SYN-026248
ALR-00812,requisito_no_evidenciado,VAC-0095,APP-00740,,CHK-01594,synthetic,SYN-026249
ALR-00813,requisito_no_evidenciado,VAC-0095,APP-00741,,CHK-01599,synthetic,SYN-026250
ALR-00814,requisito_no_evidenciado,VAC-0095,APP-00742,,CHK-01600,synthetic,SYN-026251
ALR-00815,requisito_no_evidenciado,VAC-0095,APP-00742,,CHK-01601,synthetic,SYN-026252
ALR-00816,requisito_no_evidenciado,VAC-0095,APP-00745,,CHK-01609,synthetic,SYN-026253
ALR-00817,requisito_no_evidenciado,VAC-0095,APP-00746,,CHK-01613,synthetic,SYN-026254
ALR-00818,requisito_no_evidenciado,VAC-0095,APP-00747,,CHK-01615,synthetic,SYN-026255
ALR-00819,requisito_no_evidenciado,VAC-0095,APP-00747,,CHK-01617,synthetic,SYN-026256
ALR-00820,requisito_no_evidenciado,VAC-0096,APP-00748,,CHK-01618,synthetic,SYN-026257
ALR-00821,requisito_no_evidenciado,VAC-0096,APP-00749,,CHK-01621,synthetic,SYN-026258
ALR-00822,requisito_no_evidenciado,VAC-0096,APP-00749,,CHK-01622,synthetic,SYN-026259
ALR-00823,requisito_no_evidenciado,VAC-0096,APP-00750,,CHK-01624,synthetic,SYN-026260
ALR-00824,requisito_no_evidenciado,VAC-0096,APP-00752,,CHK-01630,synthetic,SYN-026261
ALR-00825,requisito_no_evidenciado,VAC-0096,APP-00753,,CHK-01634,synthetic,SYN-026262
ALR-00826,requisito_no_evidenciado,VAC-0097,APP-00754,,CHK-01637,synthetic,SYN-026263
ALR-00827,requisito_no_evidenciado,VAC-0097,APP-00755,,CHK-01641,synthetic,SYN-026264
ALR-00828,requisito_no_evidenciado,VAC-0097,APP-00757,,CHK-01645,synthetic,SYN-026265
ALR-00829,requisito_no_evidenciado,VAC-0097,APP-00758,,CHK-01648,synthetic,SYN-026266
ALR-00830,requisito_no_evidenciado,VAC-0097,APP-00758,,CHK-01650,synthetic,SYN-026267
ALR-00831,requisito_no_evidenciado,VAC-0097,APP-00761,,CHK-01657,synthetic,SYN-026268
ALR-00832,requisito_no_evidenciado,VAC-0097,APP-00761,,CHK-01659,synthetic,SYN-026269
ALR-00833,requisito_no_evidenciado,VAC-0097,APP-00762,,CHK-01660,synthetic,SYN-026270
ALR-00834,requisito_no_evidenciado,VAC-0097,APP-00763,,CHK-01664,synthetic,SYN-026271
ALR-00835,requisito_no_evidenciado,VAC-0097,APP-00763,,CHK-01665,synthetic,SYN-026272
ALR-00836,requisito_no_evidenciado,VAC-0097,APP-00764,,CHK-01667,synthetic,SYN-026273
ALR-00837,requisito_no_evidenciado,VAC-0097,APP-00765,,CHK-01669,synthetic,SYN-026274
ALR-00838,requisito_no_evidenciado,VAC-0097,APP-00766,,CHK-01673,synthetic,SYN-026275
ALR-00839,requisito_no_evidenciado,VAC-0097,APP-00767,,CHK-01676,synthetic,SYN-026276
ALR-00840,requisito_no_evidenciado,VAC-0097,APP-00767,,CHK-01677,synthetic,SYN-026277
ALR-00841,requisito_no_evidenciado,VAC-0098,APP-00768,,CHK-01678,synthetic,SYN-026278
ALR-00842,requisito_no_evidenciado,VAC-0098,APP-00769,,CHK-01680,synthetic,SYN-026279
ALR-00843,requisito_no_evidenciado,VAC-0098,APP-00770,,CHK-01683,synthetic,SYN-026280
ALR-00844,requisito_no_evidenciado,VAC-0098,APP-00773,,CHK-01689,synthetic,SYN-026281
ALR-00845,requisito_no_evidenciado,VAC-0098,APP-00774,,CHK-01690,synthetic,SYN-026282
ALR-00846,requisito_no_evidenciado,VAC-0098,APP-00774,,CHK-01691,synthetic,SYN-026283
ALR-00847,requisito_no_evidenciado,VAC-0099,APP-00778,,CHK-01699,synthetic,SYN-026284
ALR-00848,requisito_no_evidenciado,VAC-0100,APP-00781,,CHK-01703,synthetic,SYN-026285
ALR-00849,requisito_no_evidenciado,VAC-0100,APP-00783,,CHK-01705,synthetic,SYN-026286
ALR-00850,requisito_no_evidenciado,VAC-0100,APP-00784,,CHK-01706,synthetic,SYN-026287
ALR-00851,requisito_no_evidenciado,VAC-0101,APP-00789,,CHK-01711,synthetic,SYN-026288
ALR-00852,requisito_no_evidenciado,VAC-0101,APP-00790,,CHK-01712,synthetic,SYN-026289
ALR-00853,requisito_no_evidenciado,VAC-0101,APP-00794,,CHK-01716,synthetic,SYN-026290
ALR-00854,requisito_no_evidenciado,VAC-0101,APP-00796,,CHK-01718,synthetic,SYN-026291
ALR-00855,requisito_no_evidenciado,VAC-0101,APP-00797,,CHK-01719,synthetic,SYN-026292
ALR-00856,requisito_no_evidenciado,VAC-0101,APP-00798,,CHK-01720,synthetic,SYN-026293
ALR-00857,requisito_no_evidenciado,VAC-0101,APP-00799,,CHK-01721,synthetic,SYN-026294
ALR-00858,requisito_no_evidenciado,VAC-0102,APP-00800,,CHK-01722,synthetic,SYN-026295
ALR-00859,requisito_no_evidenciado,VAC-0102,APP-00800,,CHK-01723,synthetic,SYN-026296
ALR-00860,requisito_no_evidenciado,VAC-0102,APP-00804,,CHK-01730,synthetic,SYN-026297
ALR-00861,requisito_no_evidenciado,VAC-0102,APP-00804,,CHK-01731,synthetic,SYN-026298
ALR-00862,requisito_no_evidenciado,VAC-0102,APP-00805,,CHK-01733,synthetic,SYN-026299
ALR-00863,requisito_no_evidenciado,VAC-0103,APP-00808,,CHK-01739,synthetic,SYN-026300
ALR-00864,requisito_no_evidenciado,VAC-0103,APP-00812,,CHK-01746,synthetic,SYN-026301
ALR-00865,requisito_no_evidenciado,VAC-0103,APP-00813,,CHK-01748,synthetic,SYN-026302
ALR-00866,requisito_no_evidenciado,VAC-0103,APP-00815,,CHK-01752,synthetic,SYN-026303
ALR-00867,requisito_no_evidenciado,VAC-0103,APP-00816,,CHK-01755,synthetic,SYN-026304
ALR-00868,requisito_no_evidenciado,VAC-0103,APP-00817,,CHK-01757,synthetic,SYN-026305
ALR-00869,requisito_no_evidenciado,VAC-0104,APP-00818,,CHK-01758,synthetic,SYN-026306
ALR-00870,requisito_no_evidenciado,VAC-0104,APP-00818,,CHK-01759,synthetic,SYN-026307
ALR-00871,requisito_no_evidenciado,VAC-0104,APP-00818,,CHK-01760,synthetic,SYN-026308
ALR-00872,requisito_no_evidenciado,VAC-0104,APP-00819,,CHK-01761,synthetic,SYN-026309
ALR-00873,requisito_no_evidenciado,VAC-0104,APP-00819,,CHK-01762,synthetic,SYN-026310
ALR-00874,requisito_no_evidenciado,VAC-0104,APP-00821,,CHK-01768,synthetic,SYN-026311
ALR-00875,requisito_no_evidenciado,VAC-0104,APP-00822,,CHK-01772,synthetic,SYN-026312
ALR-00876,requisito_no_evidenciado,VAC-0104,APP-00823,,CHK-01773,synthetic,SYN-026313
ALR-00877,requisito_no_evidenciado,VAC-0104,APP-00825,,CHK-01781,synthetic,SYN-026314
ALR-00878,requisito_no_evidenciado,VAC-0105,APP-00828,,CHK-01784,synthetic,SYN-026315
ALR-00879,requisito_no_evidenciado,VAC-0106,APP-00831,,CHK-01787,synthetic,SYN-026316
ALR-00880,requisito_no_evidenciado,VAC-0106,APP-00833,,CHK-01789,synthetic,SYN-026317
ALR-00881,requisito_no_evidenciado,VAC-0107,APP-00846,,CHK-01804,synthetic,SYN-026318
ALR-00882,requisito_no_evidenciado,VAC-0107,APP-00846,,CHK-01805,synthetic,SYN-026319
ALR-00883,requisito_no_evidenciado,VAC-0108,APP-00847,,CHK-01808,synthetic,SYN-026320
ALR-00884,requisito_no_evidenciado,VAC-0109,APP-00849,,CHK-01811,synthetic,SYN-026321
ALR-00885,requisito_no_evidenciado,VAC-0109,APP-00849,,CHK-01812,synthetic,SYN-026322
ALR-00886,requisito_no_evidenciado,VAC-0109,APP-00851,,CHK-01815,synthetic,SYN-026323
ALR-00887,requisito_no_evidenciado,VAC-0109,APP-00851,,CHK-01816,synthetic,SYN-026324
ALR-00888,requisito_no_evidenciado,VAC-0110,APP-00861,,CHK-01836,synthetic,SYN-026325
ALR-00889,requisito_no_evidenciado,VAC-0110,APP-00864,,CHK-01842,synthetic,SYN-026326
ALR-00890,requisito_no_evidenciado,VAC-0110,APP-00865,,CHK-01844,synthetic,SYN-026327
ALR-00891,requisito_no_evidenciado,VAC-0111,APP-00868,,CHK-01850,synthetic,SYN-026328
ALR-00892,requisito_no_evidenciado,VAC-0111,APP-00869,,CHK-01852,synthetic,SYN-026329
ALR-00893,requisito_no_evidenciado,VAC-0111,APP-00870,,CHK-01853,synthetic,SYN-026330
ALR-00894,requisito_no_evidenciado,VAC-0112,APP-00871,,CHK-01855,synthetic,SYN-026331
ALR-00895,requisito_no_evidenciado,VAC-0112,APP-00871,,CHK-01856,synthetic,SYN-026332
ALR-00896,requisito_no_evidenciado,VAC-0112,APP-00872,,CHK-01858,synthetic,SYN-026333
ALR-00897,requisito_no_evidenciado,VAC-0112,APP-00872,,CHK-01859,synthetic,SYN-026334
ALR-00898,requisito_no_evidenciado,VAC-0112,APP-00874,,CHK-01866,synthetic,SYN-026335
ALR-00899,requisito_no_evidenciado,VAC-0112,APP-00875,,CHK-01868,synthetic,SYN-026336
ALR-00900,requisito_no_evidenciado,VAC-0112,APP-00876,,CHK-01871,synthetic,SYN-026337
ALR-00901,requisito_no_evidenciado,VAC-0112,APP-00877,,CHK-01873,synthetic,SYN-026338
ALR-00902,requisito_no_evidenciado,VAC-0112,APP-00877,,CHK-01874,synthetic,SYN-026339
ALR-00903,requisito_no_evidenciado,VAC-0112,APP-00877,,CHK-01875,synthetic,SYN-026340
ALR-00904,requisito_no_evidenciado,VAC-0112,APP-00878,,CHK-01876,synthetic,SYN-026341
ALR-00905,requisito_no_evidenciado,VAC-0112,APP-00880,,CHK-01882,synthetic,SYN-026342
ALR-00906,requisito_no_evidenciado,VAC-0113,APP-00883,,CHK-01887,synthetic,SYN-026343
ALR-00907,requisito_no_evidenciado,VAC-0113,APP-00884,,CHK-01888,synthetic,SYN-026344
ALR-00908,requisito_no_evidenciado,VAC-0113,APP-00887,,CHK-01891,synthetic,SYN-026345
ALR-00909,requisito_no_evidenciado,VAC-0113,APP-00890,,CHK-01894,synthetic,SYN-026346
ALR-00910,requisito_no_evidenciado,VAC-0113,APP-00893,,CHK-01897,synthetic,SYN-026347
ALR-00911,requisito_no_evidenciado,VAC-0114,APP-00894,,CHK-01899,synthetic,SYN-026348
ALR-00912,requisito_no_evidenciado,VAC-0114,APP-00894,,CHK-01900,synthetic,SYN-026349
ALR-00913,requisito_no_evidenciado,VAC-0114,APP-00895,,CHK-01902,synthetic,SYN-026350
ALR-00914,requisito_no_evidenciado,VAC-0114,APP-00896,,CHK-01906,synthetic,SYN-026351
ALR-00915,requisito_no_evidenciado,VAC-0114,APP-00897,,CHK-01907,synthetic,SYN-026352
ALR-00916,requisito_no_evidenciado,VAC-0114,APP-00897,,CHK-01908,synthetic,SYN-026353
ALR-00917,requisito_no_evidenciado,VAC-0114,APP-00898,,CHK-01910,synthetic,SYN-026354
ALR-00918,requisito_no_evidenciado,VAC-0115,APP-00899,,CHK-01914,synthetic,SYN-026355
ALR-00919,requisito_no_evidenciado,VAC-0115,APP-00904,,CHK-01923,synthetic,SYN-026356
ALR-00920,requisito_no_evidenciado,VAC-0115,APP-00906,,CHK-01927,synthetic,SYN-026357
ALR-00921,requisito_no_evidenciado,VAC-0116,APP-00910,,CHK-01935,synthetic,SYN-026358
ALR-00922,requisito_no_evidenciado,VAC-0117,APP-00912,,CHK-01938,synthetic,SYN-026359
ALR-00923,requisito_no_evidenciado,VAC-0117,APP-00913,,CHK-01939,synthetic,SYN-026360
ALR-00924,requisito_no_evidenciado,VAC-0117,APP-00915,,CHK-01943,synthetic,SYN-026361
ALR-00925,requisito_no_evidenciado,VAC-0117,APP-00916,,CHK-01946,synthetic,SYN-026362
ALR-00926,requisito_no_evidenciado,VAC-0117,APP-00917,,CHK-01948,synthetic,SYN-026363
ALR-00927,requisito_no_evidenciado,VAC-0117,APP-00918,,CHK-01949,synthetic,SYN-026364
ALR-00928,requisito_no_evidenciado,VAC-0117,APP-00919,,CHK-01952,synthetic,SYN-026365
ALR-00929,requisito_no_evidenciado,VAC-0117,APP-00924,,CHK-01962,synthetic,SYN-026366
ALR-00930,requisito_no_evidenciado,VAC-0118,APP-00926,,CHK-01964,synthetic,SYN-026367
ALR-00931,requisito_no_evidenciado,VAC-0119,APP-00929,,CHK-01971,synthetic,SYN-026368
ALR-00932,requisito_no_evidenciado,VAC-0120,APP-00933,,CHK-01981,synthetic,SYN-026369
ALR-00933,requisito_no_evidenciado,VAC-0120,APP-00935,,CHK-01989,synthetic,SYN-026370
ALR-00934,requisito_no_evidenciado,VAC-0120,APP-00940,,CHK-02003,synthetic,SYN-026371
ALR-00935,sesion_vencida,VAC-0001,APP-00001,,SES-00001,synthetic,SYN-026372
ALR-00936,sesion_vencida,VAC-0002,APP-00007,,SES-00013,synthetic,SYN-026373
ALR-00937,sesion_vencida,VAC-0002,APP-00009,,SES-00017,synthetic,SYN-026374
ALR-00938,sesion_vencida,VAC-0004,APP-00013,,SES-00024,synthetic,SYN-026375
ALR-00939,sesion_vencida,VAC-0004,APP-00021,,SES-00039,synthetic,SYN-026376
ALR-00940,sesion_vencida,VAC-0005,APP-00027,,SES-00049,synthetic,SYN-026377
ALR-00941,sesion_vencida,VAC-0006,APP-00036,,SES-00065,synthetic,SYN-026378
ALR-00942,sesion_vencida,VAC-0006,APP-00036,,SES-00066,synthetic,SYN-026379
ALR-00943,sesion_vencida,VAC-0008,APP-00039,,SES-00070,synthetic,SYN-026380
ALR-00944,sesion_vencida,VAC-0009,APP-00047,,SES-00086,synthetic,SYN-026381
ALR-00945,sesion_vencida,VAC-0009,APP-00051,,SES-00093,synthetic,SYN-026382
ALR-00946,sesion_vencida,VAC-0011,APP-00059,,SES-00110,synthetic,SYN-026383
ALR-00947,sesion_vencida,VAC-0011,APP-00060,,SES-00112,synthetic,SYN-026384
ALR-00948,sesion_vencida,VAC-0011,APP-00061,,SES-00114,synthetic,SYN-026385
ALR-00949,sesion_vencida,VAC-0012,APP-00066,,SES-00124,synthetic,SYN-026386
ALR-00950,sesion_vencida,VAC-0013,APP-00071,,SES-00132,synthetic,SYN-026387
ALR-00951,sesion_vencida,VAC-0013,APP-00074,,SES-00139,synthetic,SYN-026388
ALR-00952,sesion_vencida,VAC-0013,APP-00076,,SES-00143,synthetic,SYN-026389
ALR-00953,sesion_vencida,VAC-0013,APP-00079,,SES-00147,synthetic,SYN-026390
ALR-00954,sesion_vencida,VAC-0013,APP-00081,,SES-00151,synthetic,SYN-026391
ALR-00955,sesion_vencida,VAC-0014,APP-00093,,SES-00174,synthetic,SYN-026392
ALR-00956,sesion_vencida,VAC-0014,APP-00094,,SES-00177,synthetic,SYN-026393
ALR-00957,sesion_vencida,VAC-0015,APP-00099,,SES-00188,synthetic,SYN-026394
ALR-00958,sesion_vencida,VAC-0016,APP-00100,,SES-00190,synthetic,SYN-026395
ALR-00959,sesion_vencida,VAC-0016,APP-00108,,SES-00203,synthetic,SYN-026396
ALR-00960,sesion_vencida,VAC-0016,APP-00108,,SES-00204,synthetic,SYN-026397
ALR-00961,sesion_vencida,VAC-0016,APP-00111,,SES-00210,synthetic,SYN-026398
ALR-00962,sesion_vencida,VAC-0019,APP-00122,,SES-00222,synthetic,SYN-026399
ALR-00963,sesion_vencida,VAC-0019,APP-00128,,SES-00234,synthetic,SYN-026400
ALR-00964,sesion_vencida,VAC-0020,APP-00137,,SES-00251,synthetic,SYN-026401
ALR-00965,sesion_vencida,VAC-0022,APP-00143,,SES-00258,synthetic,SYN-026402
ALR-00966,sesion_vencida,VAC-0022,APP-00144,,SES-00262,synthetic,SYN-026403
ALR-00967,sesion_vencida,VAC-0022,APP-00145,,SES-00264,synthetic,SYN-026404
ALR-00968,sesion_vencida,VAC-0022,APP-00147,,SES-00268,synthetic,SYN-026405
ALR-00969,sesion_vencida,VAC-0023,APP-00148,,SES-00270,synthetic,SYN-026406
ALR-00970,sesion_vencida,VAC-0023,APP-00152,,SES-00277,synthetic,SYN-026407
ALR-00971,sesion_vencida,VAC-0025,APP-00163,,SES-00298,synthetic,SYN-026408
ALR-00972,sesion_vencida,VAC-0025,APP-00166,,SES-00307,synthetic,SYN-026409
ALR-00973,sesion_vencida,VAC-0025,APP-00170,,SES-00314,synthetic,SYN-026410
ALR-00974,sesion_vencida,VAC-0026,APP-00177,,SES-00326,synthetic,SYN-026411
ALR-00975,sesion_vencida,VAC-0026,APP-00178,,SES-00327,synthetic,SYN-026412
ALR-00976,sesion_vencida,VAC-0026,APP-00179,,SES-00330,synthetic,SYN-026413
ALR-00977,sesion_vencida,VAC-0026,APP-00182,,SES-00336,synthetic,SYN-026414
ALR-00978,sesion_vencida,VAC-0027,APP-00191,,SES-00352,synthetic,SYN-026415
ALR-00979,sesion_vencida,VAC-0029,APP-00206,,SES-00379,synthetic,SYN-026416
ALR-00980,sesion_vencida,VAC-0030,APP-00208,,SES-00383,synthetic,SYN-026417
ALR-00981,sesion_vencida,VAC-0031,APP-00211,,SES-00387,synthetic,SYN-026418
ALR-00982,sesion_vencida,VAC-0032,APP-00227,,SES-00414,synthetic,SYN-026419
ALR-00983,sesion_vencida,VAC-0033,APP-00236,,SES-00432,synthetic,SYN-026420
ALR-00984,sesion_vencida,VAC-0033,APP-00240,,SES-00440,synthetic,SYN-026421
ALR-00985,sesion_vencida,VAC-0034,APP-00247,,SES-00452,synthetic,SYN-026422
ALR-00986,sesion_vencida,VAC-0035,APP-00253,,SES-00465,synthetic,SYN-026423
ALR-00987,sesion_vencida,VAC-0035,APP-00259,,SES-00475,synthetic,SYN-026424
ALR-00988,sesion_vencida,VAC-0037,APP-00265,,SES-00486,synthetic,SYN-026425
ALR-00989,sesion_vencida,VAC-0037,APP-00269,,SES-00494,synthetic,SYN-026426
ALR-00990,sesion_vencida,VAC-0038,APP-00276,,SES-00504,synthetic,SYN-026427
ALR-00991,sesion_vencida,VAC-0039,APP-00288,,SES-00528,synthetic,SYN-026428
ALR-00992,sesion_vencida,VAC-0040,APP-00294,,SES-00539,synthetic,SYN-026429
ALR-00993,sesion_vencida,VAC-0040,APP-00297,,SES-00543,synthetic,SYN-026430
ALR-00994,sesion_vencida,VAC-0041,APP-00308,,SES-00561,synthetic,SYN-026431
ALR-00995,sesion_vencida,VAC-0041,APP-00311,,SES-00567,synthetic,SYN-026432
ALR-00996,sesion_vencida,VAC-0041,APP-00311,,SES-00568,synthetic,SYN-026433
ALR-00997,sesion_vencida,VAC-0041,APP-00314,,SES-00575,synthetic,SYN-026434
ALR-00998,sesion_vencida,VAC-0042,APP-00322,,SES-00591,synthetic,SYN-026435
ALR-00999,sesion_vencida,VAC-0043,APP-00323,,SES-00592,synthetic,SYN-026436
ALR-01000,sesion_vencida,VAC-0043,APP-00327,,SES-00600,synthetic,SYN-026437
ALR-01001,sesion_vencida,VAC-0044,APP-00341,,SES-00623,synthetic,SYN-026438
ALR-01002,sesion_vencida,VAC-0044,APP-00343,,SES-00626,synthetic,SYN-026439
ALR-01003,sesion_vencida,VAC-0045,APP-00347,,SES-00632,synthetic,SYN-026440
ALR-01004,sesion_vencida,VAC-0047,APP-00367,,SES-00666,synthetic,SYN-026441
ALR-01005,sesion_vencida,VAC-0048,APP-00381,,SES-00686,synthetic,SYN-026442
ALR-01006,sesion_vencida,VAC-0049,APP-00386,,SES-00698,synthetic,SYN-026443
ALR-01007,sesion_vencida,VAC-0052,APP-00411,,SES-00738,synthetic,SYN-026444
ALR-01008,sesion_vencida,VAC-0052,APP-00411,,SES-00739,synthetic,SYN-026445
ALR-01009,sesion_vencida,VAC-0052,APP-00414,,SES-00745,synthetic,SYN-026446
ALR-01010,sesion_vencida,VAC-0053,APP-00421,,SES-00755,synthetic,SYN-026447
ALR-01011,sesion_vencida,VAC-0053,APP-00426,,SES-00761,synthetic,SYN-026448
ALR-01012,sesion_vencida,VAC-0053,APP-00428,,SES-00765,synthetic,SYN-026449
ALR-01013,sesion_vencida,VAC-0054,APP-00432,,SES-00770,synthetic,SYN-026450
ALR-01014,sesion_vencida,VAC-0055,APP-00441,,SES-00786,synthetic,SYN-026451
ALR-01015,sesion_vencida,VAC-0055,APP-00443,,SES-00788,synthetic,SYN-026452
ALR-01016,sesion_vencida,VAC-0056,APP-00450,,SES-00802,synthetic,SYN-026453
ALR-01017,sesion_vencida,VAC-0056,APP-00450,,SES-00803,synthetic,SYN-026454
ALR-01018,sesion_vencida,VAC-0057,APP-00459,,SES-00819,synthetic,SYN-026455
ALR-01019,sesion_vencida,VAC-0057,APP-00461,,SES-00823,synthetic,SYN-026456
ALR-01020,sesion_vencida,VAC-0057,APP-00463,,SES-00828,synthetic,SYN-026457
ALR-01021,sesion_vencida,VAC-0058,APP-00471,,SES-00845,synthetic,SYN-026458
ALR-01022,sesion_vencida,VAC-0058,APP-00473,,SES-00847,synthetic,SYN-026459
ALR-01023,sesion_vencida,VAC-0058,APP-00473,,SES-00848,synthetic,SYN-026460
ALR-01024,sesion_vencida,VAC-0059,APP-00477,,SES-00853,synthetic,SYN-026461
ALR-01025,sesion_vencida,VAC-0059,APP-00481,,SES-00857,synthetic,SYN-026462
ALR-01026,sesion_vencida,VAC-0059,APP-00482,,SES-00860,synthetic,SYN-026463
ALR-01027,sesion_vencida,VAC-0059,APP-00483,,SES-00862,synthetic,SYN-026464
ALR-01028,sesion_vencida,VAC-0060,APP-00485,,SES-00867,synthetic,SYN-026465
ALR-01029,sesion_vencida,VAC-0061,APP-00495,,SES-00883,synthetic,SYN-026466
ALR-01030,sesion_vencida,VAC-0061,APP-00498,,SES-00889,synthetic,SYN-026467
ALR-01031,sesion_vencida,VAC-0063,APP-00515,,SES-00913,synthetic,SYN-026468
ALR-01032,sesion_vencida,VAC-0063,APP-00516,,SES-00916,synthetic,SYN-026469
ALR-01033,sesion_vencida,VAC-0063,APP-00518,,SES-00917,synthetic,SYN-026470
ALR-01034,sesion_vencida,VAC-0063,APP-00518,,SES-00918,synthetic,SYN-026471
ALR-01035,sesion_vencida,VAC-0063,APP-00520,,SES-00922,synthetic,SYN-026472
ALR-01036,sesion_vencida,VAC-0065,APP-00527,,SES-00934,synthetic,SYN-026473
ALR-01037,sesion_vencida,VAC-0065,APP-00527,,SES-00935,synthetic,SYN-026474
ALR-01038,sesion_vencida,VAC-0065,APP-00530,,SES-00941,synthetic,SYN-026475
ALR-01039,sesion_vencida,VAC-0067,APP-00544,,SES-00963,synthetic,SYN-026476
ALR-01040,sesion_vencida,VAC-0070,APP-00559,,SES-00988,synthetic,SYN-026477
ALR-01041,sesion_vencida,VAC-0070,APP-00562,,SES-00994,synthetic,SYN-026478
ALR-01042,sesion_vencida,VAC-0071,APP-00567,,SES-01005,synthetic,SYN-026479
ALR-01043,sesion_vencida,VAC-0071,APP-00568,,SES-01007,synthetic,SYN-026480
ALR-01044,sesion_vencida,VAC-0072,APP-00581,,SES-01028,synthetic,SYN-026481
ALR-01045,sesion_vencida,VAC-0072,APP-00581,,SES-01030,synthetic,SYN-026482
ALR-01046,sesion_vencida,VAC-0073,APP-00582,,SES-01032,synthetic,SYN-026483
ALR-01047,sesion_vencida,VAC-0073,APP-00588,,SES-01043,synthetic,SYN-026484
ALR-01048,sesion_vencida,VAC-0073,APP-00590,,SES-01047,synthetic,SYN-026485
ALR-01049,sesion_vencida,VAC-0074,APP-00600,,SES-01067,synthetic,SYN-026486
ALR-01050,sesion_vencida,VAC-0076,APP-00609,,SES-01083,synthetic,SYN-026487
ALR-01051,sesion_vencida,VAC-0077,APP-00611,,SES-01088,synthetic,SYN-026488
ALR-01052,sesion_vencida,VAC-0078,APP-00612,,SES-01090,synthetic,SYN-026489
ALR-01053,sesion_vencida,VAC-0079,APP-00617,,SES-01097,synthetic,SYN-026490
ALR-01054,sesion_vencida,VAC-0079,APP-00621,,SES-01104,synthetic,SYN-026491
ALR-01055,sesion_vencida,VAC-0082,APP-00635,,SES-01131,synthetic,SYN-026492
ALR-01056,sesion_vencida,VAC-0082,APP-00636,,SES-01132,synthetic,SYN-026493
ALR-01057,sesion_vencida,VAC-0082,APP-00636,,SES-01133,synthetic,SYN-026494
ALR-01058,sesion_vencida,VAC-0083,APP-00637,,SES-01136,synthetic,SYN-026495
ALR-01059,sesion_vencida,VAC-0083,APP-00647,,SES-01154,synthetic,SYN-026496
ALR-01060,sesion_vencida,VAC-0084,APP-00655,,SES-01167,synthetic,SYN-026497
ALR-01061,sesion_vencida,VAC-0084,APP-00655,,SES-01168,synthetic,SYN-026498
ALR-01062,sesion_vencida,VAC-0085,APP-00663,,SES-01178,synthetic,SYN-026499
ALR-01063,sesion_vencida,VAC-0085,APP-00667,,SES-01185,synthetic,SYN-026500
ALR-01064,sesion_vencida,VAC-0085,APP-00668,,SES-01186,synthetic,SYN-026501
ALR-01065,sesion_vencida,VAC-0086,APP-00670,,SES-01189,synthetic,SYN-026502
ALR-01066,sesion_vencida,VAC-0088,APP-00680,,SES-01204,synthetic,SYN-026503
ALR-01067,sesion_vencida,VAC-0088,APP-00682,,SES-01208,synthetic,SYN-026504
ALR-01068,sesion_vencida,VAC-0088,APP-00682,,SES-01209,synthetic,SYN-026505
ALR-01069,sesion_vencida,VAC-0090,APP-00694,,SES-01229,synthetic,SYN-026506
ALR-01070,sesion_vencida,VAC-0090,APP-00695,,SES-01231,synthetic,SYN-026507
ALR-01071,sesion_vencida,VAC-0090,APP-00696,,SES-01233,synthetic,SYN-026508
ALR-01072,sesion_vencida,VAC-0090,APP-00699,,SES-01236,synthetic,SYN-026509
ALR-01073,sesion_vencida,VAC-0094,APP-00723,,SES-01275,synthetic,SYN-026510
ALR-01074,sesion_vencida,VAC-0094,APP-00725,,SES-01280,synthetic,SYN-026511
ALR-01075,sesion_vencida,VAC-0094,APP-00731,,SES-01289,synthetic,SYN-026512
ALR-01076,sesion_vencida,VAC-0095,APP-00743,,SES-01307,synthetic,SYN-026513
ALR-01077,sesion_vencida,VAC-0096,APP-00748,,SES-01317,synthetic,SYN-026514
ALR-01078,sesion_vencida,VAC-0096,APP-00749,,SES-01319,synthetic,SYN-026515
ALR-01079,sesion_vencida,VAC-0096,APP-00751,,SES-01322,synthetic,SYN-026516
ALR-01080,sesion_vencida,VAC-0096,APP-00752,,SES-01324,synthetic,SYN-026517
ALR-01081,sesion_vencida,VAC-0098,APP-00768,,SES-01350,synthetic,SYN-026518
ALR-01082,sesion_vencida,VAC-0098,APP-00769,,SES-01352,synthetic,SYN-026519
ALR-01083,sesion_vencida,VAC-0099,APP-00778,,SES-01371,synthetic,SYN-026520
ALR-01084,sesion_vencida,VAC-0100,APP-00783,,SES-01381,synthetic,SYN-026521
ALR-01085,sesion_vencida,VAC-0101,APP-00799,,SES-01409,synthetic,SYN-026522
ALR-01086,sesion_vencida,VAC-0105,APP-00827,,SES-01458,synthetic,SYN-026523
ALR-01087,sesion_vencida,VAC-0106,APP-00836,,SES-01476,synthetic,SYN-026524
ALR-01088,sesion_vencida,VAC-0106,APP-00837,,SES-01478,synthetic,SYN-026525
ALR-01089,sesion_vencida,VAC-0106,APP-00839,,SES-01482,synthetic,SYN-026526
ALR-01090,sesion_vencida,VAC-0106,APP-00842,,SES-01487,synthetic,SYN-026527
ALR-01091,sesion_vencida,VAC-0107,APP-00845,,SES-01491,synthetic,SYN-026528
ALR-01092,sesion_vencida,VAC-0109,APP-00851,,SES-01503,synthetic,SYN-026529
ALR-01093,sesion_vencida,VAC-0109,APP-00853,,SES-01507,synthetic,SYN-026530
ALR-01094,sesion_vencida,VAC-0109,APP-00854,,SES-01509,synthetic,SYN-026531
ALR-01095,sesion_vencida,VAC-0111,APP-00868,,SES-01528,synthetic,SYN-026532
ALR-01096,sesion_vencida,VAC-0112,APP-00874,,SES-01538,synthetic,SYN-026533
ALR-01097,sesion_vencida,VAC-0113,APP-00882,,SES-01553,synthetic,SYN-026534
ALR-01098,sesion_vencida,VAC-0113,APP-00885,,SES-01559,synthetic,SYN-026535
ALR-01099,sesion_vencida,VAC-0113,APP-00886,,SES-01561,synthetic,SYN-026536
ALR-01100,sesion_vencida,VAC-0113,APP-00891,,SES-01570,synthetic,SYN-026537
ALR-01101,sesion_vencida,VAC-0115,APP-00899,,SES-01589,synthetic,SYN-026538
ALR-01102,sesion_vencida,VAC-0115,APP-00903,,SES-01597,synthetic,SYN-026539
ALR-01103,sesion_vencida,VAC-0118,APP-00925,,SES-01630,synthetic,SYN-026540
ALR-01104,sesion_vencida,VAC-0120,APP-00934,,SES-01641,synthetic,SYN-026541
ALR-01105,sesion_vencida,VAC-0120,APP-00936,,SES-01644,synthetic,SYN-026542
