vacancy_token,organization_token,checkpoint_at,elapsed_days_since_publication,application_window_days,positions_count,applications_received_count,configured_criteria_count,evaluations_scheduled_count,evaluations_completed_count,evaluations_overdue_pending_count,interviews_scheduled_count,interviews_completed_count,interviews_overdue_pending_count,stage_transition_count,days_since_last_operational_event,concurrent_open_vacancies_count,days_remaining_to_target,delayed,observation_status,dataset_version,source_type,synthetic_record_id
VAC-0001,ORG-S1,2026-07-29T00:00:00,11,11,1,2,6,2,0,0,0,0,0,4,3,7,30,1,completed,f34-synth-1.1.0,synthetic,SYN-024706
VAC-0002,ORG-S2,2026-08-20T00:00:00,13,13,1,8,4,6,0,0,0,0,0,14,1,5,27,0,completed,f34-synth-1.1.0,synthetic,SYN-024707
VAC-0003,ORG-S3,2026-06-17T00:00:00,11,11,2,2,5,2,0,0,0,0,0,4,0,7,31,0,completed,f34-synth-1.1.0,synthetic,SYN-024708
VAC-0004,ORG-S1,2026-07-15T00:00:00,12,12,1,9,4,8,0,1,0,0,0,16,2,9,40,0,completed,f34-synth-1.1.0,synthetic,SYN-024709
VAC-0005,ORG-S2,2026-07-04T00:00:00,11,11,2,11,6,8,0,0,0,0,0,19,0,6,28,1,completed,f34-synth-1.1.0,synthetic,SYN-024710
VAC-0006,ORG-S3,2026-03-02T00:00:00,17,17,2,4,4,4,1,1,0,0,0,8,0,1,40,0,completed,f34-synth-1.1.0,synthetic,SYN-024711
VAC-0007,ORG-S1,2026-04-20T00:00:00,11,11,1,0,5,0,0,0,0,0,0,0,11,7,43,0,completed,f34-synth-1.1.0,synthetic,SYN-024712
VAC-0008,ORG-S2,2026-09-03T00:00:00,14,14,1,5,6,3,0,0,0,0,0,9,0,6,36,0,completed,f34-synth-1.1.0,synthetic,SYN-024713
VAC-0009,ORG-S3,2026-01-30T00:00:00,10,10,3,11,4,13,2,1,0,0,0,22,0,2,34,0,completed,f34-synth-1.1.0,synthetic,SYN-024714
VAC-0010,ORG-S1,2026-09-09T00:00:00,20,20,1,5,4,4,2,0,0,0,0,9,0,4,18,,censored,f34-synth-1.1.0,synthetic,SYN-024715
VAC-0011,ORG-S2,2026-09-13T00:00:00,21,21,1,5,5,5,0,2,0,0,0,9,3,6,31,,censored,f34-synth-1.1.0,synthetic,SYN-024716
VAC-0012,ORG-S3,2026-04-03T00:00:00,11,11,1,7,6,5,1,0,0,0,0,13,0,11,34,0,completed,f34-synth-1.1.0,synthetic,SYN-024717
VAC-0013,ORG-S1,2026-09-19T00:00:00,10,9,1,14,5,7,0,0,0,0,0,21,0,3,33,,censored,f34-synth-1.1.0,synthetic,SYN-024718
VAC-0014,ORG-S2,2026-02-15T00:00:00,12,12,1,12,4,12,1,1,0,0,0,22,0,3,30,0,completed,f34-synth-1.1.0,synthetic,SYN-024719
VAC-0015,ORG-S3,2026-07-22T00:00:00,20,20,1,4,5,4,2,0,0,0,0,8,0,9,39,0,completed,f34-synth-1.1.0,synthetic,SYN-024720
VAC-0016,ORG-S1,2026-02-28T00:00:00,7,7,1,13,6,7,0,0,0,0,0,19,0,4,29,0,completed,f34-synth-1.1.0,synthetic,SYN-024721
VAC-0017,ORG-S2,2026-06-15T00:00:00,20,20,3,4,6,4,0,0,0,0,0,7,2,6,43,0,completed,f34-synth-1.1.0,synthetic,SYN-024722
VAC-0018,ORG-S3,2026-09-01T00:00:00,15,15,3,5,4,2,0,1,0,0,0,9,1,6,38,0,completed,f34-synth-1.1.0,synthetic,SYN-024723
VAC-0019,ORG-S1,2026-08-30T00:00:00,20,20,1,14,5,15,2,2,0,0,0,28,0,5,32,0,completed,f34-synth-1.1.0,synthetic,SYN-024724
VAC-0020,ORG-S2,2026-05-19T00:00:00,9,9,1,2,5,0,0,0,0,0,0,2,3,7,36,0,completed,f34-synth-1.1.0,synthetic,SYN-024725
VAC-0021,ORG-S3,2026-09-02T00:00:00,15,15,1,3,5,2,1,0,0,0,0,5,1,6,14,,censored,f34-synth-1.1.0,synthetic,SYN-024726
VAC-0022,ORG-S1,2026-06-21T00:00:00,16,16,1,7,4,6,0,1,0,0,0,11,0,7,35,0,completed,f34-synth-1.1.0,synthetic,SYN-024727
VAC-0023,ORG-S2,2026-06-03T00:00:00,15,14,3,11,6,13,0,0,0,0,0,22,0,7,27,1,completed,f34-synth-1.1.0,synthetic,SYN-024728
VAC-0024,ORG-S3,2026-04-20T00:00:00,11,11,1,4,6,3,2,0,0,0,0,8,0,8,44,0,completed,f34-synth-1.1.0,synthetic,SYN-024729
VAC-0025,ORG-S1,2026-06-14T00:00:00,13,13,3,11,6,13,0,1,0,0,0,21,0,8,21,1,completed,f34-synth-1.1.0,synthetic,SYN-024730
VAC-0026,ORG-S2,2026-02-05T00:00:00,8,8,1,12,4,5,1,0,0,0,0,18,1,2,31,0,completed,f34-synth-1.1.0,synthetic,SYN-024731
VAC-0027,ORG-S3,2026-07-17T00:00:00,13,13,1,9,6,7,1,0,0,0,0,17,0,8,19,1,completed,f34-synth-1.1.0,synthetic,SYN-024732
VAC-0028,ORG-S1,2026-03-12T00:00:00,14,14,2,4,4,3,1,0,0,0,0,7,0,4,37,0,completed,f34-synth-1.1.0,synthetic,SYN-024733
VAC-0029,ORG-S2,2026-06-10T00:00:00,13,13,2,8,4,7,0,0,0,0,0,15,0,7,19,1,completed,f34-synth-1.1.0,synthetic,SYN-024734
VAC-0030,ORG-S3,2026-06-13T00:00:00,21,21,1,4,5,3,1,0,0,0,0,8,4,7,18,1,completed,f34-synth-1.1.0,synthetic,SYN-024735
VAC-0031,ORG-S1,2026-05-08T00:00:00,13,13,1,13,5,13,2,1,0,0,0,25,0,6,42,0,completed,f34-synth-1.1.0,synthetic,SYN-024736
VAC-0032,ORG-S2,2026-03-28T00:00:00,20,20,1,10,6,10,5,2,0,0,0,19,0,8,15,1,completed,f34-synth-1.1.0,synthetic,SYN-024737
VAC-0033,ORG-S3,2026-06-30T00:00:00,17,16,1,10,4,8,0,0,0,0,0,18,0,9,15,1,completed,f34-synth-1.1.0,synthetic,SYN-024738
VAC-0034,ORG-S1,2026-06-18T00:00:00,8,8,1,7,5,6,0,0,0,0,0,12,0,7,27,0,completed,f34-synth-1.1.0,synthetic,SYN-024739
VAC-0035,ORG-S2,2026-06-17T00:00:00,11,11,2,11,5,7,1,1,0,0,0,18,0,7,14,1,completed,f34-synth-1.1.0,synthetic,SYN-024740
VAC-0036,ORG-S3,2026-07-04T00:00:00,20,20,2,3,6,3,1,0,0,0,0,6,0,12,21,1,completed,f34-synth-1.1.0,synthetic,SYN-024741
VAC-0037,ORG-S1,2026-08-30T00:00:00,11,11,2,9,4,10,0,0,0,0,0,17,1,5,26,1,completed,f34-synth-1.1.0,synthetic,SYN-024742
VAC-0038,ORG-S2,2026-04-14T00:00:00,17,17,1,5,5,4,0,1,0,0,0,10,1,7,25,0,completed,f34-synth-1.1.0,synthetic,SYN-024743
VAC-0039,ORG-S3,2026-07-06T00:00:00,9,9,2,14,6,12,0,0,0,0,0,24,0,12,24,1,completed,f34-synth-1.1.0,synthetic,SYN-024744
VAC-0040,ORG-S1,2026-04-02T00:00:00,9,9,2,13,4,8,1,0,0,0,0,20,0,7,27,0,completed,f34-synth-1.1.0,synthetic,SYN-024745
VAC-0041,ORG-S2,2026-05-15T00:00:00,15,15,2,10,6,6,3,0,0,0,0,16,0,6,28,0,completed,f34-synth-1.1.0,synthetic,SYN-024746
VAC-0042,ORG-S3,2026-03-18T00:00:00,14,14,1,7,6,5,0,2,0,0,0,11,0,7,15,1,completed,f34-synth-1.1.0,synthetic,SYN-024747
VAC-0043,ORG-S1,2026-04-12T00:00:00,10,9,1,13,4,11,0,1,0,0,0,24,0,7,14,1,completed,f34-synth-1.1.0,synthetic,SYN-024748
VAC-0044,ORG-S2,2026-02-12T00:00:00,17,17,1,9,4,7,0,0,0,0,0,15,0,3,17,1,completed,f34-synth-1.1.0,synthetic,SYN-024749
VAC-0045,ORG-S3,2026-08-20T00:00:00,8,8,1,12,6,8,0,0,0,0,0,20,0,8,38,0,completed,f34-synth-1.1.0,synthetic,SYN-024750
VAC-0046,ORG-S1,2026-07-20T00:00:00,19,19,2,7,4,5,0,0,0,0,0,13,0,8,34,0,completed,f34-synth-1.1.0,synthetic,SYN-024751
VAC-0047,ORG-S2,2026-07-30T00:00:00,15,15,1,12,6,12,0,0,0,0,0,23,1,4,40,0,completed,f34-synth-1.1.0,synthetic,SYN-024752
VAC-0048,ORG-S3,2026-03-23T00:00:00,20,20,1,7,4,3,0,1,0,0,0,11,0,8,15,1,completed,f34-synth-1.1.0,synthetic,SYN-024753
VAC-0049,ORG-S1,2026-03-01T00:00:00,18,18,1,8,4,8,3,0,0,0,0,16,0,4,43,0,completed,f34-synth-1.1.0,synthetic,SYN-024754
VAC-0050,ORG-S2,2026-04-26T00:00:00,16,16,2,12,4,8,4,1,0,0,0,20,0,6,26,1,completed,f34-synth-1.1.0,synthetic,SYN-024755
VAC-0051,ORG-S3,2026-03-31T00:00:00,20,20,1,3,5,2,0,0,0,0,0,6,9,10,20,0,completed,f34-synth-1.1.0,synthetic,SYN-024756
VAC-0052,ORG-S1,2026-06-06T00:00:00,15,15,1,12,4,10,0,0,0,0,0,21,0,7,27,0,completed,f34-synth-1.1.0,synthetic,SYN-024757
VAC-0053,ORG-S2,2026-05-06T00:00:00,10,9,1,14,4,8,0,0,0,0,0,24,0,6,34,1,completed,f34-synth-1.1.0,synthetic,SYN-024758
VAC-0054,ORG-S3,2026-04-20T00:00:00,17,17,1,6,4,6,5,0,0,0,0,10,0,8,41,0,completed,f34-synth-1.1.0,synthetic,SYN-024759
VAC-0055,ORG-S1,2026-06-26T00:00:00,20,20,1,8,5,8,1,1,0,0,0,16,0,9,42,0,completed,f34-synth-1.1.0,synthetic,SYN-024760
VAC-0056,ORG-S2,2026-07-01T00:00:00,19,19,1,13,6,11,3,0,0,0,0,24,0,6,43,0,completed,f34-synth-1.1.0,synthetic,SYN-024761
VAC-0057,ORG-S3,2026-06-03T00:00:00,13,13,1,7,4,8,0,1,0,0,0,13,0,4,16,1,completed,f34-synth-1.1.0,synthetic,SYN-024762
VAC-0058,ORG-S1,2026-05-15T00:00:00,16,16,1,9,4,10,0,3,0,0,0,18,0,3,41,0,completed,f34-synth-1.1.0,synthetic,SYN-024763
VAC-0059,ORG-S2,2026-04-01T00:00:00,8,8,1,10,5,6,0,0,0,0,0,16,0,7,32,0,completed,f34-synth-1.1.0,synthetic,SYN-024764
VAC-0060,ORG-S3,2026-03-12T00:00:00,9,9,1,8,4,6,0,0,0,0,0,14,0,6,31,0,completed,f34-synth-1.1.0,synthetic,SYN-024765
VAC-0061,ORG-S1,2026-06-22T00:00:00,8,8,1,7,6,5,0,0,0,0,0,12,1,7,39,0,completed,f34-synth-1.1.0,synthetic,SYN-024766
VAC-0062,ORG-S2,2026-07-08T00:00:00,20,20,1,7,4,6,1,1,0,0,0,12,0,7,43,0,completed,f34-synth-1.1.0,synthetic,SYN-024767
VAC-0063,ORG-S3,2026-03-29T00:00:00,17,16,2,14,5,8,1,0,0,0,0,26,0,10,44,0,completed,f34-synth-1.1.0,synthetic,SYN-024768
VAC-0064,ORG-S1,2026-03-26T00:00:00,18,18,1,3,4,2,1,0,0,0,0,5,0,3,35,0,completed,f34-synth-1.1.0,synthetic,SYN-024769
VAC-0065,ORG-S2,2026-07-06T00:00:00,19,19,1,11,4,10,1,2,0,0,0,19,0,6,18,1,completed,f34-synth-1.1.0,synthetic,SYN-024770
VAC-0066,ORG-S3,2026-04-16T00:00:00,20,20,1,6,4,4,0,0,0,0,0,11,1,10,39,0,completed,f34-synth-1.1.0,synthetic,SYN-024771
VAC-0067,ORG-S1,2026-07-07T00:00:00,12,12,3,8,4,7,2,0,0,0,0,14,0,11,27,1,completed,f34-synth-1.1.0,synthetic,SYN-024772
VAC-0068,ORG-S2,2026-04-22T00:00:00,12,12,3,3,4,2,0,0,0,0,0,6,0,6,40,0,completed,f34-synth-1.1.0,synthetic,SYN-024773
VAC-0069,ORG-S3,2026-01-21T00:00:00,13,13,1,5,4,4,0,0,0,0,0,9,0,2,42,0,completed,f34-synth-1.1.0,synthetic,SYN-024774
VAC-0070,ORG-S1,2026-04-22T00:00:00,21,21,1,9,4,8,1,3,0,0,0,17,0,8,28,0,completed,f34-synth-1.1.0,synthetic,SYN-024775
VAC-0071,ORG-S2,2026-03-17T00:00:00,10,10,2,13,6,13,1,1,0,0,0,24,0,6,34,0,completed,f34-synth-1.1.0,synthetic,SYN-024776
VAC-0072,ORG-S3,2026-04-13T00:00:00,20,20,3,3,4,4,0,2,0,0,0,6,4,11,40,0,completed,f34-synth-1.1.0,synthetic,SYN-024777
VAC-0073,ORG-S1,2026-04-30T00:00:00,8,7,2,9,5,4,0,0,0,0,0,13,0,7,33,0,completed,f34-synth-1.1.0,synthetic,SYN-024778
VAC-0074,ORG-S2,2026-08-29T00:00:00,8,8,1,10,5,7,0,0,0,0,0,17,0,7,40,0,completed,f34-synth-1.1.0,synthetic,SYN-024779
VAC-0075,ORG-S3,2026-06-20T00:00:00,8,8,1,2,5,1,0,0,0,0,0,3,2,7,27,1,completed,f34-synth-1.1.0,synthetic,SYN-024780
VAC-0076,ORG-S1,2026-07-22T00:00:00,18,18,1,7,4,6,2,0,0,0,0,13,1,7,31,0,completed,f34-synth-1.1.0,synthetic,SYN-024781
VAC-0077,ORG-S2,2026-08-22T00:00:00,17,17,1,2,4,3,0,0,0,0,0,4,4,6,38,0,completed,f34-synth-1.1.0,synthetic,SYN-024782
VAC-0078,ORG-S3,2026-08-24T00:00:00,19,19,2,3,4,2,1,0,0,0,0,5,1,7,22,0,completed,f34-synth-1.1.0,synthetic,SYN-024783
VAC-0079,ORG-S1,2026-02-04T00:00:00,16,16,3,10,6,8,3,1,0,0,0,18,1,3,15,1,completed,f34-synth-1.1.0,synthetic,SYN-024784
VAC-0080,ORG-S2,2026-03-11T00:00:00,21,21,1,5,5,5,1,1,0,0,0,9,0,8,27,0,completed,f34-synth-1.1.0,synthetic,SYN-024785
VAC-0081,ORG-S3,2026-08-14T00:00:00,13,13,1,2,5,0,0,0,0,0,0,2,1,6,30,0,completed,f34-synth-1.1.0,synthetic,SYN-024786
VAC-0082,ORG-S1,2026-06-18T00:00:00,20,20,1,5,4,4,1,1,0,0,0,9,0,7,33,0,completed,f34-synth-1.1.0,synthetic,SYN-024787
VAC-0083,ORG-S2,2026-03-27T00:00:00,16,15,1,14,5,14,2,1,0,0,0,26,0,7,31,0,completed,f34-synth-1.1.0,synthetic,SYN-024788
VAC-0084,ORG-S3,2026-06-18T00:00:00,17,17,1,10,4,6,2,0,0,0,0,18,0,7,34,0,completed,f34-synth-1.1.0,synthetic,SYN-024789
VAC-0085,ORG-S1,2026-02-25T00:00:00,9,9,2,9,4,8,0,1,0,0,0,16,0,3,31,0,completed,f34-synth-1.1.0,synthetic,SYN-024790
VAC-0086,ORG-S2,2026-05-29T00:00:00,11,11,2,3,4,3,0,0,0,0,0,6,0,8,44,0,completed,f34-synth-1.1.0,synthetic,SYN-024791
VAC-0087,ORG-S3,2026-03-22T00:00:00,12,12,1,5,4,3,0,0,0,0,0,9,0,7,41,0,completed,f34-synth-1.1.0,synthetic,SYN-024792
VAC-0088,ORG-S1,2026-01-14T00:00:00,7,7,1,8,5,6,0,0,0,0,0,13,0,0,14,1,completed,f34-synth-1.1.0,synthetic,SYN-024793
VAC-0089,ORG-S2,2026-02-21T00:00:00,10,10,1,8,5,6,0,0,0,0,0,14,0,6,31,0,completed,f34-synth-1.1.0,synthetic,SYN-024794
VAC-0090,ORG-S3,2026-07-21T00:00:00,21,21,1,8,4,4,1,0,0,0,0,13,0,9,27,0,completed,f34-synth-1.1.0,synthetic,SYN-024795
VAC-0091,ORG-S1,2026-02-06T00:00:00,12,12,1,13,4,9,0,1,0,0,0,23,0,3,16,1,completed,f34-synth-1.1.0,synthetic,SYN-024796
VAC-0092,ORG-S2,2026-07-17T00:00:00,9,9,1,3,6,3,0,0,0,0,0,6,3,7,19,1,completed,f34-synth-1.1.0,synthetic,SYN-024797
VAC-0093,ORG-S3,2026-07-30T00:00:00,9,8,1,3,5,2,0,0,0,0,0,5,1,8,17,1,completed,f34-synth-1.1.0,synthetic,SYN-024798
VAC-0094,ORG-S1,2026-07-13T00:00:00,17,17,2,13,4,8,1,1,0,0,0,21,0,9,23,1,completed,f34-synth-1.1.0,synthetic,SYN-024799
VAC-0095,ORG-S2,2026-03-22T00:00:00,19,19,1,14,6,12,5,1,0,0,0,27,0,6,27,0,completed,f34-synth-1.1.0,synthetic,SYN-024800
VAC-0096,ORG-S3,2026-04-04T00:00:00,13,13,3,6,5,6,0,0,0,0,0,12,0,11,37,0,completed,f34-synth-1.1.0,synthetic,SYN-024801
VAC-0097,ORG-S1,2026-06-12T00:00:00,12,12,3,14,4,12,2,1,0,0,0,26,0,7,42,0,completed,f34-synth-1.1.0,synthetic,SYN-024802
VAC-0098,ORG-S2,2026-03-10T00:00:00,18,18,2,9,6,9,1,1,0,0,0,17,0,7,33,0,completed,f34-synth-1.1.0,synthetic,SYN-024803
VAC-0099,ORG-S3,2026-05-21T00:00:00,9,9,1,3,4,2,0,0,0,0,0,5,1,1,21,1,completed,f34-synth-1.1.0,synthetic,SYN-024804
VAC-0100,ORG-S1,2026-04-01T00:00:00,9,9,1,6,4,6,0,1,0,0,0,10,0,6,37,0,completed,f34-synth-1.1.0,synthetic,SYN-024805
VAC-0101,ORG-S2,2026-07-29T00:00:00,20,20,1,14,6,12,2,0,0,0,0,25,0,4,25,1,completed,f34-synth-1.1.0,synthetic,SYN-024806
VAC-0102,ORG-S3,2026-07-07T00:00:00,12,12,2,8,5,6,0,0,0,0,0,14,0,12,43,0,completed,f34-synth-1.1.0,synthetic,SYN-024807
VAC-0103,ORG-S1,2026-04-17T00:00:00,16,15,2,10,6,10,4,0,0,0,0,18,0,7,44,0,completed,f34-synth-1.1.0,synthetic,SYN-024808
VAC-0104,ORG-S2,2026-03-08T00:00:00,16,16,1,8,4,4,0,0,0,0,0,13,0,8,33,0,completed,f34-synth-1.1.0,synthetic,SYN-024809
VAC-0105,ORG-S3,2026-06-10T00:00:00,12,12,2,5,4,3,0,0,0,0,0,8,0,5,17,1,completed,f34-synth-1.1.0,synthetic,SYN-024810
VAC-0106,ORG-S1,2026-04-06T00:00:00,7,7,1,14,4,10,0,0,0,0,0,22,0,7,24,1,completed,f34-synth-1.1.0,synthetic,SYN-024811
VAC-0107,ORG-S2,2026-05-11T00:00:00,12,12,1,2,4,2,0,0,0,0,0,4,3,7,25,1,completed,f34-synth-1.1.0,synthetic,SYN-024812
VAC-0108,ORG-S3,2026-08-11T00:00:00,21,21,1,2,4,2,1,0,0,0,0,4,1,5,29,0,completed,f34-synth-1.1.0,synthetic,SYN-024813
VAC-0109,ORG-S1,2026-08-11T00:00:00,18,18,3,7,5,6,1,2,0,0,0,13,1,6,21,1,completed,f34-synth-1.1.0,synthetic,SYN-024814
VAC-0110,ORG-S2,2026-08-30T00:00:00,11,11,1,11,5,6,0,0,0,0,0,18,0,7,28,0,completed,f34-synth-1.1.0,synthetic,SYN-024815
VAC-0111,ORG-S3,2026-02-19T00:00:00,12,12,1,4,4,4,0,2,0,0,0,7,0,3,23,0,completed,f34-synth-1.1.0,synthetic,SYN-024816
VAC-0112,ORG-S1,2026-05-13T00:00:00,12,12,1,10,4,8,2,1,0,0,0,18,0,3,27,1,completed,f34-synth-1.1.0,synthetic,SYN-024817
VAC-0113,ORG-S2,2026-09-07T00:00:00,8,7,1,13,5,8,0,0,0,0,0,20,0,6,18,,censored,f34-synth-1.1.0,synthetic,SYN-024818
VAC-0114,ORG-S3,2026-01-27T00:00:00,9,9,1,5,4,2,0,0,0,0,0,7,0,2,31,0,completed,f34-synth-1.1.0,synthetic,SYN-024819
VAC-0115,ORG-S1,2026-08-18T00:00:00,12,12,2,11,6,7,0,0,0,0,0,18,0,3,23,1,completed,f34-synth-1.1.0,synthetic,SYN-024820
VAC-0116,ORG-S2,2026-05-04T00:00:00,16,16,2,2,4,2,0,1,0,0,0,4,2,6,15,0,completed,f34-synth-1.1.0,synthetic,SYN-024821
VAC-0117,ORG-S3,2026-03-30T00:00:00,15,15,3,13,4,13,6,1,0,0,0,25,0,10,15,1,completed,f34-synth-1.1.0,synthetic,SYN-024822
VAC-0118,ORG-S1,2026-01-25T00:00:00,7,7,1,3,6,2,0,0,0,0,0,6,0,3,38,0,completed,f34-synth-1.1.0,synthetic,SYN-024823
VAC-0119,ORG-S2,2026-04-24T00:00:00,18,18,1,4,5,2,1,0,0,0,0,6,0,6,14,1,completed,f34-synth-1.1.0,synthetic,SYN-024824
VAC-0120,ORG-S3,2026-07-11T00:00:00,10,10,1,9,4,5,0,0,0,0,0,16,0,11,17,1,completed,f34-synth-1.1.0,synthetic,SYN-024825
