vacancy_token,checkpoint_at,label_known_at,split,split_reason,source_type,synthetic_record_id
VAC-0088,2026-01-14T00:00:00,2026-02-06T05:09:00,train,temporal,synthetic,SYN-024826
VAC-0069,2026-01-21T00:00:00,2026-02-16T01:06:00,train,temporal,synthetic,SYN-024827
VAC-0118,2026-01-25T00:00:00,2026-02-11T22:18:00,train,temporal,synthetic,SYN-024828
VAC-0114,2026-01-27T00:00:00,2026-02-23T00:00:00,train,temporal,synthetic,SYN-024829
VAC-0009,2026-01-30T00:00:00,2026-02-20T22:00:00,train,temporal,synthetic,SYN-024830
VAC-0079,2026-02-04T00:00:00,2026-02-23T03:00:00,train,temporal,synthetic,SYN-024831
VAC-0026,2026-02-05T00:00:00,2026-03-02T15:00:00,train,temporal,synthetic,SYN-024832
VAC-0091,2026-02-06T00:00:00,2026-03-06T21:00:00,train,temporal,synthetic,SYN-024833
VAC-0044,2026-02-12T00:00:00,2026-03-08T23:06:00,train,temporal,synthetic,SYN-024834
VAC-0014,2026-02-15T00:00:00,2026-03-16T10:00:00,train,temporal,synthetic,SYN-024835
VAC-0111,2026-02-19T00:00:00,2026-03-09T01:51:00,train,temporal,synthetic,SYN-024836
VAC-0089,2026-02-21T00:00:00,2026-03-16T20:00:00,train,temporal,synthetic,SYN-024837
VAC-0085,2026-02-25T00:00:00,2026-03-16T07:00:00,train,temporal,synthetic,SYN-024838
VAC-0016,2026-02-28T00:00:00,2026-03-23T04:21:00,train,temporal,synthetic,SYN-024839
VAC-0049,2026-03-01T00:00:00,2026-03-23T11:00:00,train,temporal,synthetic,SYN-024840
VAC-0006,2026-03-02T00:00:00,2026-03-18T19:00:00,train,temporal,synthetic,SYN-024841
VAC-0104,2026-03-08T00:00:00,2026-04-01T00:00:00,train,temporal,synthetic,SYN-024842
VAC-0098,2026-03-10T00:00:00,2026-04-04T00:00:00,train,temporal,synthetic,SYN-024843
VAC-0080,2026-03-11T00:00:00,2026-04-04T02:00:00,train,temporal,synthetic,SYN-024844
VAC-0028,2026-03-12T00:00:00,2026-04-07T01:00:00,train,temporal,synthetic,SYN-024845
VAC-0060,2026-03-12T00:00:00,2026-04-10T03:00:00,train,temporal,synthetic,SYN-024846
VAC-0071,2026-03-17T00:00:00,2026-04-15T23:00:00,train,temporal,synthetic,SYN-024847
VAC-0042,2026-03-18T00:00:00,2026-04-14T01:00:00,train,temporal,synthetic,SYN-024848
VAC-0087,2026-03-22T00:00:00,2026-04-16T06:00:00,train,temporal,synthetic,SYN-024849
VAC-0095,2026-03-22T00:00:00,2026-04-11T23:00:00,train,temporal,synthetic,SYN-024850
VAC-0048,2026-03-23T00:00:00,2026-04-20T08:23:00,train,temporal,synthetic,SYN-024851
VAC-0064,2026-03-26T00:00:00,2026-04-23T07:47:00,train,temporal,synthetic,SYN-024852
VAC-0083,2026-03-27T00:00:00,2026-04-20T22:00:00,train,temporal,synthetic,SYN-024853
VAC-0032,2026-03-28T00:00:00,2026-04-25T21:00:00,train,temporal,synthetic,SYN-024854
VAC-0063,2026-03-29T00:00:00,2026-04-27T20:00:00,train,temporal,synthetic,SYN-024855
VAC-0117,2026-03-30T00:00:00,2026-04-29T21:00:00,train,temporal,synthetic,SYN-024856
VAC-0051,2026-03-31T00:00:00,2026-04-19T21:00:00,train,temporal,synthetic,SYN-024857
VAC-0059,2026-04-01T00:00:00,2026-04-27T00:00:00,train,temporal,synthetic,SYN-024858
VAC-0100,2026-04-01T00:00:00,2026-04-26T00:00:00,train,temporal,synthetic,SYN-024859
VAC-0040,2026-04-02T00:00:00,2026-04-25T23:00:00,train,temporal,synthetic,SYN-024860
VAC-0012,2026-04-03T00:00:00,2026-04-28T18:00:00,train,temporal,synthetic,SYN-024861
VAC-0096,2026-04-04T00:00:00,2026-04-30T02:00:00,train,temporal,synthetic,SYN-024862
VAC-0106,2026-04-06T00:00:00,2026-05-04T15:00:00,train,temporal,synthetic,SYN-024863
VAC-0043,2026-04-12T00:00:00,2026-05-09T19:00:00,train,temporal,synthetic,SYN-024864
VAC-0072,2026-04-13T00:00:00,2026-04-27T21:16:00,train,temporal,synthetic,SYN-024865
VAC-0038,2026-04-14T00:00:00,2026-05-03T01:00:00,train,temporal,synthetic,SYN-024866
VAC-0066,2026-04-16T00:00:00,2026-05-08T04:00:00,train,temporal,synthetic,SYN-024867
VAC-0103,2026-04-17T00:00:00,2026-05-11T23:00:00,train,temporal,synthetic,SYN-024868
VAC-0007,2026-04-20T00:00:00,2026-05-01T08:00:00,train,temporal,synthetic,SYN-024869
VAC-0024,2026-04-20T00:00:00,2026-05-09T17:00:00,train,temporal,synthetic,SYN-024870
VAC-0054,2026-04-20T00:00:00,2026-05-16T22:00:00,purgado,etiqueta_no_madura_antes_de_validation,synthetic,SYN-024871
VAC-0068,2026-04-22T00:00:00,2026-05-17T21:00:00,purgado,etiqueta_no_madura_antes_de_validation,synthetic,SYN-024872
VAC-0070,2026-04-22T00:00:00,2026-05-11T21:00:00,train,temporal,synthetic,SYN-024873
VAC-0119,2026-04-24T00:00:00,2026-05-14T17:00:00,train,temporal,synthetic,SYN-024874
VAC-0050,2026-04-26T00:00:00,2026-05-30T02:00:00,purgado,etiqueta_no_madura_antes_de_validation,synthetic,SYN-024875
VAC-0073,2026-04-30T00:00:00,2026-05-29T04:00:00,purgado,etiqueta_no_madura_antes_de_validation,synthetic,SYN-024876
VAC-0116,2026-05-04T00:00:00,2026-05-19T16:00:00,purgado,etiqueta_no_madura_antes_de_validation,synthetic,SYN-024877
VAC-0053,2026-05-06T00:00:00,2026-06-11T08:00:00,purgado,etiqueta_no_madura_antes_de_validation,synthetic,SYN-024878
VAC-0031,2026-05-08T00:00:00,2026-06-02T02:00:00,purgado,etiqueta_no_madura_antes_de_validation,synthetic,SYN-024879
VAC-0107,2026-05-11T00:00:00,2026-06-10T22:00:00,purgado,etiqueta_no_madura_antes_de_validation,synthetic,SYN-024880
VAC-0112,2026-05-13T00:00:00,2026-06-11T06:00:00,purgado,etiqueta_no_madura_antes_de_validation,synthetic,SYN-024881
VAC-0041,2026-05-15T00:00:00,2026-06-07T03:37:00,purgado,etiqueta_no_madura_antes_de_validation,synthetic,SYN-024882
VAC-0058,2026-05-15T00:00:00,2026-06-14T03:00:00,validation,temporal,synthetic,SYN-024883
VAC-0020,2026-05-19T00:00:00,2026-06-20T22:23:00,validation,temporal,synthetic,SYN-024884
VAC-0099,2026-05-21T00:00:00,2026-06-15T17:00:00,validation,temporal,synthetic,SYN-024885
VAC-0086,2026-05-29T00:00:00,2026-06-23T19:00:00,validation,temporal,synthetic,SYN-024886
VAC-0023,2026-06-03T00:00:00,2026-06-30T23:00:00,validation,temporal,synthetic,SYN-024887
VAC-0057,2026-06-03T00:00:00,2026-06-21T16:28:00,validation,temporal,synthetic,SYN-024888
VAC-0052,2026-06-06T00:00:00,2026-06-29T00:26:00,validation,temporal,synthetic,SYN-024889
VAC-0029,2026-06-10T00:00:00,2026-07-10T03:00:00,validation,temporal,synthetic,SYN-024890
VAC-0105,2026-06-10T00:00:00,2026-07-12T00:00:00,validation,temporal,synthetic,SYN-024891
VAC-0097,2026-06-12T00:00:00,2026-07-09T00:00:00,validation,temporal,synthetic,SYN-024892
VAC-0030,2026-06-13T00:00:00,2026-07-08T21:00:00,validation,temporal,synthetic,SYN-024893
VAC-0025,2026-06-14T00:00:00,2026-07-19T11:00:00,purgado,etiqueta_no_madura_antes_de_test,synthetic,SYN-024894
VAC-0017,2026-06-15T00:00:00,2026-07-11T21:00:00,validation,temporal,synthetic,SYN-024895
VAC-0003,2026-06-17T00:00:00,2026-07-11T18:01:00,validation,temporal,synthetic,SYN-024896
VAC-0035,2026-06-17T00:00:00,2026-07-21T16:00:00,purgado,etiqueta_no_madura_antes_de_test,synthetic,SYN-024897
VAC-0034,2026-06-18T00:00:00,2026-07-11T06:00:00,validation,temporal,synthetic,SYN-024898
VAC-0082,2026-06-18T00:00:00,2026-07-20T06:00:00,purgado,etiqueta_no_madura_antes_de_test,synthetic,SYN-024899
VAC-0084,2026-06-18T00:00:00,2026-07-13T23:00:00,validation,temporal,synthetic,SYN-024900
VAC-0075,2026-06-20T00:00:00,2026-07-18T06:00:00,purgado,etiqueta_no_madura_antes_de_test,synthetic,SYN-024901
VAC-0022,2026-06-21T00:00:00,2026-07-16T22:00:00,validation,temporal,synthetic,SYN-024902
VAC-0061,2026-06-22T00:00:00,2026-07-26T04:00:00,purgado,etiqueta_no_madura_antes_de_test,synthetic,SYN-024903
VAC-0055,2026-06-26T00:00:00,2026-08-02T22:00:00,purgado,etiqueta_no_madura_antes_de_test,synthetic,SYN-024904
VAC-0033,2026-06-30T00:00:00,2026-07-24T04:00:00,purgado,etiqueta_no_madura_antes_de_test,synthetic,SYN-024905
VAC-0056,2026-07-01T00:00:00,2026-07-26T22:00:00,purgado,etiqueta_no_madura_antes_de_test,synthetic,SYN-024906
VAC-0005,2026-07-04T00:00:00,2026-08-07T10:00:00,purgado,etiqueta_no_madura_antes_de_test,synthetic,SYN-024907
VAC-0036,2026-07-04T00:00:00,2026-07-30T01:00:00,purgado,etiqueta_no_madura_antes_de_test,synthetic,SYN-024908
VAC-0039,2026-07-06T00:00:00,2026-08-01T01:00:00,purgado,etiqueta_no_madura_antes_de_test,synthetic,SYN-024909
VAC-0065,2026-07-06T00:00:00,2026-07-28T05:00:00,purgado,etiqueta_no_madura_antes_de_test,synthetic,SYN-024910
VAC-0067,2026-07-07T00:00:00,2026-08-09T11:00:00,purgado,etiqueta_no_madura_antes_de_test,synthetic,SYN-024911
VAC-0102,2026-07-07T00:00:00,2026-08-05T02:00:00,purgado,etiqueta_no_madura_antes_de_test,synthetic,SYN-024912
VAC-0062,2026-07-08T00:00:00,2026-08-10T04:00:00,purgado,etiqueta_no_madura_antes_de_test,synthetic,SYN-024913
VAC-0120,2026-07-11T00:00:00,2026-08-08T17:55:00,purgado,etiqueta_no_madura_antes_de_test,synthetic,SYN-024914
VAC-0094,2026-07-13T00:00:00,2026-08-14T16:00:00,purgado,etiqueta_no_madura_antes_de_test,synthetic,SYN-024915
VAC-0004,2026-07-15T00:00:00,2026-08-06T07:00:00,purgado,etiqueta_no_madura_antes_de_test,synthetic,SYN-024916
VAC-0027,2026-07-17T00:00:00,2026-08-24T03:00:00,purgado,etiqueta_no_madura_antes_de_test,synthetic,SYN-024917
VAC-0092,2026-07-17T00:00:00,2026-08-17T01:00:00,test,temporal,synthetic,SYN-024918
VAC-0046,2026-07-20T00:00:00,2026-08-11T20:00:00,test,temporal,synthetic,SYN-024919
VAC-0090,2026-07-21T00:00:00,2026-08-10T17:00:00,test,temporal,synthetic,SYN-024920
VAC-0015,2026-07-22T00:00:00,2026-08-23T23:00:00,test,temporal,synthetic,SYN-024921
VAC-0076,2026-07-22T00:00:00,2026-08-12T03:00:00,test,temporal,synthetic,SYN-024922
VAC-0001,2026-07-29T00:00:00,2026-08-30T23:00:00,test,temporal,synthetic,SYN-024923
VAC-0101,2026-07-29T00:00:00,2026-08-29T04:00:00,test,temporal,synthetic,SYN-024924
VAC-0047,2026-07-30T00:00:00,2026-09-02T23:00:00,test,temporal,synthetic,SYN-024925
VAC-0093,2026-07-30T00:00:00,2026-09-04T04:00:00,test,temporal,synthetic,SYN-024926
VAC-0108,2026-08-11T00:00:00,2026-09-05T19:00:00,test,temporal,synthetic,SYN-024927
VAC-0109,2026-08-11T00:00:00,2026-09-08T22:00:00,test,temporal,synthetic,SYN-024928
VAC-0081,2026-08-14T00:00:00,2026-09-06T06:58:00,test,temporal,synthetic,SYN-024929
VAC-0115,2026-08-18T00:00:00,2026-09-13T20:00:00,test,temporal,synthetic,SYN-024930
VAC-0002,2026-08-20T00:00:00,2026-09-14T05:00:00,test,temporal,synthetic,SYN-024931
VAC-0045,2026-08-20T00:00:00,2026-09-20T19:00:00,test,temporal,synthetic,SYN-024932
VAC-0077,2026-08-22T00:00:00,2026-09-17T01:00:00,test,temporal,synthetic,SYN-024933
VAC-0078,2026-08-24T00:00:00,2026-09-13T21:00:00,test,temporal,synthetic,SYN-024934
VAC-0074,2026-08-29T00:00:00,2026-09-23T22:00:00,test,temporal,synthetic,SYN-024935
VAC-0019,2026-08-30T00:00:00,2026-09-27T23:00:00,test,temporal,synthetic,SYN-024936
VAC-0037,2026-08-30T00:00:00,2026-09-28T17:00:00,test,temporal,synthetic,SYN-024937
VAC-0110,2026-08-30T00:00:00,2026-09-25T17:00:00,test,temporal,synthetic,SYN-024938
VAC-0018,2026-09-01T00:00:00,2026-09-26T05:33:00,test,temporal,synthetic,SYN-024939
VAC-0021,2026-09-02T00:00:00,,censurado,sin_cierre_observado,synthetic,SYN-024940
VAC-0008,2026-09-03T00:00:00,2026-09-30T20:00:00,test,temporal,synthetic,SYN-024941
VAC-0113,2026-09-07T00:00:00,,censurado,sin_cierre_observado,synthetic,SYN-024942
VAC-0010,2026-09-09T00:00:00,,censurado,sin_cierre_observado,synthetic,SYN-024943
VAC-0011,2026-09-13T00:00:00,,censurado,sin_cierre_observado,synthetic,SYN-024944
VAC-0013,2026-09-19T00:00:00,,censurado,sin_cierre_observado,synthetic,SYN-024945
