requirement_id,vacancy_token,requirement_type,min_years,source_type,synthetic_record_id
REQ-0001,VAC-0001,titulo_profesional,,synthetic,SYN-000059
REQ-0002,VAC-0002,experiencia_minima,1,synthetic,SYN-000081
REQ-0003,VAC-0002,titulo_profesional,,synthetic,SYN-000082
REQ-0004,VAC-0003,titulo_profesional,,synthetic,SYN-000109
REQ-0005,VAC-0004,titulo_profesional,,synthetic,SYN-000131
REQ-0006,VAC-0004,colegiatura_vigente,,synthetic,SYN-000132
REQ-0007,VAC-0004,experiencia_minima,1,synthetic,SYN-000133
REQ-0008,VAC-0005,colegiatura_vigente,,synthetic,SYN-000165
REQ-0009,VAC-0005,experiencia_minima,4,synthetic,SYN-000166
REQ-0010,VAC-0005,titulo_profesional,,synthetic,SYN-000167
REQ-0011,VAC-0006,titulo_profesional,,synthetic,SYN-000189
REQ-0012,VAC-0007,experiencia_minima,1,synthetic,SYN-000216
REQ-0013,VAC-0007,titulo_profesional,,synthetic,SYN-000217
REQ-0014,VAC-0007,colegiatura_vigente,,synthetic,SYN-000218
REQ-0015,VAC-0008,colegiatura_vigente,,synthetic,SYN-000250
REQ-0016,VAC-0008,experiencia_minima,1,synthetic,SYN-000251
REQ-0017,VAC-0009,titulo_profesional,,synthetic,SYN-000273
REQ-0018,VAC-0009,colegiatura_vigente,,synthetic,SYN-000274
REQ-0019,VAC-0009,experiencia_minima,3,synthetic,SYN-000275
REQ-0020,VAC-0010,colegiatura_vigente,,synthetic,SYN-000297
REQ-0021,VAC-0010,titulo_profesional,,synthetic,SYN-000298
REQ-0022,VAC-0011,titulo_profesional,,synthetic,SYN-000325
REQ-0023,VAC-0011,experiencia_minima,5,synthetic,SYN-000326
REQ-0024,VAC-0012,experiencia_minima,2,synthetic,SYN-000358
REQ-0025,VAC-0012,titulo_profesional,,synthetic,SYN-000359
REQ-0026,VAC-0012,colegiatura_vigente,,synthetic,SYN-000360
REQ-0027,VAC-0013,colegiatura_vigente,,synthetic,SYN-000387
REQ-0028,VAC-0013,experiencia_minima,2,synthetic,SYN-000388
REQ-0029,VAC-0013,titulo_profesional,,synthetic,SYN-000389
REQ-0030,VAC-0014,colegiatura_vigente,,synthetic,SYN-000411
REQ-0031,VAC-0014,experiencia_minima,1,synthetic,SYN-000412
REQ-0032,VAC-0015,experiencia_minima,5,synthetic,SYN-000439
REQ-0033,VAC-0015,colegiatura_vigente,,synthetic,SYN-000440
REQ-0034,VAC-0015,titulo_profesional,,synthetic,SYN-000441
REQ-0035,VAC-0016,titulo_profesional,,synthetic,SYN-000473
REQ-0036,VAC-0016,colegiatura_vigente,,synthetic,SYN-000474
REQ-0037,VAC-0017,experiencia_minima,4,synthetic,SYN-000506
REQ-0038,VAC-0017,colegiatura_vigente,,synthetic,SYN-000507
REQ-0039,VAC-0017,titulo_profesional,,synthetic,SYN-000508
REQ-0040,VAC-0018,experiencia_minima,4,synthetic,SYN-000530
REQ-0041,VAC-0018,colegiatura_vigente,,synthetic,SYN-000531
REQ-0042,VAC-0018,titulo_profesional,,synthetic,SYN-000532
REQ-0043,VAC-0019,colegiatura_vigente,,synthetic,SYN-000559
REQ-0044,VAC-0020,experiencia_minima,5,synthetic,SYN-000586
REQ-0045,VAC-0021,experiencia_minima,5,synthetic,SYN-000613
REQ-0046,VAC-0022,colegiatura_vigente,,synthetic,SYN-000635
REQ-0047,VAC-0022,titulo_profesional,,synthetic,SYN-000636
REQ-0048,VAC-0022,experiencia_minima,5,synthetic,SYN-000637
REQ-0049,VAC-0023,titulo_profesional,,synthetic,SYN-000669
REQ-0050,VAC-0024,experiencia_minima,5,synthetic,SYN-000701
REQ-0051,VAC-0024,titulo_profesional,,synthetic,SYN-000702
REQ-0052,VAC-0025,experiencia_minima,1,synthetic,SYN-000734
REQ-0053,VAC-0026,experiencia_minima,2,synthetic,SYN-000756
REQ-0054,VAC-0026,colegiatura_vigente,,synthetic,SYN-000757
REQ-0055,VAC-0026,titulo_profesional,,synthetic,SYN-000758
REQ-0056,VAC-0027,experiencia_minima,1,synthetic,SYN-000790
REQ-0057,VAC-0027,titulo_profesional,,synthetic,SYN-000791
REQ-0058,VAC-0028,titulo_profesional,,synthetic,SYN-000813
REQ-0059,VAC-0028,colegiatura_vigente,,synthetic,SYN-000814
REQ-0060,VAC-0029,experiencia_minima,1,synthetic,SYN-000836
REQ-0061,VAC-0029,colegiatura_vigente,,synthetic,SYN-000837
REQ-0062,VAC-0029,titulo_profesional,,synthetic,SYN-000838
REQ-0063,VAC-0030,experiencia_minima,3,synthetic,SYN-000865
REQ-0064,VAC-0030,colegiatura_vigente,,synthetic,SYN-000866
REQ-0065,VAC-0030,titulo_profesional,,synthetic,SYN-000867
REQ-0066,VAC-0031,experiencia_minima,1,synthetic,SYN-000894
REQ-0067,VAC-0031,titulo_profesional,,synthetic,SYN-000895
REQ-0068,VAC-0032,colegiatura_vigente,,synthetic,SYN-000927
REQ-0069,VAC-0032,experiencia_minima,2,synthetic,SYN-000928
REQ-0070,VAC-0032,titulo_profesional,,synthetic,SYN-000929
REQ-0071,VAC-0033,colegiatura_vigente,,synthetic,SYN-000951
REQ-0072,VAC-0034,experiencia_minima,2,synthetic,SYN-000978
REQ-0073,VAC-0034,colegiatura_vigente,,synthetic,SYN-000979
REQ-0074,VAC-0034,titulo_profesional,,synthetic,SYN-000980
REQ-0075,VAC-0035,titulo_profesional,,synthetic,SYN-001007
REQ-0076,VAC-0035,colegiatura_vigente,,synthetic,SYN-001008
REQ-0077,VAC-0035,experiencia_minima,2,synthetic,SYN-001009
REQ-0078,VAC-0036,experiencia_minima,5,synthetic,SYN-001041
REQ-0079,VAC-0036,colegiatura_vigente,,synthetic,SYN-001042
REQ-0080,VAC-0036,titulo_profesional,,synthetic,SYN-001043
REQ-0081,VAC-0037,colegiatura_vigente,,synthetic,SYN-001065
REQ-0082,VAC-0037,experiencia_minima,2,synthetic,SYN-001066
REQ-0083,VAC-0037,titulo_profesional,,synthetic,SYN-001067
REQ-0084,VAC-0038,experiencia_minima,5,synthetic,SYN-001094
REQ-0085,VAC-0039,experiencia_minima,4,synthetic,SYN-001126
REQ-0086,VAC-0039,colegiatura_vigente,,synthetic,SYN-001127
REQ-0087,VAC-0039,titulo_profesional,,synthetic,SYN-001128
REQ-0088,VAC-0040,titulo_profesional,,synthetic,SYN-001150
REQ-0089,VAC-0040,colegiatura_vigente,,synthetic,SYN-001151
REQ-0090,VAC-0040,experiencia_minima,4,synthetic,SYN-001152
REQ-0091,VAC-0041,experiencia_minima,3,synthetic,SYN-001184
REQ-0092,VAC-0041,titulo_profesional,,synthetic,SYN-001185
REQ-0093,VAC-0041,colegiatura_vigente,,synthetic,SYN-001186
REQ-0094,VAC-0042,experiencia_minima,5,synthetic,SYN-001218
REQ-0095,VAC-0042,colegiatura_vigente,,synthetic,SYN-001219
REQ-0096,VAC-0042,titulo_profesional,,synthetic,SYN-001220
REQ-0097,VAC-0043,titulo_profesional,,synthetic,SYN-001242
REQ-0098,VAC-0043,experiencia_minima,5,synthetic,SYN-001243
REQ-0099,VAC-0044,titulo_profesional,,synthetic,SYN-001265
REQ-0100,VAC-0044,colegiatura_vigente,,synthetic,SYN-001266
REQ-0101,VAC-0045,colegiatura_vigente,,synthetic,SYN-001298
REQ-0102,VAC-0045,titulo_profesional,,synthetic,SYN-001299
REQ-0103,VAC-0046,colegiatura_vigente,,synthetic,SYN-001321
REQ-0104,VAC-0046,experiencia_minima,4,synthetic,SYN-001322
REQ-0105,VAC-0047,experiencia_minima,5,synthetic,SYN-001354
REQ-0106,VAC-0047,titulo_profesional,,synthetic,SYN-001355
REQ-0107,VAC-0047,colegiatura_vigente,,synthetic,SYN-001356
REQ-0108,VAC-0048,titulo_profesional,,synthetic,SYN-001378
REQ-0109,VAC-0048,colegiatura_vigente,,synthetic,SYN-001379
REQ-0110,VAC-0048,experiencia_minima,4,synthetic,SYN-001380
REQ-0111,VAC-0049,experiencia_minima,5,synthetic,SYN-001402
REQ-0112,VAC-0049,titulo_profesional,,synthetic,SYN-001403
REQ-0113,VAC-0049,colegiatura_vigente,,synthetic,SYN-001404
REQ-0114,VAC-0050,titulo_profesional,,synthetic,SYN-001426
REQ-0115,VAC-0051,colegiatura_vigente,,synthetic,SYN-001453
REQ-0116,VAC-0052,titulo_profesional,,synthetic,SYN-001475
REQ-0117,VAC-0053,colegiatura_vigente,,synthetic,SYN-001497
REQ-0118,VAC-0053,experiencia_minima,1,synthetic,SYN-001498
REQ-0119,VAC-0053,titulo_profesional,,synthetic,SYN-001499
REQ-0120,VAC-0054,titulo_profesional,,synthetic,SYN-001521
REQ-0121,VAC-0054,colegiatura_vigente,,synthetic,SYN-001522
REQ-0122,VAC-0055,colegiatura_vigente,,synthetic,SYN-001549
REQ-0123,VAC-0056,titulo_profesional,,synthetic,SYN-001581
REQ-0124,VAC-0056,colegiatura_vigente,,synthetic,SYN-001582
REQ-0125,VAC-0057,titulo_profesional,,synthetic,SYN-001604
REQ-0126,VAC-0058,colegiatura_vigente,,synthetic,SYN-001626
REQ-0127,VAC-0058,experiencia_minima,4,synthetic,SYN-001627
REQ-0128,VAC-0059,colegiatura_vigente,,synthetic,SYN-001654
REQ-0129,VAC-0060,experiencia_minima,3,synthetic,SYN-001676
REQ-0130,VAC-0061,experiencia_minima,1,synthetic,SYN-001708
REQ-0131,VAC-0062,titulo_profesional,,synthetic,SYN-001730
REQ-0132,VAC-0062,colegiatura_vigente,,synthetic,SYN-001731
REQ-0133,VAC-0062,experiencia_minima,1,synthetic,SYN-001732
REQ-0134,VAC-0063,colegiatura_vigente,,synthetic,SYN-001759
REQ-0135,VAC-0063,titulo_profesional,,synthetic,SYN-001760
REQ-0136,VAC-0064,titulo_profesional,,synthetic,SYN-001782
REQ-0137,VAC-0065,colegiatura_vigente,,synthetic,SYN-001804
REQ-0138,VAC-0065,experiencia_minima,3,synthetic,SYN-001805
REQ-0139,VAC-0065,titulo_profesional,,synthetic,SYN-001806
REQ-0140,VAC-0066,titulo_profesional,,synthetic,SYN-001828
REQ-0141,VAC-0067,experiencia_minima,3,synthetic,SYN-001850
REQ-0142,VAC-0067,titulo_profesional,,synthetic,SYN-001851
REQ-0143,VAC-0068,titulo_profesional,,synthetic,SYN-001873
REQ-0144,VAC-0068,experiencia_minima,3,synthetic,SYN-001874
REQ-0145,VAC-0069,colegiatura_vigente,,synthetic,SYN-001896
REQ-0146,VAC-0069,experiencia_minima,4,synthetic,SYN-001897
REQ-0147,VAC-0069,titulo_profesional,,synthetic,SYN-001898
REQ-0148,VAC-0070,experiencia_minima,3,synthetic,SYN-001920
REQ-0149,VAC-0070,colegiatura_vigente,,synthetic,SYN-001921
REQ-0150,VAC-0070,titulo_profesional,,synthetic,SYN-001922
REQ-0151,VAC-0071,colegiatura_vigente,,synthetic,SYN-001954
REQ-0152,VAC-0071,titulo_profesional,,synthetic,SYN-001955
REQ-0153,VAC-0071,experiencia_minima,2,synthetic,SYN-001956
REQ-0154,VAC-0072,experiencia_minima,3,synthetic,SYN-001978
REQ-0155,VAC-0072,titulo_profesional,,synthetic,SYN-001979
REQ-0156,VAC-0072,colegiatura_vigente,,synthetic,SYN-001980
REQ-0157,VAC-0073,titulo_profesional,,synthetic,SYN-002007
REQ-0158,VAC-0073,experiencia_minima,1,synthetic,SYN-002008
REQ-0159,VAC-0074,experiencia_minima,1,synthetic,SYN-002035
REQ-0160,VAC-0075,titulo_profesional,,synthetic,SYN-002062
REQ-0161,VAC-0075,colegiatura_vigente,,synthetic,SYN-002063
REQ-0162,VAC-0075,experiencia_minima,4,synthetic,SYN-002064
REQ-0163,VAC-0076,colegiatura_vigente,,synthetic,SYN-002086
REQ-0164,VAC-0076,titulo_profesional,,synthetic,SYN-002087
REQ-0165,VAC-0076,experiencia_minima,5,synthetic,SYN-002088
REQ-0166,VAC-0077,colegiatura_vigente,,synthetic,SYN-002110
REQ-0167,VAC-0077,titulo_profesional,,synthetic,SYN-002111
REQ-0168,VAC-0078,titulo_profesional,,synthetic,SYN-002133
REQ-0169,VAC-0078,experiencia_minima,1,synthetic,SYN-002134
REQ-0170,VAC-0079,colegiatura_vigente,,synthetic,SYN-002166
REQ-0171,VAC-0079,experiencia_minima,4,synthetic,SYN-002167
REQ-0172,VAC-0079,titulo_profesional,,synthetic,SYN-002168
REQ-0173,VAC-0080,titulo_profesional,,synthetic,SYN-002195
REQ-0174,VAC-0081,colegiatura_vigente,,synthetic,SYN-002222
REQ-0175,VAC-0081,experiencia_minima,3,synthetic,SYN-002223
REQ-0176,VAC-0081,titulo_profesional,,synthetic,SYN-002224
REQ-0177,VAC-0082,experiencia_minima,5,synthetic,SYN-002246
REQ-0178,VAC-0083,titulo_profesional,,synthetic,SYN-002273
REQ-0179,VAC-0084,titulo_profesional,,synthetic,SYN-002295
REQ-0180,VAC-0085,experiencia_minima,5,synthetic,SYN-002317
REQ-0181,VAC-0085,colegiatura_vigente,,synthetic,SYN-002318
REQ-0182,VAC-0085,titulo_profesional,,synthetic,SYN-002319
REQ-0183,VAC-0086,colegiatura_vigente,,synthetic,SYN-002341
REQ-0184,VAC-0087,titulo_profesional,,synthetic,SYN-002363
REQ-0185,VAC-0087,experiencia_minima,1,synthetic,SYN-002364
REQ-0186,VAC-0087,colegiatura_vigente,,synthetic,SYN-002365
REQ-0187,VAC-0088,experiencia_minima,3,synthetic,SYN-002392
REQ-0188,VAC-0088,titulo_profesional,,synthetic,SYN-002393
REQ-0189,VAC-0088,colegiatura_vigente,,synthetic,SYN-002394
REQ-0190,VAC-0089,colegiatura_vigente,,synthetic,SYN-002421
REQ-0191,VAC-0090,colegiatura_vigente,,synthetic,SYN-002443
REQ-0192,VAC-0091,experiencia_minima,2,synthetic,SYN-002465
REQ-0193,VAC-0091,colegiatura_vigente,,synthetic,SYN-002466
REQ-0194,VAC-0091,titulo_profesional,,synthetic,SYN-002467
REQ-0195,VAC-0092,experiencia_minima,2,synthetic,SYN-002499
REQ-0196,VAC-0093,colegiatura_vigente,,synthetic,SYN-002526
REQ-0197,VAC-0093,titulo_profesional,,synthetic,SYN-002527
REQ-0198,VAC-0093,experiencia_minima,4,synthetic,SYN-002528
REQ-0199,VAC-0094,experiencia_minima,4,synthetic,SYN-002550
REQ-0200,VAC-0095,experiencia_minima,5,synthetic,SYN-002582
REQ-0201,VAC-0095,titulo_profesional,,synthetic,SYN-002583
REQ-0202,VAC-0095,colegiatura_vigente,,synthetic,SYN-002584
REQ-0203,VAC-0096,titulo_profesional,,synthetic,SYN-002611
REQ-0204,VAC-0096,experiencia_minima,1,synthetic,SYN-002612
REQ-0205,VAC-0096,colegiatura_vigente,,synthetic,SYN-002613
REQ-0206,VAC-0097,colegiatura_vigente,,synthetic,SYN-002635
REQ-0207,VAC-0097,titulo_profesional,,synthetic,SYN-002636
REQ-0208,VAC-0097,experiencia_minima,5,synthetic,SYN-002637
REQ-0209,VAC-0098,colegiatura_vigente,,synthetic,SYN-002669
REQ-0210,VAC-0098,experiencia_minima,2,synthetic,SYN-002670
REQ-0211,VAC-0099,titulo_profesional,,synthetic,SYN-002692
REQ-0212,VAC-0099,experiencia_minima,1,synthetic,SYN-002693
REQ-0213,VAC-0100,colegiatura_vigente,,synthetic,SYN-002715
REQ-0214,VAC-0101,experiencia_minima,4,synthetic,SYN-002747
REQ-0215,VAC-0102,colegiatura_vigente,,synthetic,SYN-002774
REQ-0216,VAC-0102,titulo_profesional,,synthetic,SYN-002775
REQ-0217,VAC-0103,titulo_profesional,,synthetic,SYN-002807
REQ-0218,VAC-0103,experiencia_minima,1,synthetic,SYN-002808
REQ-0219,VAC-0104,colegiatura_vigente,,synthetic,SYN-002830
REQ-0220,VAC-0104,experiencia_minima,4,synthetic,SYN-002831
REQ-0221,VAC-0104,titulo_profesional,,synthetic,SYN-002832
REQ-0222,VAC-0105,colegiatura_vigente,,synthetic,SYN-002854
REQ-0223,VAC-0106,titulo_profesional,,synthetic,SYN-002876
REQ-0224,VAC-0107,titulo_profesional,,synthetic,SYN-002898
REQ-0225,VAC-0107,experiencia_minima,2,synthetic,SYN-002899
REQ-0226,VAC-0107,colegiatura_vigente,,synthetic,SYN-002900
REQ-0227,VAC-0108,experiencia_minima,4,synthetic,SYN-002922
REQ-0228,VAC-0108,titulo_profesional,,synthetic,SYN-002923
REQ-0229,VAC-0109,titulo_profesional,,synthetic,SYN-002950
REQ-0230,VAC-0109,experiencia_minima,1,synthetic,SYN-002951
REQ-0231,VAC-0110,colegiatura_vigente,,synthetic,SYN-002978
REQ-0232,VAC-0110,titulo_profesional,,synthetic,SYN-002979
REQ-0233,VAC-0111,experiencia_minima,2,synthetic,SYN-003001
REQ-0234,VAC-0111,colegiatura_vigente,,synthetic,SYN-003002
REQ-0235,VAC-0112,titulo_profesional,,synthetic,SYN-003024
REQ-0236,VAC-0112,experiencia_minima,2,synthetic,SYN-003025
REQ-0237,VAC-0112,colegiatura_vigente,,synthetic,SYN-003026
REQ-0238,VAC-0113,colegiatura_vigente,,synthetic,SYN-003053
REQ-0239,VAC-0114,titulo_profesional,,synthetic,SYN-003075
REQ-0240,VAC-0114,experiencia_minima,4,synthetic,SYN-003076
REQ-0241,VAC-0114,colegiatura_vigente,,synthetic,SYN-003077
REQ-0242,VAC-0115,titulo_profesional,,synthetic,SYN-003109
REQ-0243,VAC-0115,colegiatura_vigente,,synthetic,SYN-003110
REQ-0244,VAC-0116,titulo_profesional,,synthetic,SYN-003132
REQ-0245,VAC-0117,experiencia_minima,5,synthetic,SYN-003154
REQ-0246,VAC-0117,colegiatura_vigente,,synthetic,SYN-003155
REQ-0247,VAC-0118,titulo_profesional,,synthetic,SYN-003187
REQ-0248,VAC-0119,titulo_profesional,,synthetic,SYN-003214
REQ-0249,VAC-0119,colegiatura_vigente,,synthetic,SYN-003215
REQ-0250,VAC-0119,experiencia_minima,5,synthetic,SYN-003216
REQ-0251,VAC-0120,colegiatura_vigente,,synthetic,SYN-003238
REQ-0252,VAC-0120,experiencia_minima,3,synthetic,SYN-003239
REQ-0253,VAC-0120,titulo_profesional,,synthetic,SYN-003240
