vacancy_token,organization_token,area,positions_count,published_at,closes_at,target_completion_at,criteria_version,rubric_version,source_type,synthetic_record_id
VAC-0001,ORG-S1,docente,1,2026-07-17T12:25:00,2026-07-28,2026-08-28T18:00:00,CV-VAC-0001-1,RV-VAC-0001-1,synthetic,SYN-000028
VAC-0002,ORG-S2,docente,1,2026-08-06T09:09:00,2026-08-19,2026-09-16T18:00:00,CV-VAC-0002-1,RV-VAC-0002-1,synthetic,SYN-000060
VAC-0003,ORG-S3,docente,2,2026-06-05T10:08:00,2026-06-16,2026-07-18T18:00:00,CV-VAC-0003-1,RV-VAC-0003-1,synthetic,SYN-000083
VAC-0004,ORG-S1,administrativo,1,2026-07-02T17:37:00,2026-07-14,2026-08-24T18:00:00,CV-VAC-0004-1,RV-VAC-0004-1,synthetic,SYN-000110
VAC-0005,ORG-S2,docente,2,2026-06-22T14:32:00,2026-07-03,2026-08-01T18:00:00,CV-VAC-0005-1,RV-VAC-0005-1,synthetic,SYN-000134
VAC-0006,ORG-S3,docente,2,2026-02-12T11:07:00,2026-03-01,2026-04-11T18:00:00,CV-VAC-0006-1,RV-VAC-0006-1,synthetic,SYN-000168
VAC-0007,ORG-S1,docente,1,2026-04-08T10:03:00,2026-04-19,2026-06-02T18:00:00,CV-VAC-0007-1,RV-VAC-0007-1,synthetic,SYN-000190
VAC-0008,ORG-S2,docente,1,2026-08-19T09:45:00,2026-09-02,2026-10-09T18:00:00,CV-VAC-0008-1,RV-VAC-0008-1,synthetic,SYN-000219
VAC-0009,ORG-S3,administrativo,3,2026-01-19T15:01:00,2026-01-29,2026-03-05T18:00:00,CV-VAC-0009-1,RV-VAC-0009-1,synthetic,SYN-000252
VAC-0010,ORG-S1,docente,1,2026-08-19T08:48:00,2026-09-08,2026-09-27T18:00:00,CV-VAC-0010-1,RV-VAC-0010-1,synthetic,SYN-000276
VAC-0011,ORG-S2,docente,1,2026-08-22T16:54:00,2026-09-12,2026-10-14T18:00:00,CV-VAC-0011-1,RV-VAC-0011-1,synthetic,SYN-000299
VAC-0012,ORG-S3,docente,1,2026-03-22T08:40:00,2026-04-02,2026-05-07T18:00:00,CV-VAC-0012-1,RV-VAC-0012-1,synthetic,SYN-000327
VAC-0013,ORG-S1,docente,1,2026-09-09T00:00:00,2026-09-18,2026-10-22T18:00:00,CV-VAC-0013-1,RV-VAC-0013-1,synthetic,SYN-000361
VAC-0014,ORG-S2,administrativo,1,2026-02-02T16:57:00,2026-02-14,2026-03-17T18:00:00,CV-VAC-0014-1,RV-VAC-0014-1,synthetic,SYN-000390
VAC-0015,ORG-S3,docente,1,2026-07-01T16:22:00,2026-07-21,2026-08-30T18:00:00,CV-VAC-0015-1,RV-VAC-0015-1,synthetic,SYN-000413
VAC-0016,ORG-S1,docente,1,2026-02-20T11:49:00,2026-02-27,2026-03-29T18:00:00,CV-VAC-0016-1,RV-VAC-0016-1,synthetic,SYN-000442
VAC-0017,ORG-S2,docente,3,2026-05-25T17:18:00,2026-06-14,2026-07-28T18:00:00,CV-VAC-0017-1,RV-VAC-0017-1,synthetic,SYN-000475
VAC-0018,ORG-S3,docente,3,2026-08-16T12:33:00,2026-08-31,2026-10-09T18:00:00,CV-VAC-0018-1,RV-VAC-0018-1,synthetic,SYN-000509
VAC-0019,ORG-S1,docente,1,2026-08-09T14:10:00,2026-08-29,2026-10-01T18:00:00,CV-VAC-0019-1,RV-VAC-0019-1,synthetic,SYN-000533
VAC-0020,ORG-S2,docente,1,2026-05-09T15:22:00,2026-05-18,2026-06-24T18:00:00,CV-VAC-0020-1,RV-VAC-0020-1,synthetic,SYN-000560
VAC-0021,ORG-S3,docente,1,2026-08-17T13:31:00,2026-09-01,2026-09-16T18:00:00,CV-VAC-0021-1,RV-VAC-0021-1,synthetic,SYN-000587
VAC-0022,ORG-S1,administrativo,1,2026-06-04T10:51:00,2026-06-20,2026-07-26T18:00:00,CV-VAC-0022-1,RV-VAC-0022-1,synthetic,SYN-000614
VAC-0023,ORG-S2,docente,3,2026-05-19T00:00:00,2026-06-02,2026-06-30T18:00:00,CV-VAC-0023-1,RV-VAC-0023-1,synthetic,SYN-000638
VAC-0024,ORG-S3,docente,1,2026-04-08T12:41:00,2026-04-19,2026-06-03T18:00:00,CV-VAC-0024-1,RV-VAC-0024-1,synthetic,SYN-000670
VAC-0025,ORG-S1,docente,3,2026-05-31T10:47:00,2026-06-13,2026-07-05T18:00:00,CV-VAC-0025-1,RV-VAC-0025-1,synthetic,SYN-000703
VAC-0026,ORG-S2,administrativo,1,2026-01-27T10:58:00,2026-02-04,2026-03-08T18:00:00,CV-VAC-0026-1,RV-VAC-0026-1,synthetic,SYN-000735
VAC-0027,ORG-S3,docente,1,2026-07-03T17:00:00,2026-07-16,2026-08-05T18:00:00,CV-VAC-0027-1,RV-VAC-0027-1,synthetic,SYN-000759
VAC-0028,ORG-S1,administrativo,2,2026-02-25T10:37:00,2026-03-11,2026-04-18T18:00:00,CV-VAC-0028-1,RV-VAC-0028-1,synthetic,SYN-000792
VAC-0029,ORG-S2,administrativo,2,2026-05-27T16:18:00,2026-06-09,2026-06-29T18:00:00,CV-VAC-0029-1,RV-VAC-0029-1,synthetic,SYN-000815
VAC-0030,ORG-S3,docente,1,2026-05-22T13:03:00,2026-06-12,2026-07-01T18:00:00,CV-VAC-0030-1,RV-VAC-0030-1,synthetic,SYN-000839
VAC-0031,ORG-S1,docente,1,2026-04-24T13:38:00,2026-05-07,2026-06-19T18:00:00,CV-VAC-0031-1,RV-VAC-0031-1,synthetic,SYN-000868
VAC-0032,ORG-S2,docente,1,2026-03-07T10:21:00,2026-03-27,2026-04-12T18:00:00,CV-VAC-0032-1,RV-VAC-0032-1,synthetic,SYN-000896
VAC-0033,ORG-S3,administrativo,1,2026-06-13T00:00:00,2026-06-29,2026-07-15T18:00:00,CV-VAC-0033-1,RV-VAC-0033-1,synthetic,SYN-000930
VAC-0034,ORG-S1,docente,1,2026-06-09T15:15:00,2026-06-17,2026-07-15T18:00:00,CV-VAC-0034-1,RV-VAC-0034-1,synthetic,SYN-000952
VAC-0035,ORG-S2,docente,2,2026-06-05T13:32:00,2026-06-16,2026-07-01T18:00:00,CV-VAC-0035-1,RV-VAC-0035-1,synthetic,SYN-000981
VAC-0036,ORG-S3,docente,2,2026-06-13T16:50:00,2026-07-03,2026-07-25T18:00:00,CV-VAC-0036-1,RV-VAC-0036-1,synthetic,SYN-001010
VAC-0037,ORG-S1,administrativo,2,2026-08-18T08:20:00,2026-08-29,2026-09-25T18:00:00,CV-VAC-0037-1,RV-VAC-0037-1,synthetic,SYN-001044
VAC-0038,ORG-S2,docente,1,2026-03-27T11:49:00,2026-04-13,2026-05-09T18:00:00,CV-VAC-0038-1,RV-VAC-0038-1,synthetic,SYN-001068
VAC-0039,ORG-S3,docente,2,2026-06-26T15:29:00,2026-07-05,2026-07-30T18:00:00,CV-VAC-0039-1,RV-VAC-0039-1,synthetic,SYN-001095
VAC-0040,ORG-S1,docente,2,2026-03-23T10:26:00,2026-04-01,2026-04-29T18:00:00,CV-VAC-0040-1,RV-VAC-0040-1,synthetic,SYN-001129
VAC-0041,ORG-S2,docente,2,2026-04-29T17:17:00,2026-05-14,2026-06-12T18:00:00,CV-VAC-0041-1,RV-VAC-0041-1,synthetic,SYN-001153
VAC-0042,ORG-S3,docente,1,2026-03-03T14:54:00,2026-03-17,2026-04-02T18:00:00,CV-VAC-0042-1,RV-VAC-0042-1,synthetic,SYN-001187
VAC-0043,ORG-S1,docente,1,2026-04-02T00:00:00,2026-04-11,2026-04-26T18:00:00,CV-VAC-0043-1,RV-VAC-0043-1,synthetic,SYN-001221
VAC-0044,ORG-S2,administrativo,1,2026-01-25T17:03:00,2026-02-11,2026-03-01T18:00:00,CV-VAC-0044-1,RV-VAC-0044-1,synthetic,SYN-001244
VAC-0045,ORG-S3,docente,1,2026-08-11T16:44:00,2026-08-19,2026-09-27T18:00:00,CV-VAC-0045-1,RV-VAC-0045-1,synthetic,SYN-001267
VAC-0046,ORG-S1,docente,2,2026-06-30T09:14:00,2026-07-19,2026-08-23T18:00:00,CV-VAC-0046-1,RV-VAC-0046-1,synthetic,SYN-001300
VAC-0047,ORG-S2,docente,1,2026-07-14T17:07:00,2026-07-29,2026-09-08T18:00:00,CV-VAC-0047-1,RV-VAC-0047-1,synthetic,SYN-001323
VAC-0048,ORG-S3,administrativo,1,2026-03-02T15:25:00,2026-03-22,2026-04-07T18:00:00,CV-VAC-0048-1,RV-VAC-0048-1,synthetic,SYN-001357
VAC-0049,ORG-S1,administrativo,1,2026-02-10T09:46:00,2026-02-28,2026-04-13T18:00:00,CV-VAC-0049-1,RV-VAC-0049-1,synthetic,SYN-001381
VAC-0050,ORG-S2,docente,2,2026-04-09T11:56:00,2026-04-25,2026-05-22T18:00:00,CV-VAC-0050-1,RV-VAC-0050-1,synthetic,SYN-001405
VAC-0051,ORG-S3,docente,1,2026-03-10T13:32:00,2026-03-30,2026-04-20T18:00:00,CV-VAC-0051-1,RV-VAC-0051-1,synthetic,SYN-001427
VAC-0052,ORG-S1,docente,1,2026-05-21T09:33:00,2026-06-05,2026-07-03T18:00:00,CV-VAC-0052-1,RV-VAC-0052-1,synthetic,SYN-001454
VAC-0053,ORG-S2,administrativo,1,2026-04-26T00:00:00,2026-05-05,2026-06-09T18:00:00,CV-VAC-0053-1,RV-VAC-0053-1,synthetic,SYN-001476
VAC-0054,ORG-S3,docente,1,2026-04-02T12:41:00,2026-04-19,2026-05-31T18:00:00,CV-VAC-0054-1,RV-VAC-0054-1,synthetic,SYN-001500
VAC-0055,ORG-S1,docente,1,2026-06-05T11:42:00,2026-06-25,2026-08-07T18:00:00,CV-VAC-0055-1,RV-VAC-0055-1,synthetic,SYN-001523
VAC-0056,ORG-S2,docente,1,2026-06-11T17:15:00,2026-06-30,2026-08-13T18:00:00,CV-VAC-0056-1,RV-VAC-0056-1,synthetic,SYN-001550
VAC-0057,ORG-S3,administrativo,1,2026-05-20T16:06:00,2026-06-02,2026-06-19T18:00:00,CV-VAC-0057-1,RV-VAC-0057-1,synthetic,SYN-001583
VAC-0058,ORG-S1,administrativo,1,2026-04-28T13:50:00,2026-05-14,2026-06-25T18:00:00,CV-VAC-0058-1,RV-VAC-0058-1,synthetic,SYN-001605
VAC-0059,ORG-S2,docente,1,2026-03-23T11:54:00,2026-03-31,2026-05-03T18:00:00,CV-VAC-0059-1,RV-VAC-0059-1,synthetic,SYN-001628
VAC-0060,ORG-S3,administrativo,1,2026-03-02T12:23:00,2026-03-11,2026-04-12T18:00:00,CV-VAC-0060-1,RV-VAC-0060-1,synthetic,SYN-001655
VAC-0061,ORG-S1,docente,1,2026-06-13T16:37:00,2026-06-21,2026-07-31T18:00:00,CV-VAC-0061-1,RV-VAC-0061-1,synthetic,SYN-001677
VAC-0062,ORG-S2,administrativo,1,2026-06-17T09:54:00,2026-07-07,2026-08-20T18:00:00,CV-VAC-0062-1,RV-VAC-0062-1,synthetic,SYN-001709
VAC-0063,ORG-S3,docente,2,2026-03-12T00:00:00,2026-03-28,2026-05-12T18:00:00,CV-VAC-0063-1,RV-VAC-0063-1,synthetic,SYN-001733
VAC-0064,ORG-S1,docente,1,2026-03-07T10:12:00,2026-03-25,2026-04-30T18:00:00,CV-VAC-0064-1,RV-VAC-0064-1,synthetic,SYN-001761
VAC-0065,ORG-S2,administrativo,1,2026-06-16T17:08:00,2026-07-05,2026-07-24T18:00:00,CV-VAC-0065-1,RV-VAC-0065-1,synthetic,SYN-001783
VAC-0066,ORG-S3,administrativo,1,2026-03-26T09:44:00,2026-04-15,2026-05-25T18:00:00,CV-VAC-0066-1,RV-VAC-0066-1,synthetic,SYN-001807
VAC-0067,ORG-S1,docente,3,2026-06-24T17:48:00,2026-07-06,2026-08-03T18:00:00,CV-VAC-0067-1,RV-VAC-0067-1,synthetic,SYN-001829
VAC-0068,ORG-S2,administrativo,3,2026-04-09T16:22:00,2026-04-21,2026-06-01T18:00:00,CV-VAC-0068-1,RV-VAC-0068-1,synthetic,SYN-001852
VAC-0069,ORG-S3,docente,1,2026-01-07T09:02:00,2026-01-20,2026-03-04T18:00:00,CV-VAC-0069-1,RV-VAC-0069-1,synthetic,SYN-001875
VAC-0070,ORG-S1,administrativo,1,2026-03-31T16:53:00,2026-04-21,2026-05-20T18:00:00,CV-VAC-0070-1,RV-VAC-0070-1,synthetic,SYN-001899
VAC-0071,ORG-S2,docente,2,2026-03-06T15:15:00,2026-03-16,2026-04-20T18:00:00,CV-VAC-0071-1,RV-VAC-0071-1,synthetic,SYN-001923
VAC-0072,ORG-S3,administrativo,3,2026-03-23T11:26:00,2026-04-12,2026-05-23T18:00:00,CV-VAC-0072-1,RV-VAC-0072-1,synthetic,SYN-001957
VAC-0073,ORG-S1,docente,2,2026-04-22T00:00:00,2026-04-29,2026-06-02T18:00:00,CV-VAC-0073-1,RV-VAC-0073-1,synthetic,SYN-001981
VAC-0074,ORG-S2,docente,1,2026-08-20T12:39:00,2026-08-28,2026-10-08T18:00:00,CV-VAC-0074-1,RV-VAC-0074-1,synthetic,SYN-002009
VAC-0075,ORG-S3,docente,1,2026-06-11T11:58:00,2026-06-19,2026-07-17T18:00:00,CV-VAC-0075-1,RV-VAC-0075-1,synthetic,SYN-002036
VAC-0076,ORG-S1,administrativo,1,2026-07-03T15:57:00,2026-07-21,2026-08-22T18:00:00,CV-VAC-0076-1,RV-VAC-0076-1,synthetic,SYN-002065
VAC-0077,ORG-S2,administrativo,1,2026-08-04T12:19:00,2026-08-21,2026-09-29T18:00:00,CV-VAC-0077-1,RV-VAC-0077-1,synthetic,SYN-002089
VAC-0078,ORG-S3,docente,2,2026-08-04T10:11:00,2026-08-23,2026-09-15T18:00:00,CV-VAC-0078-1,RV-VAC-0078-1,synthetic,SYN-002112
VAC-0079,ORG-S1,docente,3,2026-01-18T09:25:00,2026-02-03,2026-02-19T18:00:00,CV-VAC-0079-1,RV-VAC-0079-1,synthetic,SYN-002135
VAC-0080,ORG-S2,docente,1,2026-02-17T11:52:00,2026-03-10,2026-04-07T18:00:00,CV-VAC-0080-1,RV-VAC-0080-1,synthetic,SYN-002169
VAC-0081,ORG-S3,docente,1,2026-07-31T15:36:00,2026-08-13,2026-09-13T18:00:00,CV-VAC-0081-1,RV-VAC-0081-1,synthetic,SYN-002196
VAC-0082,ORG-S1,docente,1,2026-05-28T17:03:00,2026-06-17,2026-07-21T18:00:00,CV-VAC-0082-1,RV-VAC-0082-1,synthetic,SYN-002225
VAC-0083,ORG-S2,docente,1,2026-03-11T00:00:00,2026-03-26,2026-04-27T18:00:00,CV-VAC-0083-1,RV-VAC-0083-1,synthetic,SYN-002247
VAC-0084,ORG-S3,docente,1,2026-05-31T17:38:00,2026-06-17,2026-07-22T18:00:00,CV-VAC-0084-1,RV-VAC-0084-1,synthetic,SYN-002274
VAC-0085,ORG-S1,administrativo,2,2026-02-15T13:43:00,2026-02-24,2026-03-28T18:00:00,CV-VAC-0085-1,RV-VAC-0085-1,synthetic,SYN-002296
VAC-0086,ORG-S2,docente,2,2026-05-17T09:22:00,2026-05-28,2026-07-12T18:00:00,CV-VAC-0086-1,RV-VAC-0086-1,synthetic,SYN-002320
VAC-0087,ORG-S3,administrativo,1,2026-03-09T15:46:00,2026-03-21,2026-05-02T18:00:00,CV-VAC-0087-1,RV-VAC-0087-1,synthetic,SYN-002342
VAC-0088,ORG-S1,docente,1,2026-01-06T11:12:00,2026-01-13,2026-01-28T18:00:00,CV-VAC-0088-1,RV-VAC-0088-1,synthetic,SYN-002366
VAC-0089,ORG-S2,docente,1,2026-02-10T14:21:00,2026-02-20,2026-03-24T18:00:00,CV-VAC-0089-1,RV-VAC-0089-1,synthetic,SYN-002395
VAC-0090,ORG-S3,administrativo,1,2026-06-29T16:42:00,2026-07-20,2026-08-17T18:00:00,CV-VAC-0090-1,RV-VAC-0090-1,synthetic,SYN-002422
VAC-0091,ORG-S1,administrativo,1,2026-01-24T10:20:00,2026-02-05,2026-02-22T18:00:00,CV-VAC-0091-1,RV-VAC-0091-1,synthetic,SYN-002444
VAC-0092,ORG-S2,docente,1,2026-07-07T15:48:00,2026-07-16,2026-08-05T18:00:00,CV-VAC-0092-1,RV-VAC-0092-1,synthetic,SYN-002468
VAC-0093,ORG-S3,docente,1,2026-07-21T00:00:00,2026-07-29,2026-08-16T18:00:00,CV-VAC-0093-1,RV-VAC-0093-1,synthetic,SYN-002500
VAC-0094,ORG-S1,administrativo,2,2026-06-25T08:43:00,2026-07-12,2026-08-05T18:00:00,CV-VAC-0094-1,RV-VAC-0094-1,synthetic,SYN-002529
VAC-0095,ORG-S2,docente,1,2026-03-02T11:15:00,2026-03-21,2026-04-18T18:00:00,CV-VAC-0095-1,RV-VAC-0095-1,synthetic,SYN-002551
VAC-0096,ORG-S3,docente,3,2026-03-21T16:47:00,2026-04-03,2026-05-11T18:00:00,CV-VAC-0096-1,RV-VAC-0096-1,synthetic,SYN-002585
VAC-0097,ORG-S1,administrativo,3,2026-05-30T15:44:00,2026-06-11,2026-07-24T18:00:00,CV-VAC-0097-1,RV-VAC-0097-1,synthetic,SYN-002614
VAC-0098,ORG-S2,docente,2,2026-02-19T15:01:00,2026-03-09,2026-04-12T18:00:00,CV-VAC-0098-1,RV-VAC-0098-1,synthetic,SYN-002638
VAC-0099,ORG-S3,administrativo,1,2026-05-11T12:25:00,2026-05-20,2026-06-11T18:00:00,CV-VAC-0099-1,RV-VAC-0099-1,synthetic,SYN-002671
VAC-0100,ORG-S1,docente,1,2026-03-22T09:48:00,2026-03-31,2026-05-08T18:00:00,CV-VAC-0100-1,RV-VAC-0100-1,synthetic,SYN-002694
VAC-0101,ORG-S2,docente,1,2026-07-08T13:58:00,2026-07-28,2026-08-23T18:00:00,CV-VAC-0101-1,RV-VAC-0101-1,synthetic,SYN-002716
VAC-0102,ORG-S3,docente,2,2026-06-24T17:24:00,2026-07-06,2026-08-19T18:00:00,CV-VAC-0102-1,RV-VAC-0102-1,synthetic,SYN-002748
VAC-0103,ORG-S1,docente,2,2026-04-01T00:00:00,2026-04-16,2026-05-31T18:00:00,CV-VAC-0103-1,RV-VAC-0103-1,synthetic,SYN-002776
VAC-0104,ORG-S2,docente,1,2026-02-19T10:20:00,2026-03-07,2026-04-10T18:00:00,CV-VAC-0104-1,RV-VAC-0104-1,synthetic,SYN-002809
VAC-0105,ORG-S3,administrativo,2,2026-05-28T16:12:00,2026-06-09,2026-06-27T18:00:00,CV-VAC-0105-1,RV-VAC-0105-1,synthetic,SYN-002833
VAC-0106,ORG-S1,administrativo,1,2026-03-29T13:41:00,2026-04-05,2026-04-30T18:00:00,CV-VAC-0106-1,RV-VAC-0106-1,synthetic,SYN-002855
VAC-0107,ORG-S2,administrativo,1,2026-04-28T11:48:00,2026-05-10,2026-06-05T18:00:00,CV-VAC-0107-1,RV-VAC-0107-1,synthetic,SYN-002877
VAC-0108,ORG-S3,docente,1,2026-07-20T16:19:00,2026-08-10,2026-09-09T18:00:00,CV-VAC-0108-1,RV-VAC-0108-1,synthetic,SYN-002901
VAC-0109,ORG-S1,docente,3,2026-07-23T13:23:00,2026-08-10,2026-09-01T18:00:00,CV-VAC-0109-1,RV-VAC-0109-1,synthetic,SYN-002924
VAC-0110,ORG-S2,docente,1,2026-08-18T10:40:00,2026-08-29,2026-09-27T18:00:00,CV-VAC-0110-1,RV-VAC-0110-1,synthetic,SYN-002952
VAC-0111,ORG-S3,administrativo,1,2026-02-06T17:35:00,2026-02-18,2026-03-14T18:00:00,CV-VAC-0111-1,RV-VAC-0111-1,synthetic,SYN-002980
VAC-0112,ORG-S1,docente,1,2026-04-30T11:55:00,2026-05-12,2026-06-09T18:00:00,CV-VAC-0112-1,RV-VAC-0112-1,synthetic,SYN-003003
VAC-0113,ORG-S2,docente,1,2026-08-30T00:00:00,2026-09-06,2026-09-25T18:00:00,CV-VAC-0113-1,RV-VAC-0113-1,synthetic,SYN-003027
VAC-0114,ORG-S3,docente,1,2026-01-17T17:40:00,2026-01-26,2026-02-27T18:00:00,CV-VAC-0114-1,RV-VAC-0114-1,synthetic,SYN-003054
VAC-0115,ORG-S1,docente,2,2026-08-05T15:32:00,2026-08-17,2026-09-10T18:00:00,CV-VAC-0115-1,RV-VAC-0115-1,synthetic,SYN-003078
VAC-0116,ORG-S2,administrativo,2,2026-04-17T14:49:00,2026-05-03,2026-05-19T18:00:00,CV-VAC-0116-1,RV-VAC-0116-1,synthetic,SYN-003111
VAC-0117,ORG-S3,administrativo,3,2026-03-14T11:28:00,2026-03-29,2026-04-14T18:00:00,CV-VAC-0117-1,RV-VAC-0117-1,synthetic,SYN-003133
VAC-0118,ORG-S1,docente,1,2026-01-17T13:28:00,2026-01-24,2026-03-04T18:00:00,CV-VAC-0118-1,RV-VAC-0118-1,synthetic,SYN-003156
VAC-0119,ORG-S2,docente,1,2026-04-05T11:49:00,2026-04-23,2026-05-08T18:00:00,CV-VAC-0119-1,RV-VAC-0119-1,synthetic,SYN-003188
VAC-0120,ORG-S3,docente,1,2026-06-30T14:04:00,2026-07-10,2026-07-28T18:00:00,CV-VAC-0120-1,RV-VAC-0120-1,synthetic,SYN-003217
