person_token,grupo_sintetico,source_type,synthetic_record_id
PER-S-00001,GS-A,synthetic,SYN-026543
PER-S-00002,GS-B,synthetic,SYN-026544
PER-S-00003,GS-B,synthetic,SYN-026545
PER-S-00004,GS-B,synthetic,SYN-026546
PER-S-00005,GS-B,synthetic,SYN-026547
PER-S-00006,GS-A,synthetic,SYN-026548
PER-S-00007,GS-B,synthetic,SYN-026549
PER-S-00008,GS-A,synthetic,SYN-026550
PER-S-00009,GS-A,synthetic,SYN-026551
PER-S-00010,GS-B,synthetic,SYN-026552
PER-S-00011,GS-A,synthetic,SYN-026553
PER-S-00012,GS-A,synthetic,SYN-026554
PER-S-00013,GS-A,synthetic,SYN-026555
PER-S-00014,GS-A,synthetic,SYN-026556
PER-S-00015,GS-A,synthetic,SYN-026557
PER-S-00016,GS-B,synthetic,SYN-026558
PER-S-00017,GS-B,synthetic,SYN-026559
PER-S-00018,GS-A,synthetic,SYN-026560
PER-S-00019,GS-A,synthetic,SYN-026561
PER-S-00020,GS-B,synthetic,SYN-026562
PER-S-00021,GS-B,synthetic,SYN-026563
PER-S-00022,GS-A,synthetic,SYN-026564
PER-S-00023,GS-A,synthetic,SYN-026565
PER-S-00024,GS-A,synthetic,SYN-026566
PER-S-00025,GS-B,synthetic,SYN-026567
PER-S-00026,GS-A,synthetic,SYN-026568
PER-S-00027,GS-B,synthetic,SYN-026569
PER-S-00028,GS-A,synthetic,SYN-026570
PER-S-00029,GS-B,synthetic,SYN-026571
PER-S-00030,GS-A,synthetic,SYN-026572
PER-S-00031,GS-B,synthetic,SYN-026573
PER-S-00032,GS-A,synthetic,SYN-026574
PER-S-00033,GS-B,synthetic,SYN-026575
PER-S-00034,GS-A,synthetic,SYN-026576
PER-S-00035,GS-B,synthetic,SYN-026577
PER-S-00036,GS-A,synthetic,SYN-026578
PER-S-00037,GS-B,synthetic,SYN-026579
PER-S-00038,GS-A,synthetic,SYN-026580
PER-S-00039,GS-B,synthetic,SYN-026581
PER-S-00040,GS-B,synthetic,SYN-026582
PER-S-00041,GS-A,synthetic,SYN-026583
PER-S-00042,GS-A,synthetic,SYN-026584
PER-S-00043,GS-A,synthetic,SYN-026585
PER-S-00044,GS-B,synthetic,SYN-026586
PER-S-00045,GS-A,synthetic,SYN-026587
PER-S-00046,GS-A,synthetic,SYN-026588
PER-S-00047,GS-B,synthetic,SYN-026589
PER-S-00048,GS-A,synthetic,SYN-026590
PER-S-00049,GS-A,synthetic,SYN-026591
PER-S-00050,GS-A,synthetic,SYN-026592
PER-S-00051,GS-B,synthetic,SYN-026593
PER-S-00052,GS-A,synthetic,SYN-026594
PER-S-00053,GS-B,synthetic,SYN-026595
PER-S-00054,GS-B,synthetic,SYN-026596
PER-S-00055,GS-A,synthetic,SYN-026597
PER-S-00056,GS-B,synthetic,SYN-026598
PER-S-00057,GS-A,synthetic,SYN-026599
PER-S-00058,GS-A,synthetic,SYN-026600
PER-S-00059,GS-B,synthetic,SYN-026601
PER-S-00060,GS-A,synthetic,SYN-026602
PER-S-00061,GS-B,synthetic,SYN-026603
PER-S-00062,GS-A,synthetic,SYN-026604
PER-S-00063,GS-A,synthetic,SYN-026605
PER-S-00064,GS-B,synthetic,SYN-026606
PER-S-00065,GS-A,synthetic,SYN-026607
PER-S-00066,GS-B,synthetic,SYN-026608
PER-S-00067,GS-B,synthetic,SYN-026609
PER-S-00068,GS-A,synthetic,SYN-026610
PER-S-00069,GS-A,synthetic,SYN-026611
PER-S-00070,GS-A,synthetic,SYN-026612
PER-S-00071,GS-A,synthetic,SYN-026613
PER-S-00072,GS-B,synthetic,SYN-026614
PER-S-00073,GS-B,synthetic,SYN-026615
PER-S-00074,GS-B,synthetic,SYN-026616
PER-S-00075,GS-B,synthetic,SYN-026617
PER-S-00076,GS-A,synthetic,SYN-026618
PER-S-00077,GS-A,synthetic,SYN-026619
PER-S-00078,GS-B,synthetic,SYN-026620
PER-S-00079,GS-A,synthetic,SYN-026621
PER-S-00080,GS-A,synthetic,SYN-026622
PER-S-00081,GS-A,synthetic,SYN-026623
PER-S-00082,GS-A,synthetic,SYN-026624
PER-S-00083,GS-B,synthetic,SYN-026625
PER-S-00084,GS-B,synthetic,SYN-026626
PER-S-00085,GS-B,synthetic,SYN-026627
PER-S-00086,GS-A,synthetic,SYN-026628
PER-S-00087,GS-A,synthetic,SYN-026629
PER-S-00088,GS-B,synthetic,SYN-026630
PER-S-00089,GS-A,synthetic,SYN-026631
PER-S-00090,GS-A,synthetic,SYN-026632
PER-S-00091,GS-B,synthetic,SYN-026633
PER-S-00092,GS-B,synthetic,SYN-026634
PER-S-00093,GS-A,synthetic,SYN-026635
PER-S-00094,GS-B,synthetic,SYN-026636
PER-S-00095,GS-A,synthetic,SYN-026637
PER-S-00096,GS-B,synthetic,SYN-026638
PER-S-00097,GS-A,synthetic,SYN-026639
PER-S-00098,GS-B,synthetic,SYN-026640
PER-S-00099,GS-A,synthetic,SYN-026641
PER-S-00100,GS-A,synthetic,SYN-026642
PER-S-00101,GS-A,synthetic,SYN-026643
PER-S-00102,GS-B,synthetic,SYN-026644
PER-S-00103,GS-B,synthetic,SYN-026645
PER-S-00104,GS-B,synthetic,SYN-026646
PER-S-00105,GS-B,synthetic,SYN-026647
PER-S-00106,GS-A,synthetic,SYN-026648
PER-S-00107,GS-A,synthetic,SYN-026649
PER-S-00108,GS-B,synthetic,SYN-026650
PER-S-00109,GS-A,synthetic,SYN-026651
PER-S-00110,GS-A,synthetic,SYN-026652
PER-S-00111,GS-B,synthetic,SYN-026653
PER-S-00112,GS-A,synthetic,SYN-026654
PER-S-00113,GS-A,synthetic,SYN-026655
PER-S-00114,GS-B,synthetic,SYN-026656
PER-S-00115,GS-A,synthetic,SYN-026657
PER-S-00116,GS-A,synthetic,SYN-026658
PER-S-00117,GS-B,synthetic,SYN-026659
PER-S-00118,GS-B,synthetic,SYN-026660
PER-S-00119,GS-A,synthetic,SYN-026661
PER-S-00120,GS-B,synthetic,SYN-026662
PER-S-00121,GS-B,synthetic,SYN-026663
PER-S-00122,GS-B,synthetic,SYN-026664
PER-S-00123,GS-B,synthetic,SYN-026665
PER-S-00124,GS-A,synthetic,SYN-026666
PER-S-00125,GS-B,synthetic,SYN-026667
PER-S-00126,GS-A,synthetic,SYN-026668
PER-S-00127,GS-A,synthetic,SYN-026669
PER-S-00128,GS-A,synthetic,SYN-026670
PER-S-00129,GS-B,synthetic,SYN-026671
PER-S-00130,GS-A,synthetic,SYN-026672
PER-S-00131,GS-B,synthetic,SYN-026673
PER-S-00132,GS-B,synthetic,SYN-026674
PER-S-00133,GS-B,synthetic,SYN-026675
PER-S-00134,GS-A,synthetic,SYN-026676
PER-S-00135,GS-A,synthetic,SYN-026677
PER-S-00136,GS-A,synthetic,SYN-026678
PER-S-00137,GS-A,synthetic,SYN-026679
PER-S-00138,GS-B,synthetic,SYN-026680
PER-S-00139,GS-B,synthetic,SYN-026681
PER-S-00140,GS-B,synthetic,SYN-026682
PER-S-00141,GS-B,synthetic,SYN-026683
PER-S-00142,GS-B,synthetic,SYN-026684
PER-S-00143,GS-B,synthetic,SYN-026685
PER-S-00144,GS-A,synthetic,SYN-026686
PER-S-00145,GS-A,synthetic,SYN-026687
PER-S-00146,GS-A,synthetic,SYN-026688
PER-S-00147,GS-A,synthetic,SYN-026689
PER-S-00148,GS-A,synthetic,SYN-026690
PER-S-00149,GS-B,synthetic,SYN-026691
PER-S-00150,GS-A,synthetic,SYN-026692
PER-S-00151,GS-B,synthetic,SYN-026693
PER-S-00152,GS-A,synthetic,SYN-026694
PER-S-00153,GS-B,synthetic,SYN-026695
PER-S-00154,GS-A,synthetic,SYN-026696
PER-S-00155,GS-B,synthetic,SYN-026697
PER-S-00156,GS-B,synthetic,SYN-026698
PER-S-00157,GS-B,synthetic,SYN-026699
PER-S-00158,GS-B,synthetic,SYN-026700
PER-S-00159,GS-A,synthetic,SYN-026701
PER-S-00160,GS-B,synthetic,SYN-026702
PER-S-00161,GS-B,synthetic,SYN-026703
PER-S-00162,GS-B,synthetic,SYN-026704
PER-S-00163,GS-A,synthetic,SYN-026705
PER-S-00164,GS-B,synthetic,SYN-026706
PER-S-00165,GS-B,synthetic,SYN-026707
PER-S-00166,GS-A,synthetic,SYN-026708
PER-S-00167,GS-A,synthetic,SYN-026709
PER-S-00168,GS-B,synthetic,SYN-026710
PER-S-00169,GS-B,synthetic,SYN-026711
PER-S-00170,GS-B,synthetic,SYN-026712
PER-S-00171,GS-B,synthetic,SYN-026713
PER-S-00172,GS-B,synthetic,SYN-026714
PER-S-00173,GS-A,synthetic,SYN-026715
PER-S-00174,GS-B,synthetic,SYN-026716
PER-S-00175,GS-A,synthetic,SYN-026717
PER-S-00176,GS-A,synthetic,SYN-026718
PER-S-00177,GS-A,synthetic,SYN-026719
PER-S-00178,GS-A,synthetic,SYN-026720
PER-S-00179,GS-B,synthetic,SYN-026721
PER-S-00180,GS-A,synthetic,SYN-026722
PER-S-00181,GS-A,synthetic,SYN-026723
PER-S-00182,GS-A,synthetic,SYN-026724
PER-S-00183,GS-A,synthetic,SYN-026725
PER-S-00184,GS-B,synthetic,SYN-026726
PER-S-00185,GS-A,synthetic,SYN-026727
PER-S-00186,GS-A,synthetic,SYN-026728
PER-S-00187,GS-B,synthetic,SYN-026729
PER-S-00188,GS-A,synthetic,SYN-026730
PER-S-00189,GS-A,synthetic,SYN-026731
PER-S-00190,GS-A,synthetic,SYN-026732
PER-S-00191,GS-A,synthetic,SYN-026733
PER-S-00192,GS-A,synthetic,SYN-026734
PER-S-00193,GS-A,synthetic,SYN-026735
PER-S-00194,GS-B,synthetic,SYN-026736
PER-S-00195,GS-A,synthetic,SYN-026737
PER-S-00196,GS-A,synthetic,SYN-026738
PER-S-00197,GS-B,synthetic,SYN-026739
PER-S-00198,GS-B,synthetic,SYN-026740
PER-S-00199,GS-A,synthetic,SYN-026741
PER-S-00200,GS-A,synthetic,SYN-026742
PER-S-00201,GS-A,synthetic,SYN-026743
PER-S-00202,GS-A,synthetic,SYN-026744
PER-S-00203,GS-B,synthetic,SYN-026745
PER-S-00204,GS-B,synthetic,SYN-026746
PER-S-00205,GS-B,synthetic,SYN-026747
PER-S-00206,GS-B,synthetic,SYN-026748
PER-S-00207,GS-A,synthetic,SYN-026749
PER-S-00208,GS-B,synthetic,SYN-026750
PER-S-00209,GS-A,synthetic,SYN-026751
PER-S-00210,GS-A,synthetic,SYN-026752
PER-S-00211,GS-A,synthetic,SYN-026753
PER-S-00212,GS-B,synthetic,SYN-026754
PER-S-00213,GS-B,synthetic,SYN-026755
PER-S-00214,GS-B,synthetic,SYN-026756
PER-S-00215,GS-A,synthetic,SYN-026757
PER-S-00216,GS-A,synthetic,SYN-026758
PER-S-00217,GS-B,synthetic,SYN-026759
PER-S-00218,GS-A,synthetic,SYN-026760
PER-S-00219,GS-B,synthetic,SYN-026761
PER-S-00220,GS-A,synthetic,SYN-026762
PER-S-00221,GS-B,synthetic,SYN-026763
PER-S-00222,GS-A,synthetic,SYN-026764
PER-S-00223,GS-A,synthetic,SYN-026765
PER-S-00224,GS-A,synthetic,SYN-026766
PER-S-00225,GS-A,synthetic,SYN-026767
PER-S-00226,GS-B,synthetic,SYN-026768
PER-S-00227,GS-A,synthetic,SYN-026769
PER-S-00228,GS-A,synthetic,SYN-026770
PER-S-00229,GS-A,synthetic,SYN-026771
PER-S-00230,GS-B,synthetic,SYN-026772
PER-S-00231,GS-A,synthetic,SYN-026773
PER-S-00232,GS-B,synthetic,SYN-026774
PER-S-00233,GS-A,synthetic,SYN-026775
PER-S-00234,GS-B,synthetic,SYN-026776
PER-S-00235,GS-A,synthetic,SYN-026777
PER-S-00236,GS-B,synthetic,SYN-026778
PER-S-00237,GS-A,synthetic,SYN-026779
PER-S-00238,GS-A,synthetic,SYN-026780
PER-S-00239,GS-A,synthetic,SYN-026781
PER-S-00240,GS-B,synthetic,SYN-026782
PER-S-00241,GS-B,synthetic,SYN-026783
PER-S-00242,GS-B,synthetic,SYN-026784
PER-S-00243,GS-A,synthetic,SYN-026785
PER-S-00244,GS-B,synthetic,SYN-026786
PER-S-00245,GS-A,synthetic,SYN-026787
PER-S-00246,GS-B,synthetic,SYN-026788
PER-S-00247,GS-B,synthetic,SYN-026789
PER-S-00248,GS-A,synthetic,SYN-026790
PER-S-00249,GS-B,synthetic,SYN-026791
PER-S-00250,GS-B,synthetic,SYN-026792
PER-S-00251,GS-A,synthetic,SYN-026793
PER-S-00252,GS-A,synthetic,SYN-026794
PER-S-00253,GS-A,synthetic,SYN-026795
PER-S-00254,GS-A,synthetic,SYN-026796
PER-S-00255,GS-A,synthetic,SYN-026797
PER-S-00256,GS-B,synthetic,SYN-026798
PER-S-00257,GS-B,synthetic,SYN-026799
PER-S-00258,GS-B,synthetic,SYN-026800
PER-S-00259,GS-B,synthetic,SYN-026801
PER-S-00260,GS-A,synthetic,SYN-026802
PER-S-00261,GS-B,synthetic,SYN-026803
PER-S-00262,GS-B,synthetic,SYN-026804
PER-S-00263,GS-B,synthetic,SYN-026805
PER-S-00264,GS-A,synthetic,SYN-026806
PER-S-00265,GS-A,synthetic,SYN-026807
PER-S-00266,GS-A,synthetic,SYN-026808
PER-S-00267,GS-A,synthetic,SYN-026809
PER-S-00268,GS-A,synthetic,SYN-026810
PER-S-00269,GS-B,synthetic,SYN-026811
PER-S-00270,GS-A,synthetic,SYN-026812
PER-S-00271,GS-B,synthetic,SYN-026813
PER-S-00272,GS-B,synthetic,SYN-026814
PER-S-00273,GS-A,synthetic,SYN-026815
PER-S-00274,GS-B,synthetic,SYN-026816
PER-S-00275,GS-A,synthetic,SYN-026817
PER-S-00276,GS-B,synthetic,SYN-026818
PER-S-00277,GS-B,synthetic,SYN-026819
PER-S-00278,GS-A,synthetic,SYN-026820
PER-S-00279,GS-B,synthetic,SYN-026821
PER-S-00280,GS-B,synthetic,SYN-026822
PER-S-00281,GS-B,synthetic,SYN-026823
PER-S-00282,GS-B,synthetic,SYN-026824
PER-S-00283,GS-A,synthetic,SYN-026825
PER-S-00284,GS-B,synthetic,SYN-026826
PER-S-00285,GS-A,synthetic,SYN-026827
PER-S-00286,GS-B,synthetic,SYN-026828
PER-S-00287,GS-A,synthetic,SYN-026829
PER-S-00288,GS-B,synthetic,SYN-026830
PER-S-00289,GS-A,synthetic,SYN-026831
PER-S-00290,GS-B,synthetic,SYN-026832
PER-S-00291,GS-A,synthetic,SYN-026833
PER-S-00292,GS-A,synthetic,SYN-026834
PER-S-00293,GS-A,synthetic,SYN-026835
PER-S-00294,GS-A,synthetic,SYN-026836
PER-S-00295,GS-B,synthetic,SYN-026837
PER-S-00296,GS-A,synthetic,SYN-026838
PER-S-00297,GS-A,synthetic,SYN-026839
PER-S-00298,GS-B,synthetic,SYN-026840
PER-S-00299,GS-B,synthetic,SYN-026841
PER-S-00300,GS-A,synthetic,SYN-026842
PER-S-00301,GS-A,synthetic,SYN-026843
PER-S-00302,GS-B,synthetic,SYN-026844
PER-S-00303,GS-A,synthetic,SYN-026845
PER-S-00304,GS-B,synthetic,SYN-026846
PER-S-00305,GS-A,synthetic,SYN-026847
PER-S-00306,GS-B,synthetic,SYN-026848
PER-S-00307,GS-A,synthetic,SYN-026849
PER-S-00308,GS-A,synthetic,SYN-026850
PER-S-00309,GS-A,synthetic,SYN-026851
PER-S-00310,GS-B,synthetic,SYN-026852
PER-S-00311,GS-A,synthetic,SYN-026853
PER-S-00312,GS-B,synthetic,SYN-026854
PER-S-00313,GS-B,synthetic,SYN-026855
PER-S-00314,GS-A,synthetic,SYN-026856
PER-S-00315,GS-B,synthetic,SYN-026857
PER-S-00316,GS-B,synthetic,SYN-026858
PER-S-00317,GS-B,synthetic,SYN-026859
PER-S-00318,GS-B,synthetic,SYN-026860
PER-S-00319,GS-B,synthetic,SYN-026861
PER-S-00320,GS-A,synthetic,SYN-026862
PER-S-00321,GS-B,synthetic,SYN-026863
PER-S-00322,GS-A,synthetic,SYN-026864
PER-S-00323,GS-A,synthetic,SYN-026865
PER-S-00324,GS-B,synthetic,SYN-026866
PER-S-00325,GS-B,synthetic,SYN-026867
PER-S-00326,GS-A,synthetic,SYN-026868
PER-S-00327,GS-B,synthetic,SYN-026869
PER-S-00328,GS-B,synthetic,SYN-026870
PER-S-00329,GS-A,synthetic,SYN-026871
PER-S-00330,GS-B,synthetic,SYN-026872
PER-S-00331,GS-B,synthetic,SYN-026873
PER-S-00332,GS-B,synthetic,SYN-026874
PER-S-00333,GS-B,synthetic,SYN-026875
PER-S-00334,GS-A,synthetic,SYN-026876
PER-S-00335,GS-B,synthetic,SYN-026877
PER-S-00336,GS-A,synthetic,SYN-026878
PER-S-00337,GS-B,synthetic,SYN-026879
PER-S-00338,GS-B,synthetic,SYN-026880
PER-S-00339,GS-A,synthetic,SYN-026881
PER-S-00340,GS-A,synthetic,SYN-026882
PER-S-00341,GS-A,synthetic,SYN-026883
PER-S-00342,GS-B,synthetic,SYN-026884
PER-S-00343,GS-B,synthetic,SYN-026885
PER-S-00344,GS-B,synthetic,SYN-026886
PER-S-00345,GS-B,synthetic,SYN-026887
PER-S-00346,GS-B,synthetic,SYN-026888
PER-S-00347,GS-A,synthetic,SYN-026889
PER-S-00348,GS-A,synthetic,SYN-026890
PER-S-00349,GS-B,synthetic,SYN-026891
PER-S-00350,GS-A,synthetic,SYN-026892
PER-S-00351,GS-A,synthetic,SYN-026893
PER-S-00352,GS-B,synthetic,SYN-026894
PER-S-00353,GS-A,synthetic,SYN-026895
PER-S-00354,GS-A,synthetic,SYN-026896
PER-S-00355,GS-B,synthetic,SYN-026897
PER-S-00356,GS-A,synthetic,SYN-026898
PER-S-00357,GS-B,synthetic,SYN-026899
PER-S-00358,GS-A,synthetic,SYN-026900
PER-S-00359,GS-B,synthetic,SYN-026901
PER-S-00360,GS-B,synthetic,SYN-026902
PER-S-00361,GS-A,synthetic,SYN-026903
PER-S-00362,GS-B,synthetic,SYN-026904
PER-S-00363,GS-B,synthetic,SYN-026905
PER-S-00364,GS-B,synthetic,SYN-026906
PER-S-00365,GS-A,synthetic,SYN-026907
PER-S-00366,GS-B,synthetic,SYN-026908
PER-S-00367,GS-B,synthetic,SYN-026909
PER-S-00368,GS-B,synthetic,SYN-026910
PER-S-00369,GS-A,synthetic,SYN-026911
PER-S-00370,GS-A,synthetic,SYN-026912
PER-S-00371,GS-A,synthetic,SYN-026913
PER-S-00372,GS-A,synthetic,SYN-026914
PER-S-00373,GS-B,synthetic,SYN-026915
PER-S-00374,GS-A,synthetic,SYN-026916
PER-S-00375,GS-A,synthetic,SYN-026917
PER-S-00376,GS-B,synthetic,SYN-026918
PER-S-00377,GS-A,synthetic,SYN-026919
PER-S-00378,GS-B,synthetic,SYN-026920
PER-S-00379,GS-B,synthetic,SYN-026921
PER-S-00380,GS-B,synthetic,SYN-026922
PER-S-00381,GS-B,synthetic,SYN-026923
PER-S-00382,GS-A,synthetic,SYN-026924
PER-S-00383,GS-A,synthetic,SYN-026925
PER-S-00384,GS-A,synthetic,SYN-026926
PER-S-00385,GS-A,synthetic,SYN-026927
PER-S-00386,GS-A,synthetic,SYN-026928
PER-S-00387,GS-A,synthetic,SYN-026929
PER-S-00388,GS-A,synthetic,SYN-026930
PER-S-00389,GS-B,synthetic,SYN-026931
PER-S-00390,GS-B,synthetic,SYN-026932
PER-S-00391,GS-A,synthetic,SYN-026933
PER-S-00392,GS-B,synthetic,SYN-026934
PER-S-00393,GS-B,synthetic,SYN-026935
PER-S-00394,GS-B,synthetic,SYN-026936
PER-S-00395,GS-B,synthetic,SYN-026937
PER-S-00396,GS-B,synthetic,SYN-026938
PER-S-00397,GS-B,synthetic,SYN-026939
PER-S-00398,GS-A,synthetic,SYN-026940
PER-S-00399,GS-A,synthetic,SYN-026941
PER-S-00400,GS-B,synthetic,SYN-026942
PER-S-00401,GS-A,synthetic,SYN-026943
PER-S-00402,GS-A,synthetic,SYN-026944
PER-S-00403,GS-B,synthetic,SYN-026945
PER-S-00404,GS-A,synthetic,SYN-026946
PER-S-00405,GS-B,synthetic,SYN-026947
PER-S-00406,GS-A,synthetic,SYN-026948
PER-S-00407,GS-A,synthetic,SYN-026949
PER-S-00408,GS-A,synthetic,SYN-026950
PER-S-00409,GS-A,synthetic,SYN-026951
PER-S-00410,GS-A,synthetic,SYN-026952
PER-S-00411,GS-A,synthetic,SYN-026953
PER-S-00412,GS-B,synthetic,SYN-026954
PER-S-00413,GS-B,synthetic,SYN-026955
PER-S-00414,GS-B,synthetic,SYN-026956
PER-S-00415,GS-A,synthetic,SYN-026957
PER-S-00416,GS-A,synthetic,SYN-026958
PER-S-00417,GS-B,synthetic,SYN-026959
PER-S-00418,GS-A,synthetic,SYN-026960
PER-S-00419,GS-A,synthetic,SYN-026961
PER-S-00420,GS-A,synthetic,SYN-026962
PER-S-00421,GS-A,synthetic,SYN-026963
PER-S-00422,GS-A,synthetic,SYN-026964
PER-S-00423,GS-B,synthetic,SYN-026965
PER-S-00424,GS-A,synthetic,SYN-026966
PER-S-00425,GS-A,synthetic,SYN-026967
PER-S-00426,GS-B,synthetic,SYN-026968
PER-S-00427,GS-B,synthetic,SYN-026969
PER-S-00428,GS-A,synthetic,SYN-026970
PER-S-00429,GS-B,synthetic,SYN-026971
PER-S-00430,GS-A,synthetic,SYN-026972
PER-S-00431,GS-B,synthetic,SYN-026973
PER-S-00432,GS-B,synthetic,SYN-026974
PER-S-00433,GS-A,synthetic,SYN-026975
PER-S-00434,GS-A,synthetic,SYN-026976
PER-S-00435,GS-A,synthetic,SYN-026977
PER-S-00436,GS-A,synthetic,SYN-026978
PER-S-00437,GS-A,synthetic,SYN-026979
PER-S-00438,GS-A,synthetic,SYN-026980
PER-S-00439,GS-A,synthetic,SYN-026981
PER-S-00440,GS-A,synthetic,SYN-026982
PER-S-00441,GS-A,synthetic,SYN-026983
PER-S-00442,GS-B,synthetic,SYN-026984
PER-S-00443,GS-B,synthetic,SYN-026985
PER-S-00444,GS-B,synthetic,SYN-026986
PER-S-00445,GS-A,synthetic,SYN-026987
PER-S-00446,GS-A,synthetic,SYN-026988
PER-S-00447,GS-A,synthetic,SYN-026989
PER-S-00448,GS-B,synthetic,SYN-026990
PER-S-00449,GS-A,synthetic,SYN-026991
PER-S-00450,GS-A,synthetic,SYN-026992
PER-S-00451,GS-B,synthetic,SYN-026993
PER-S-00452,GS-A,synthetic,SYN-026994
PER-S-00453,GS-B,synthetic,SYN-026995
PER-S-00454,GS-B,synthetic,SYN-026996
PER-S-00455,GS-A,synthetic,SYN-026997
PER-S-00456,GS-B,synthetic,SYN-026998
PER-S-00457,GS-A,synthetic,SYN-026999
PER-S-00458,GS-B,synthetic,SYN-027000
PER-S-00459,GS-A,synthetic,SYN-027001
PER-S-00460,GS-B,synthetic,SYN-027002
PER-S-00461,GS-A,synthetic,SYN-027003
PER-S-00462,GS-A,synthetic,SYN-027004
PER-S-00463,GS-B,synthetic,SYN-027005
PER-S-00464,GS-A,synthetic,SYN-027006
PER-S-00465,GS-B,synthetic,SYN-027007
PER-S-00466,GS-A,synthetic,SYN-027008
PER-S-00467,GS-A,synthetic,SYN-027009
PER-S-00468,GS-B,synthetic,SYN-027010
PER-S-00469,GS-A,synthetic,SYN-027011
PER-S-00470,GS-A,synthetic,SYN-027012
PER-S-00471,GS-A,synthetic,SYN-027013
PER-S-00472,GS-B,synthetic,SYN-027014
PER-S-00473,GS-A,synthetic,SYN-027015
PER-S-00474,GS-A,synthetic,SYN-027016
PER-S-00475,GS-A,synthetic,SYN-027017
PER-S-00476,GS-A,synthetic,SYN-027018
PER-S-00477,GS-B,synthetic,SYN-027019
PER-S-00478,GS-A,synthetic,SYN-027020
PER-S-00479,GS-A,synthetic,SYN-027021
PER-S-00480,GS-B,synthetic,SYN-027022
PER-S-00481,GS-A,synthetic,SYN-027023
PER-S-00482,GS-A,synthetic,SYN-027024
PER-S-00483,GS-A,synthetic,SYN-027025
PER-S-00484,GS-B,synthetic,SYN-027026
PER-S-00485,GS-B,synthetic,SYN-027027
PER-S-00486,GS-A,synthetic,SYN-027028
PER-S-00487,GS-A,synthetic,SYN-027029
PER-S-00488,GS-A,synthetic,SYN-027030
PER-S-00489,GS-B,synthetic,SYN-027031
PER-S-00490,GS-A,synthetic,SYN-027032
PER-S-00491,GS-A,synthetic,SYN-027033
PER-S-00492,GS-A,synthetic,SYN-027034
PER-S-00493,GS-A,synthetic,SYN-027035
PER-S-00494,GS-B,synthetic,SYN-027036
PER-S-00495,GS-B,synthetic,SYN-027037
PER-S-00496,GS-B,synthetic,SYN-027038
PER-S-00497,GS-A,synthetic,SYN-027039
PER-S-00498,GS-A,synthetic,SYN-027040
PER-S-00499,GS-B,synthetic,SYN-027041
PER-S-00500,GS-B,synthetic,SYN-027042
PER-S-00501,GS-B,synthetic,SYN-027043
PER-S-00502,GS-B,synthetic,SYN-027044
PER-S-00503,GS-B,synthetic,SYN-027045
PER-S-00504,GS-A,synthetic,SYN-027046
PER-S-00505,GS-B,synthetic,SYN-027047
PER-S-00506,GS-B,synthetic,SYN-027048
PER-S-00507,GS-B,synthetic,SYN-027049
PER-S-00508,GS-B,synthetic,SYN-027050
PER-S-00509,GS-A,synthetic,SYN-027051
PER-S-00510,GS-B,synthetic,SYN-027052
PER-S-00511,GS-B,synthetic,SYN-027053
PER-S-00512,GS-A,synthetic,SYN-027054
PER-S-00513,GS-A,synthetic,SYN-027055
PER-S-00514,GS-B,synthetic,SYN-027056
PER-S-00515,GS-A,synthetic,SYN-027057
PER-S-00516,GS-B,synthetic,SYN-027058
PER-S-00517,GS-A,synthetic,SYN-027059
PER-S-00518,GS-A,synthetic,SYN-027060
PER-S-00519,GS-A,synthetic,SYN-027061
PER-S-00520,GS-A,synthetic,SYN-027062
PER-S-00521,GS-B,synthetic,SYN-027063
PER-S-00522,GS-B,synthetic,SYN-027064
PER-S-00523,GS-B,synthetic,SYN-027065
PER-S-00524,GS-B,synthetic,SYN-027066
PER-S-00525,GS-A,synthetic,SYN-027067
PER-S-00526,GS-A,synthetic,SYN-027068
PER-S-00527,GS-A,synthetic,SYN-027069
PER-S-00528,GS-B,synthetic,SYN-027070
PER-S-00529,GS-A,synthetic,SYN-027071
PER-S-00530,GS-A,synthetic,SYN-027072
PER-S-00531,GS-A,synthetic,SYN-027073
PER-S-00532,GS-B,synthetic,SYN-027074
PER-S-00533,GS-A,synthetic,SYN-027075
PER-S-00534,GS-A,synthetic,SYN-027076
PER-S-00535,GS-B,synthetic,SYN-027077
PER-S-00536,GS-A,synthetic,SYN-027078
PER-S-00537,GS-A,synthetic,SYN-027079
PER-S-00538,GS-A,synthetic,SYN-027080
PER-S-00539,GS-A,synthetic,SYN-027081
PER-S-00540,GS-A,synthetic,SYN-027082
PER-S-00541,GS-A,synthetic,SYN-027083
PER-S-00542,GS-A,synthetic,SYN-027084
PER-S-00543,GS-A,synthetic,SYN-027085
PER-S-00544,GS-B,synthetic,SYN-027086
PER-S-00545,GS-A,synthetic,SYN-027087
PER-S-00546,GS-A,synthetic,SYN-027088
PER-S-00547,GS-A,synthetic,SYN-027089
PER-S-00548,GS-A,synthetic,SYN-027090
PER-S-00549,GS-B,synthetic,SYN-027091
PER-S-00550,GS-B,synthetic,SYN-027092
PER-S-00551,GS-A,synthetic,SYN-027093
PER-S-00552,GS-B,synthetic,SYN-027094
PER-S-00553,GS-A,synthetic,SYN-027095
PER-S-00554,GS-B,synthetic,SYN-027096
PER-S-00555,GS-B,synthetic,SYN-027097
PER-S-00556,GS-B,synthetic,SYN-027098
PER-S-00557,GS-A,synthetic,SYN-027099
PER-S-00558,GS-A,synthetic,SYN-027100
PER-S-00559,GS-B,synthetic,SYN-027101
PER-S-00560,GS-A,synthetic,SYN-027102
PER-S-00561,GS-A,synthetic,SYN-027103
PER-S-00562,GS-A,synthetic,SYN-027104
PER-S-00563,GS-A,synthetic,SYN-027105
PER-S-00564,GS-A,synthetic,SYN-027106
PER-S-00565,GS-A,synthetic,SYN-027107
PER-S-00566,GS-A,synthetic,SYN-027108
PER-S-00567,GS-B,synthetic,SYN-027109
PER-S-00568,GS-B,synthetic,SYN-027110
PER-S-00569,GS-B,synthetic,SYN-027111
PER-S-00570,GS-A,synthetic,SYN-027112
PER-S-00571,GS-B,synthetic,SYN-027113
PER-S-00572,GS-A,synthetic,SYN-027114
PER-S-00573,GS-B,synthetic,SYN-027115
PER-S-00574,GS-A,synthetic,SYN-027116
PER-S-00575,GS-B,synthetic,SYN-027117
PER-S-00576,GS-B,synthetic,SYN-027118
PER-S-00577,GS-B,synthetic,SYN-027119
PER-S-00578,GS-A,synthetic,SYN-027120
PER-S-00579,GS-A,synthetic,SYN-027121
PER-S-00580,GS-A,synthetic,SYN-027122
PER-S-00581,GS-B,synthetic,SYN-027123
PER-S-00582,GS-B,synthetic,SYN-027124
PER-S-00583,GS-A,synthetic,SYN-027125
PER-S-00584,GS-B,synthetic,SYN-027126
PER-S-00585,GS-B,synthetic,SYN-027127
PER-S-00586,GS-B,synthetic,SYN-027128
PER-S-00587,GS-A,synthetic,SYN-027129
PER-S-00588,GS-B,synthetic,SYN-027130
PER-S-00589,GS-A,synthetic,SYN-027131
PER-S-00590,GS-A,synthetic,SYN-027132
PER-S-00591,GS-A,synthetic,SYN-027133
PER-S-00592,GS-B,synthetic,SYN-027134
PER-S-00593,GS-B,synthetic,SYN-027135
PER-S-00594,GS-A,synthetic,SYN-027136
PER-S-00595,GS-B,synthetic,SYN-027137
PER-S-00596,GS-A,synthetic,SYN-027138
PER-S-00597,GS-B,synthetic,SYN-027139
PER-S-00598,GS-A,synthetic,SYN-027140
PER-S-00599,GS-B,synthetic,SYN-027141
PER-S-00600,GS-A,synthetic,SYN-027142
PER-S-00601,GS-B,synthetic,SYN-027143
PER-S-00602,GS-A,synthetic,SYN-027144
PER-S-00603,GS-B,synthetic,SYN-027145
PER-S-00604,GS-B,synthetic,SYN-027146
PER-S-00605,GS-A,synthetic,SYN-027147
PER-S-00606,GS-A,synthetic,SYN-027148
PER-S-00607,GS-A,synthetic,SYN-027149
PER-S-00608,GS-A,synthetic,SYN-027150
PER-S-00609,GS-B,synthetic,SYN-027151
PER-S-00610,GS-A,synthetic,SYN-027152
PER-S-00611,GS-B,synthetic,SYN-027153
PER-S-00612,GS-A,synthetic,SYN-027154
PER-S-00613,GS-A,synthetic,SYN-027155
PER-S-00614,GS-B,synthetic,SYN-027156
PER-S-00615,GS-B,synthetic,SYN-027157
PER-S-00616,GS-B,synthetic,SYN-027158
PER-S-00617,GS-A,synthetic,SYN-027159
PER-S-00618,GS-A,synthetic,SYN-027160
PER-S-00619,GS-A,synthetic,SYN-027161
PER-S-00620,GS-A,synthetic,SYN-027162
PER-S-00621,GS-B,synthetic,SYN-027163
PER-S-00622,GS-B,synthetic,SYN-027164
PER-S-00623,GS-B,synthetic,SYN-027165
PER-S-00624,GS-A,synthetic,SYN-027166
PER-S-00625,GS-B,synthetic,SYN-027167
PER-S-00626,GS-A,synthetic,SYN-027168
PER-S-00627,GS-A,synthetic,SYN-027169
PER-S-00628,GS-B,synthetic,SYN-027170
PER-S-00629,GS-A,synthetic,SYN-027171
PER-S-00630,GS-B,synthetic,SYN-027172
PER-S-00631,GS-A,synthetic,SYN-027173
PER-S-00632,GS-B,synthetic,SYN-027174
PER-S-00633,GS-A,synthetic,SYN-027175
PER-S-00634,GS-A,synthetic,SYN-027176
PER-S-00635,GS-B,synthetic,SYN-027177
PER-S-00636,GS-A,synthetic,SYN-027178
PER-S-00637,GS-B,synthetic,SYN-027179
PER-S-00638,GS-A,synthetic,SYN-027180
PER-S-00639,GS-B,synthetic,SYN-027181
PER-S-00640,GS-A,synthetic,SYN-027182
PER-S-00641,GS-B,synthetic,SYN-027183
PER-S-00642,GS-A,synthetic,SYN-027184
PER-S-00643,GS-A,synthetic,SYN-027185
PER-S-00644,GS-A,synthetic,SYN-027186
PER-S-00645,GS-B,synthetic,SYN-027187
PER-S-00646,GS-A,synthetic,SYN-027188
PER-S-00647,GS-A,synthetic,SYN-027189
PER-S-00648,GS-A,synthetic,SYN-027190
PER-S-00649,GS-B,synthetic,SYN-027191
PER-S-00650,GS-B,synthetic,SYN-027192
PER-S-00651,GS-B,synthetic,SYN-027193
PER-S-00652,GS-B,synthetic,SYN-027194
PER-S-00653,GS-A,synthetic,SYN-027195
PER-S-00654,GS-A,synthetic,SYN-027196
PER-S-00655,GS-B,synthetic,SYN-027197
PER-S-00656,GS-B,synthetic,SYN-027198
PER-S-00657,GS-B,synthetic,SYN-027199
PER-S-00658,GS-A,synthetic,SYN-027200
PER-S-00659,GS-B,synthetic,SYN-027201
PER-S-00660,GS-B,synthetic,SYN-027202
PER-S-00661,GS-B,synthetic,SYN-027203
PER-S-00662,GS-B,synthetic,SYN-027204
PER-S-00663,GS-B,synthetic,SYN-027205
PER-S-00664,GS-B,synthetic,SYN-027206
PER-S-00665,GS-A,synthetic,SYN-027207
PER-S-00666,GS-A,synthetic,SYN-027208
PER-S-00667,GS-B,synthetic,SYN-027209
PER-S-00668,GS-A,synthetic,SYN-027210
PER-S-00669,GS-A,synthetic,SYN-027211
PER-S-00670,GS-B,synthetic,SYN-027212
PER-S-00671,GS-A,synthetic,SYN-027213
PER-S-00672,GS-B,synthetic,SYN-027214
PER-S-00673,GS-A,synthetic,SYN-027215
PER-S-00674,GS-B,synthetic,SYN-027216
PER-S-00675,GS-A,synthetic,SYN-027217
PER-S-00676,GS-B,synthetic,SYN-027218
PER-S-00677,GS-B,synthetic,SYN-027219
PER-S-00678,GS-A,synthetic,SYN-027220
PER-S-00679,GS-B,synthetic,SYN-027221
PER-S-00680,GS-A,synthetic,SYN-027222
PER-S-00681,GS-A,synthetic,SYN-027223
PER-S-00682,GS-B,synthetic,SYN-027224
PER-S-00683,GS-B,synthetic,SYN-027225
PER-S-00684,GS-A,synthetic,SYN-027226
PER-S-00685,GS-A,synthetic,SYN-027227
PER-S-00686,GS-B,synthetic,SYN-027228
PER-S-00687,GS-B,synthetic,SYN-027229
PER-S-00688,GS-A,synthetic,SYN-027230
PER-S-00689,GS-B,synthetic,SYN-027231
PER-S-00690,GS-A,synthetic,SYN-027232
PER-S-00691,GS-A,synthetic,SYN-027233
PER-S-00692,GS-A,synthetic,SYN-027234
PER-S-00693,GS-A,synthetic,SYN-027235
PER-S-00694,GS-B,synthetic,SYN-027236
PER-S-00695,GS-B,synthetic,SYN-027237
PER-S-00696,GS-A,synthetic,SYN-027238
PER-S-00697,GS-B,synthetic,SYN-027239
PER-S-00698,GS-B,synthetic,SYN-027240
PER-S-00699,GS-A,synthetic,SYN-027241
PER-S-00700,GS-A,synthetic,SYN-027242
PER-S-00701,GS-A,synthetic,SYN-027243
PER-S-00702,GS-A,synthetic,SYN-027244
PER-S-00703,GS-A,synthetic,SYN-027245
PER-S-00704,GS-B,synthetic,SYN-027246
PER-S-00705,GS-B,synthetic,SYN-027247
PER-S-00706,GS-B,synthetic,SYN-027248
PER-S-00707,GS-A,synthetic,SYN-027249
PER-S-00708,GS-B,synthetic,SYN-027250
PER-S-00709,GS-A,synthetic,SYN-027251
PER-S-00710,GS-B,synthetic,SYN-027252
PER-S-00711,GS-A,synthetic,SYN-027253
PER-S-00712,GS-A,synthetic,SYN-027254
PER-S-00713,GS-A,synthetic,SYN-027255
PER-S-00714,GS-B,synthetic,SYN-027256
PER-S-00715,GS-B,synthetic,SYN-027257
PER-S-00716,GS-B,synthetic,SYN-027258
PER-S-00717,GS-A,synthetic,SYN-027259
PER-S-00718,GS-B,synthetic,SYN-027260
PER-S-00719,GS-A,synthetic,SYN-027261
PER-S-00720,GS-B,synthetic,SYN-027262
PER-S-00721,GS-B,synthetic,SYN-027263
PER-S-00722,GS-A,synthetic,SYN-027264
PER-S-00723,GS-A,synthetic,SYN-027265
PER-S-00724,GS-A,synthetic,SYN-027266
PER-S-00725,GS-A,synthetic,SYN-027267
PER-S-00726,GS-A,synthetic,SYN-027268
PER-S-00727,GS-A,synthetic,SYN-027269
PER-S-00728,GS-B,synthetic,SYN-027270
PER-S-00729,GS-B,synthetic,SYN-027271
PER-S-00730,GS-A,synthetic,SYN-027272
PER-S-00731,GS-A,synthetic,SYN-027273
PER-S-00732,GS-B,synthetic,SYN-027274
PER-S-00733,GS-A,synthetic,SYN-027275
PER-S-00734,GS-B,synthetic,SYN-027276
PER-S-00735,GS-A,synthetic,SYN-027277
PER-S-00736,GS-A,synthetic,SYN-027278
PER-S-00737,GS-A,synthetic,SYN-027279
PER-S-00738,GS-A,synthetic,SYN-027280
PER-S-00739,GS-B,synthetic,SYN-027281
PER-S-00740,GS-A,synthetic,SYN-027282
PER-S-00741,GS-B,synthetic,SYN-027283
PER-S-00742,GS-A,synthetic,SYN-027284
PER-S-00743,GS-B,synthetic,SYN-027285
PER-S-00744,GS-A,synthetic,SYN-027286
PER-S-00745,GS-B,synthetic,SYN-027287
PER-S-00746,GS-A,synthetic,SYN-027288
PER-S-00747,GS-A,synthetic,SYN-027289
PER-S-00748,GS-A,synthetic,SYN-027290
PER-S-00749,GS-B,synthetic,SYN-027291
PER-S-00750,GS-A,synthetic,SYN-027292
PER-S-00751,GS-A,synthetic,SYN-027293
PER-S-00752,GS-B,synthetic,SYN-027294
PER-S-00753,GS-B,synthetic,SYN-027295
PER-S-00754,GS-A,synthetic,SYN-027296
PER-S-00755,GS-A,synthetic,SYN-027297
PER-S-00756,GS-B,synthetic,SYN-027298
PER-S-00757,GS-A,synthetic,SYN-027299
PER-S-00758,GS-A,synthetic,SYN-027300
PER-S-00759,GS-B,synthetic,SYN-027301
PER-S-00760,GS-A,synthetic,SYN-027302
PER-S-00761,GS-A,synthetic,SYN-027303
PER-S-00762,GS-A,synthetic,SYN-027304
PER-S-00763,GS-A,synthetic,SYN-027305
PER-S-00764,GS-B,synthetic,SYN-027306
PER-S-00765,GS-B,synthetic,SYN-027307
PER-S-00766,GS-B,synthetic,SYN-027308
PER-S-00767,GS-A,synthetic,SYN-027309
PER-S-00768,GS-A,synthetic,SYN-027310
PER-S-00769,GS-B,synthetic,SYN-027311
PER-S-00770,GS-B,synthetic,SYN-027312
PER-S-00771,GS-A,synthetic,SYN-027313
PER-S-00772,GS-A,synthetic,SYN-027314
PER-S-00773,GS-A,synthetic,SYN-027315
PER-S-00774,GS-B,synthetic,SYN-027316
PER-S-00775,GS-B,synthetic,SYN-027317
PER-S-00776,GS-B,synthetic,SYN-027318
PER-S-00777,GS-B,synthetic,SYN-027319
PER-S-00778,GS-B,synthetic,SYN-027320
PER-S-00779,GS-B,synthetic,SYN-027321
PER-S-00780,GS-A,synthetic,SYN-027322
PER-S-00781,GS-A,synthetic,SYN-027323
PER-S-00782,GS-A,synthetic,SYN-027324
PER-S-00783,GS-A,synthetic,SYN-027325
PER-S-00784,GS-A,synthetic,SYN-027326
PER-S-00785,GS-A,synthetic,SYN-027327
PER-S-00786,GS-A,synthetic,SYN-027328
PER-S-00787,GS-B,synthetic,SYN-027329
PER-S-00788,GS-B,synthetic,SYN-027330
PER-S-00789,GS-A,synthetic,SYN-027331
PER-S-00790,GS-B,synthetic,SYN-027332
PER-S-00791,GS-A,synthetic,SYN-027333
PER-S-00792,GS-B,synthetic,SYN-027334
PER-S-00793,GS-B,synthetic,SYN-027335
PER-S-00794,GS-A,synthetic,SYN-027336
PER-S-00795,GS-A,synthetic,SYN-027337
PER-S-00796,GS-B,synthetic,SYN-027338
PER-S-00797,GS-A,synthetic,SYN-027339
PER-S-00798,GS-A,synthetic,SYN-027340
PER-S-00799,GS-B,synthetic,SYN-027341
PER-S-00800,GS-A,synthetic,SYN-027342
PER-S-00801,GS-A,synthetic,SYN-027343
PER-S-00802,GS-B,synthetic,SYN-027344
PER-S-00803,GS-B,synthetic,SYN-027345
PER-S-00804,GS-A,synthetic,SYN-027346
PER-S-00805,GS-A,synthetic,SYN-027347
PER-S-00806,GS-B,synthetic,SYN-027348
PER-S-00807,GS-A,synthetic,SYN-027349
PER-S-00808,GS-B,synthetic,SYN-027350
PER-S-00809,GS-B,synthetic,SYN-027351
PER-S-00810,GS-A,synthetic,SYN-027352
PER-S-00811,GS-B,synthetic,SYN-027353
PER-S-00812,GS-B,synthetic,SYN-027354
PER-S-00813,GS-A,synthetic,SYN-027355
PER-S-00814,GS-B,synthetic,SYN-027356
PER-S-00815,GS-A,synthetic,SYN-027357
PER-S-00816,GS-B,synthetic,SYN-027358
PER-S-00817,GS-B,synthetic,SYN-027359
PER-S-00818,GS-A,synthetic,SYN-027360
PER-S-00819,GS-A,synthetic,SYN-027361
PER-S-00820,GS-A,synthetic,SYN-027362
PER-S-00821,GS-A,synthetic,SYN-027363
PER-S-00822,GS-B,synthetic,SYN-027364
PER-S-00823,GS-B,synthetic,SYN-027365
PER-S-00824,GS-B,synthetic,SYN-027366
PER-S-00825,GS-A,synthetic,SYN-027367
PER-S-00826,GS-B,synthetic,SYN-027368
PER-S-00827,GS-A,synthetic,SYN-027369
PER-S-00828,GS-B,synthetic,SYN-027370
PER-S-00829,GS-B,synthetic,SYN-027371
PER-S-00830,GS-B,synthetic,SYN-027372
PER-S-00831,GS-B,synthetic,SYN-027373
PER-S-00832,GS-B,synthetic,SYN-027374
PER-S-00833,GS-A,synthetic,SYN-027375
PER-S-00834,GS-B,synthetic,SYN-027376
PER-S-00835,GS-B,synthetic,SYN-027377
PER-S-00836,GS-A,synthetic,SYN-027378
PER-S-00837,GS-B,synthetic,SYN-027379
PER-S-00838,GS-B,synthetic,SYN-027380
PER-S-00839,GS-A,synthetic,SYN-027381
PER-S-00840,GS-B,synthetic,SYN-027382
PER-S-00841,GS-B,synthetic,SYN-027383
PER-S-00842,GS-B,synthetic,SYN-027384
PER-S-00843,GS-A,synthetic,SYN-027385
PER-S-00844,GS-A,synthetic,SYN-027386
PER-S-00845,GS-B,synthetic,SYN-027387
PER-S-00846,GS-A,synthetic,SYN-027388
PER-S-00847,GS-A,synthetic,SYN-027389
PER-S-00848,GS-A,synthetic,SYN-027390
PER-S-00849,GS-B,synthetic,SYN-027391
PER-S-00850,GS-B,synthetic,SYN-027392
PER-S-00851,GS-A,synthetic,SYN-027393
PER-S-00852,GS-B,synthetic,SYN-027394
PER-S-00853,GS-A,synthetic,SYN-027395
PER-S-00854,GS-B,synthetic,SYN-027396
PER-S-00855,GS-B,synthetic,SYN-027397
PER-S-00856,GS-A,synthetic,SYN-027398
PER-S-00857,GS-B,synthetic,SYN-027399
PER-S-00858,GS-A,synthetic,SYN-027400
PER-S-00859,GS-A,synthetic,SYN-027401
PER-S-00860,GS-B,synthetic,SYN-027402
PER-S-00861,GS-A,synthetic,SYN-027403
PER-S-00862,GS-B,synthetic,SYN-027404
