ID,Título,RF,CU,Referencia,Tipo,Prioridad,Automatización,Prueba automática,Comando,Evidencia,Ejecuciones,Aprobadas,Fallidas,Omitidas,Estado
CP-001,Registrar requerimiento de personal,RF-01,CU-01,,Integración / funcional,Media,AUTOMATIZADA,tests/Feature/JobRequests/JobRequestWorkflowTest.php (2 métodos),docker compose exec app php artisan test --filter=JobRequestWorkflowTest,docs/academico/qa-final/evidencias/04-phpunit.log; docs/academico/qa-final/evidencias/phpunit-junit.xml,2,2,0,0,APROBADO
CP-002,"Reglas complementarias de JobRequestWorkflowTest (RF-01, RF-02, RF-03, RF-04)",RF-01 RF-02 RF-03 RF-04,CU-01 CU-02 CU-03,,Integración / funcional,Alta,AUTOMATIZADA,tests/Feature/JobRequests/JobRequestWorkflowTest.php (4 métodos),docker compose exec app php artisan test --filter=JobRequestWorkflowTest,docs/academico/qa-final/evidencias/04-phpunit.log; docs/academico/qa-final/evidencias/phpunit-junit.xml,4,4,0,0,APROBADO
CP-003,Validar y corregir requerimiento,RF-02,CU-02,,Integración / funcional,Media,AUTOMATIZADA,tests/Feature/JobRequests/JobRequestWorkflowTest.php (2 métodos),docker compose exec app php artisan test --filter=JobRequestWorkflowTest,docs/academico/qa-final/evidencias/04-phpunit.log; docs/academico/qa-final/evidencias/phpunit-junit.xml,2,2,0,0,APROBADO
CP-004,Registrar aprobación o rechazo del requerimiento,RF-03,CU-03,,Integración / funcional,Alta,AUTOMATIZADA,tests/Feature/JobRequests/JobRequestWorkflowTest.php (1 métodos),docker compose exec app php artisan test --filter=JobRequestWorkflowTest,docs/academico/qa-final/evidencias/04-phpunit.log; docs/academico/qa-final/evidencias/phpunit-junit.xml,1,1,0,0,APROBADO
CP-005,"Reglas complementarias de CrossTenantAccessTest (RF-03, RF-20)",RF-03 RF-20,CU-03 CU-16,,Multitenencia,Alta,AUTOMATIZADA,tests/Feature/Tenancy/CrossTenantAccessTest.php (6 métodos),docker compose exec app php artisan test --filter=CrossTenantAccessTest,docs/academico/qa-final/evidencias/04-phpunit.log; docs/academico/qa-final/evidencias/phpunit-junit.xml,6,6,0,0,APROBADO
CP-006,Notificar rechazo del requerimiento,RF-04,CU-03,,Integración / funcional,Media,AUTOMATIZADA,tests/Feature/JobRequests/JobRequestWorkflowTest.php (2 métodos),docker compose exec app php artisan test --filter=JobRequestWorkflowTest,docs/academico/qa-final/evidencias/04-phpunit.log; docs/academico/qa-final/evidencias/phpunit-junit.xml,2,2,0,0,APROBADO
CP-007,Registrar perfil y criterios del puesto / Configurar y validar vacante,RF-05 RF-06,CU-04 CU-05,,Integración / funcional,Media,AUTOMATIZADA,tests/Feature/Vacancies/VacancyPublicationTest.php (1 métodos),docker compose exec app php artisan test --filter=VacancyPublicationTest,docs/academico/qa-final/evidencias/04-phpunit.log; docs/academico/qa-final/evidencias/phpunit-junit.xml,1,1,0,0,APROBADO
CP-008,Registrar perfil y criterios del puesto,RF-05,CU-04,,Integración / funcional,Media,AUTOMATIZADA,tests/Feature/Vacancies/VacancyPublicationTest.php (1 métodos),docker compose exec app php artisan test --filter=VacancyPublicationTest,docs/academico/qa-final/evidencias/04-phpunit.log; docs/academico/qa-final/evidencias/phpunit-junit.xml,1,1,0,0,APROBADO
CP-009,"Reglas complementarias de VacancyPublicationTest (RF-05, RF-06, RF-07)",RF-05 RF-06 RF-07,CU-04 CU-05 CU-06,,Integración / funcional,Media,AUTOMATIZADA,tests/Feature/Vacancies/VacancyPublicationTest.php (3 métodos),docker compose exec app php artisan test --filter=VacancyPublicationTest,docs/academico/qa-final/evidencias/04-phpunit.log; docs/academico/qa-final/evidencias/phpunit-junit.xml,3,3,0,0,APROBADO
CP-010,Configurar y validar vacante,RF-06,CU-05,,Integración / funcional,Media,AUTOMATIZADA,tests/Feature/Vacancies/VacancyPublicationTest.php (1 métodos),docker compose exec app php artisan test --filter=VacancyPublicationTest,docs/academico/qa-final/evidencias/04-phpunit.log; docs/academico/qa-final/evidencias/phpunit-junit.xml,1,1,0,0,APROBADO
CP-011,Publicar vacante,RF-07,CU-06,,Integración / funcional,Media,AUTOMATIZADA,tests/Feature/Vacancies/VacancyPublicationTest.php (3 métodos),docker compose exec app php artisan test --filter=VacancyPublicationTest,docs/academico/qa-final/evidencias/04-phpunit.log; docs/academico/qa-final/evidencias/phpunit-junit.xml,3,3,0,0,APROBADO
CP-012,Reglas complementarias de AuthenticationTest (RF-08),RF-08,CU-07,,Seguridad básica,Alta,AUTOMATIZADA,tests/Feature/Auth/AuthenticationTest.php (6 métodos),docker compose exec app php artisan test --filter=AuthenticationTest,docs/academico/qa-final/evidencias/04-phpunit.log; docs/academico/qa-final/evidencias/phpunit-junit.xml,6,6,0,0,APROBADO
CP-013,Reglas complementarias de CandidateRegistrationTest (RF-08),RF-08,CU-07,,Seguridad básica,Alta,AUTOMATIZADA,tests/Feature/Auth/CandidateRegistrationTest.php (3 métodos),docker compose exec app php artisan test --filter=CandidateRegistrationTest,docs/academico/qa-final/evidencias/04-phpunit.log; docs/academico/qa-final/evidencias/phpunit-junit.xml,3,3,0,0,APROBADO
CP-014,Reglas complementarias de CandidateProfileTest (RF-09),RF-09,CU-08,,Integración / funcional,Media,AUTOMATIZADA,tests/Feature/Candidates/CandidateProfileTest.php (1 métodos),docker compose exec app php artisan test --filter=CandidateProfileTest,docs/academico/qa-final/evidencias/04-phpunit.log; docs/academico/qa-final/evidencias/phpunit-junit.xml,1,1,0,0,APROBADO
CP-015,Gestionar perfil y CV del postulante,RF-09,CU-08,,Integración / funcional,Media,AUTOMATIZADA,tests/Feature/Candidates/CandidateProfileTest.php (5 métodos),docker compose exec app php artisan test --filter=CandidateProfileTest,docs/academico/qa-final/evidencias/04-phpunit.log; docs/academico/qa-final/evidencias/phpunit-junit.xml,5,5,0,0,APROBADO
CP-016,Registrar postulación / Confirmar postulación al postulante,RF-10 RF-11,CU-09,,Integración / funcional,Media,AUTOMATIZADA,tests/Feature/Applications/ApplyToVacancyTest.php (1 métodos),docker compose exec app php artisan test --filter=ApplyToVacancyTest,docs/academico/qa-final/evidencias/04-phpunit.log; docs/academico/qa-final/evidencias/phpunit-junit.xml,1,1,0,0,APROBADO
CP-017,"Reglas complementarias de ApplyToVacancyTest (RF-10, RF-11)",RF-10 RF-11,CU-09,,Integración / funcional,Media,AUTOMATIZADA,tests/Feature/Applications/ApplyToVacancyTest.php (1 métodos),docker compose exec app php artisan test --filter=ApplyToVacancyTest,docs/academico/qa-final/evidencias/04-phpunit.log; docs/academico/qa-final/evidencias/phpunit-junit.xml,1,1,0,0,APROBADO
CP-018,Registrar postulación,RF-10,CU-09,,Integración / funcional,Media,AUTOMATIZADA,tests/Feature/Applications/ApplyToVacancyTest.php (4 métodos),docker compose exec app php artisan test --filter=ApplyToVacancyTest,docs/academico/qa-final/evidencias/04-phpunit.log; docs/academico/qa-final/evidencias/phpunit-junit.xml,4,4,0,0,APROBADO
CP-019,Consultar y revisar postulaciones,RF-12,CU-10,,Integración / funcional,Media,AUTOMATIZADA,tests/Feature/Applications/ApplicationReviewTest.php (2 métodos),docker compose exec app php artisan test --filter=ApplicationReviewTest,docs/academico/qa-final/evidencias/04-phpunit.log; docs/academico/qa-final/evidencias/phpunit-junit.xml,2,2,0,0,APROBADO
CP-020,"Reglas complementarias de ApplicationReviewTest (RF-12, RF-13, RF-14, RF-15)",RF-12 RF-13 RF-14 RF-15,CU-10 CU-11 CU-12,,Integración / funcional,Media,AUTOMATIZADA,tests/Feature/Applications/ApplicationReviewTest.php (3 métodos),docker compose exec app php artisan test --filter=ApplicationReviewTest,docs/academico/qa-final/evidencias/04-phpunit.log; docs/academico/qa-final/evidencias/phpunit-junit.xml,3,3,0,0,APROBADO
CP-021,Registrar preselección o descarte / Notificar cambio de etapa al candidato,RF-13 RF-15,CU-11 CU-12,,Integración / funcional,Media,AUTOMATIZADA,tests/Feature/Applications/ApplicationReviewTest.php (1 métodos),docker compose exec app php artisan test --filter=ApplicationReviewTest,docs/academico/qa-final/evidencias/04-phpunit.log; docs/academico/qa-final/evidencias/phpunit-junit.xml,1,1,0,0,APROBADO
CP-022,Registrar preselección o descarte,RF-13,CU-11,,Integración / funcional,Media,AUTOMATIZADA,tests/Feature/Applications/ApplicationReviewTest.php (1 métodos),docker compose exec app php artisan test --filter=ApplicationReviewTest,docs/academico/qa-final/evidencias/04-phpunit.log; docs/academico/qa-final/evidencias/phpunit-junit.xml,1,1,0,0,APROBADO
CP-023,Gestionar cambio de etapa de la postulación,RF-14,CU-12,,Integración / funcional,Media,AUTOMATIZADA,tests/Feature/Applications/ApplicationReviewTest.php (3 métodos),docker compose exec app php artisan test --filter=ApplicationReviewTest,docs/academico/qa-final/evidencias/04-phpunit.log; docs/academico/qa-final/evidencias/phpunit-junit.xml,3,3,0,0,APROBADO
CP-024,"Reglas complementarias de ApplicationStatusTest (RF-14, RF-25)",RF-14 RF-25,CU-12 CU-20,,Unitaria,Alta,AUTOMATIZADA,tests/Unit/Enums/ApplicationStatusTest.php (3 métodos),docker compose exec app php artisan test --filter=ApplicationStatusTest,docs/academico/qa-final/evidencias/04-phpunit.log; docs/academico/qa-final/evidencias/phpunit-junit.xml,21,21,0,0,APROBADO
CP-025,Programar evaluación / Generar convocatoria de evaluación,RF-16 RF-17,CU-13,,Integración / funcional,Media,AUTOMATIZADA,tests/Feature/Assessments/EvaluationTest.php (1 métodos),docker compose exec app php artisan test --filter=EvaluationTest,docs/academico/qa-final/evidencias/04-phpunit.log; docs/academico/qa-final/evidencias/phpunit-junit.xml,1,1,0,0,APROBADO
CP-026,Programar evaluación,RF-16,CU-13,,Integración / funcional,Media,AUTOMATIZADA,tests/Feature/Assessments/EvaluationTest.php (4 métodos),docker compose exec app php artisan test --filter=EvaluationTest,docs/academico/qa-final/evidencias/04-phpunit.log; docs/academico/qa-final/evidencias/phpunit-junit.xml,4,4,0,0,APROBADO
CP-027,"Reglas complementarias de EvaluationTest (RF-16, RF-17, RF-19, RF-20)",RF-16 RF-17 RF-19 RF-20,CU-13 CU-15 CU-16,,Integración / funcional,Media,AUTOMATIZADA,tests/Feature/Assessments/EvaluationTest.php (6 métodos),docker compose exec app php artisan test --filter=EvaluationTest,docs/academico/qa-final/evidencias/04-phpunit.log; docs/academico/qa-final/evidencias/phpunit-junit.xml,6,6,0,0,APROBADO
CP-028,"Reglas complementarias de InterviewTest (RF-17, RF-18, RF-19, RF-20)",RF-17 RF-18 RF-19 RF-20,CU-13 CU-14 CU-15 CU-16,,Integración / funcional,Media,AUTOMATIZADA,tests/Feature/Assessments/InterviewTest.php (2 métodos),docker compose exec app php artisan test --filter=InterviewTest,docs/academico/qa-final/evidencias/04-phpunit.log; docs/academico/qa-final/evidencias/phpunit-junit.xml,2,2,0,0,APROBADO
CP-029,Programar entrevista,RF-18,CU-14,,Integración / funcional,Media,AUTOMATIZADA,tests/Feature/Assessments/InterviewTest.php (2 métodos),docker compose exec app php artisan test --filter=InterviewTest,docs/academico/qa-final/evidencias/04-phpunit.log; docs/academico/qa-final/evidencias/phpunit-junit.xml,2,2,0,0,APROBADO
CP-030,Registrar entrevista y su resultado,RF-19,CU-15,,Integración / funcional,Media,AUTOMATIZADA,tests/Feature/Assessments/InterviewTest.php (2 métodos),docker compose exec app php artisan test --filter=InterviewTest,docs/academico/qa-final/evidencias/04-phpunit.log; docs/academico/qa-final/evidencias/phpunit-junit.xml,2,2,0,0,APROBADO
CP-031,Validar rangos y ponderaciones,RF-20,CU-16,,Integración / funcional,Media,AUTOMATIZADA,tests/Feature/Assessments/EvaluationTest.php (1 métodos),docker compose exec app php artisan test --filter=EvaluationTest,docs/academico/qa-final/evidencias/04-phpunit.log; docs/academico/qa-final/evidencias/phpunit-junit.xml,1,1,0,0,APROBADO
CP-032,Validar rangos y ponderaciones,RF-20,CU-16,,Integración / funcional,Media,AUTOMATIZADA,tests/Feature/Assessments/InterviewTest.php (1 métodos),docker compose exec app php artisan test --filter=InterviewTest,docs/academico/qa-final/evidencias/04-phpunit.log; docs/academico/qa-final/evidencias/phpunit-junit.xml,1,1,0,0,APROBADO
CP-033,Validar rangos y ponderaciones,RF-20,CU-16,,Integración / funcional,Media,AUTOMATIZADA,tests/Feature/Selection/RankingComparisonTest.php (1 métodos),docker compose exec app php artisan test --filter=RankingComparisonTest,docs/academico/qa-final/evidencias/04-phpunit.log; docs/academico/qa-final/evidencias/phpunit-junit.xml,1,1,0,0,APROBADO
CP-034,Validar rangos y ponderaciones,RF-20,CU-16,,Multitenencia,Alta,AUTOMATIZADA,tests/Feature/Tenancy/CrossTenantAccessTest.php (1 métodos),docker compose exec app php artisan test --filter=CrossTenantAccessTest,docs/academico/qa-final/evidencias/04-phpunit.log; docs/academico/qa-final/evidencias/phpunit-junit.xml,1,1,0,0,APROBADO
CP-035,Reglas complementarias de ScoreSheetValidatorTest (RF-20),RF-20,CU-16,,Unitaria,Media,AUTOMATIZADA,tests/Unit/Assessments/ScoreSheetValidatorTest.php (5 métodos),docker compose exec app php artisan test --filter=ScoreSheetValidatorTest,docs/academico/qa-final/evidencias/04-phpunit.log; docs/academico/qa-final/evidencias/phpunit-junit.xml,5,5,0,0,APROBADO
CP-036,Reglas complementarias de WeightingValidatorTest (RF-20),RF-20,CU-16,,Unitaria,Media,AUTOMATIZADA,tests/Unit/Evaluation/WeightingValidatorTest.php (8 métodos),docker compose exec app php artisan test --filter=WeightingValidatorTest,docs/academico/qa-final/evidencias/04-phpunit.log; docs/academico/qa-final/evidencias/phpunit-junit.xml,8,8,0,0,APROBADO
CP-037,Validar rangos y ponderaciones,RF-20,CU-16,,Unitaria,Media,AUTOMATIZADA,tests/Unit/Ranking/RankingServiceTest.php (5 métodos),docker compose exec app php artisan test --filter=RankingServiceTest,docs/academico/qa-final/evidencias/04-phpunit.log; docs/academico/qa-final/evidencias/phpunit-junit.xml,5,5,0,0,APROBADO
CP-038,Calcular ranking configurable / Presentar comparación de candidatos,RF-21 RF-22,CU-17,,Integración / funcional,Alta,AUTOMATIZADA,tests/Feature/Selection/RankingComparisonTest.php (1 métodos),docker compose exec app php artisan test --filter=RankingComparisonTest,docs/academico/qa-final/evidencias/04-phpunit.log; docs/academico/qa-final/evidencias/phpunit-junit.xml,1,1,0,0,APROBADO
CP-039,Calcular ranking configurable,RF-21,CU-17,,Integración / funcional,Alta,AUTOMATIZADA,tests/Feature/Selection/RankingComparisonTest.php (3 métodos),docker compose exec app php artisan test --filter=RankingComparisonTest,docs/academico/qa-final/evidencias/04-phpunit.log; docs/academico/qa-final/evidencias/phpunit-junit.xml,3,3,0,0,APROBADO
CP-040,Calcular ranking configurable,RF-21,CU-17,,Unitaria,Alta,AUTOMATIZADA,tests/Unit/Ranking/RankingServiceTest.php (9 métodos),docker compose exec app php artisan test --filter=RankingServiceTest,docs/academico/qa-final/evidencias/04-phpunit.log; docs/academico/qa-final/evidencias/phpunit-junit.xml,9,9,0,0,APROBADO
CP-041,Presentar comparación de candidatos,RF-22,CU-17,,Integración / funcional,Alta,AUTOMATIZADA,tests/Feature/Selection/RankingComparisonTest.php (2 métodos),docker compose exec app php artisan test --filter=RankingComparisonTest,docs/academico/qa-final/evidencias/04-phpunit.log; docs/academico/qa-final/evidencias/phpunit-junit.xml,2,2,0,0,APROBADO
CP-042,Registrar decisión final de selección,RF-23,CU-18,,Integración / funcional,Alta,AUTOMATIZADA,tests/Feature/Selection/FinalDecisionTest.php (10 métodos),docker compose exec app php artisan test --filter=FinalDecisionTest,docs/academico/qa-final/evidencias/04-phpunit.log; docs/academico/qa-final/evidencias/phpunit-junit.xml,10,10,0,0,APROBADO
CP-043,Registrar decisión final de selección,RF-23,CU-18,,Integración / funcional,Alta,AUTOMATIZADA,tests/Feature/Selection/RankingComparisonTest.php (1 métodos),docker compose exec app php artisan test --filter=RankingComparisonTest,docs/academico/qa-final/evidencias/04-phpunit.log; docs/academico/qa-final/evidencias/phpunit-junit.xml,1,1,0,0,APROBADO
CP-044,Registrar selección del candidato,RF-24,CU-19,,Integración / funcional,Alta,AUTOMATIZADA,tests/Feature/Selection/SelectionRegistrationTest.php (7 métodos),docker compose exec app php artisan test --filter=SelectionRegistrationTest,docs/academico/qa-final/evidencias/04-phpunit.log; docs/academico/qa-final/evidencias/phpunit-junit.xml,7,7,0,0,APROBADO
CP-045,Cerrar vacante o convocatoria,RF-25,CU-20,,Integración / funcional,Alta,AUTOMATIZADA,tests/Feature/Selection/VacancyClosureTest.php (5 métodos),docker compose exec app php artisan test --filter=VacancyClosureTest,docs/academico/qa-final/evidencias/04-phpunit.log; docs/academico/qa-final/evidencias/phpunit-junit.xml,5,5,0,0,APROBADO
CP-046,Notificar resultado y cierre al postulante / Generar registro de auditoría,RF-26 RF-27,CU-20,,Integración / funcional,Alta,AUTOMATIZADA,tests/Feature/Notifications/ProcessResultNotificationTest.php (1 métodos),docker compose exec app php artisan test --filter=ProcessResultNotificationTest,docs/academico/qa-final/evidencias/04-phpunit.log; docs/academico/qa-final/evidencias/phpunit-junit.xml,1,1,0,0,APROBADO
CP-047,Notificar resultado y cierre al postulante,RF-26,CU-20,,Integración / funcional,Media,AUTOMATIZADA,tests/Feature/Notifications/ProcessResultNotificationTest.php (7 métodos),docker compose exec app php artisan test --filter=ProcessResultNotificationTest,docs/academico/qa-final/evidencias/04-phpunit.log; docs/academico/qa-final/evidencias/phpunit-junit.xml,7,7,0,0,APROBADO
CP-048,Generar registro de auditoría,RF-27,,,Integración / funcional,Alta,AUTOMATIZADA,tests/Feature/Audit/AuditLogViewTest.php (7 métodos),docker compose exec app php artisan test --filter=AuditLogViewTest,docs/academico/qa-final/evidencias/04-phpunit.log; docs/academico/qa-final/evidencias/phpunit-junit.xml,7,7,0,0,APROBADO
CP-049,Reglas complementarias de AuditLoggerTest (RF-27),RF-27,,,Integración / funcional,Alta,AUTOMATIZADA,tests/Feature/Audit/AuditLoggerTest.php (4 métodos),docker compose exec app php artisan test --filter=AuditLoggerTest,docs/academico/qa-final/evidencias/04-phpunit.log; docs/academico/qa-final/evidencias/phpunit-junit.xml,4,4,0,0,APROBADO
CP-050,Generar registro de auditoría,RF-27,,,Integración / funcional,Alta,AUTOMATIZADA,tests/Feature/Audit/AuditTrailTest.php (5 métodos),docker compose exec app php artisan test --filter=AuditTrailTest,docs/academico/qa-final/evidencias/04-phpunit.log; docs/academico/qa-final/evidencias/phpunit-junit.xml,5,5,0,0,APROBADO
CP-051,Reglas complementarias de OrganizationScopeTest (RF-27),RF-27,,,Multitenencia,Alta,AUTOMATIZADA,tests/Feature/Tenancy/OrganizationScopeTest.php (4 métodos),docker compose exec app php artisan test --filter=OrganizationScopeTest,docs/academico/qa-final/evidencias/04-phpunit.log; docs/academico/qa-final/evidencias/phpunit-junit.xml,4,4,0,0,APROBADO
CP-052,Transversal — DashboardTest,,,Transversal,Integración / funcional,Baja,AUTOMATIZADA,tests/Feature/DashboardTest.php (2 métodos),docker compose exec app php artisan test --filter=DashboardTest,docs/academico/qa-final/evidencias/04-phpunit.log; docs/academico/qa-final/evidencias/phpunit-junit.xml,2,2,0,0,APROBADO
CP-053,RF-29 (EXPERIMENTAL / PROPUESTO) — MlCrossTenantValidationTest,,,RF-29 (EXPERIMENTAL / PROPUESTO),ML experimental,Media,AUTOMATIZADA,tests/Feature/Ml/MlCrossTenantValidationTest.php (10 métodos),docker compose exec app php artisan test --filter=MlCrossTenantValidationTest,docs/academico/qa-final/evidencias/04-phpunit.log; docs/academico/qa-final/evidencias/phpunit-junit.xml,10,10,0,0,APROBADO
CP-054,RF-29 (EXPERIMENTAL / PROPUESTO) — MlRiskClientTest,,,RF-29 (EXPERIMENTAL / PROPUESTO),ML experimental,Media,AUTOMATIZADA,tests/Feature/Ml/MlRiskClientTest.php (34 métodos),docker compose exec app php artisan test --filter=MlRiskClientTest,docs/academico/qa-final/evidencias/04-phpunit.log; docs/academico/qa-final/evidencias/phpunit-junit.xml,64,64,0,0,APROBADO
CP-055,RF-29 (EXPERIMENTAL / PROPUESTO) — OperationalRiskAuthorizationTest,,,RF-29 (EXPERIMENTAL / PROPUESTO),ML experimental,Media,AUTOMATIZADA,tests/Feature/Ml/OperationalRiskAuthorizationTest.php (9 métodos),docker compose exec app php artisan test --filter=OperationalRiskAuthorizationTest,docs/academico/qa-final/evidencias/04-phpunit.log; docs/academico/qa-final/evidencias/phpunit-junit.xml,11,11,0,0,APROBADO
CP-056,RF-29 (EXPERIMENTAL / PROPUESTO) — OperationalRiskCheckpointTest,,,RF-29 (EXPERIMENTAL / PROPUESTO),ML experimental,Media,AUTOMATIZADA,tests/Feature/Ml/OperationalRiskCheckpointTest.php (21 métodos),docker compose exec app php artisan test --filter=OperationalRiskCheckpointTest,docs/academico/qa-final/evidencias/04-phpunit.log; docs/academico/qa-final/evidencias/phpunit-junit.xml,21,21,0,0,APROBADO
CP-057,RF-29 (EXPERIMENTAL / PROPUESTO) — OperationalRiskFeatureBuilderTest,,,RF-29 (EXPERIMENTAL / PROPUESTO),ML experimental,Media,AUTOMATIZADA,tests/Feature/Ml/OperationalRiskFeatureBuilderTest.php (19 métodos),docker compose exec app php artisan test --filter=OperationalRiskFeatureBuilderTest,docs/academico/qa-final/evidencias/04-phpunit.log; docs/academico/qa-final/evidencias/phpunit-junit.xml,19,19,0,0,APROBADO
CP-058,RF-29 (EXPERIMENTAL / PROPUESTO) — OperationalRiskServiceTest,,,RF-29 (EXPERIMENTAL / PROPUESTO),ML experimental,Media,AUTOMATIZADA,tests/Feature/Ml/OperationalRiskServiceTest.php (19 métodos),docker compose exec app php artisan test --filter=OperationalRiskServiceTest,docs/academico/qa-final/evidencias/04-phpunit.log; docs/academico/qa-final/evidencias/phpunit-junit.xml,19,19,0,0,APROBADO
CP-059,RF-29 (EXPERIMENTAL / PROPUESTO) — TargetCompletionTest,,,RF-29 (EXPERIMENTAL / PROPUESTO),ML experimental,Media,AUTOMATIZADA,tests/Feature/Ml/TargetCompletionTest.php (16 métodos),docker compose exec app php artisan test --filter=TargetCompletionTest,docs/academico/qa-final/evidencias/04-phpunit.log; docs/academico/qa-final/evidencias/phpunit-junit.xml,16,16,0,0,APROBADO
CP-060,RF-29 (EXPERIMENTAL / PROPUESTO) — VacancyOperationalRiskRouteTest,,,RF-29 (EXPERIMENTAL / PROPUESTO),ML experimental,Media,AUTOMATIZADA,tests/Feature/Ml/VacancyOperationalRiskRouteTest.php (12 métodos),docker compose exec app php artisan test --filter=VacancyOperationalRiskRouteTest,docs/academico/qa-final/evidencias/04-phpunit.log; docs/academico/qa-final/evidencias/phpunit-junit.xml,12,12,0,0,APROBADO
CP-061,Prueba de humo del starter kit — ExampleTest,,,Prueba de humo del starter kit,Regresión,Media,AUTOMATIZADA,tests/Feature/ExampleTest.php (1 métodos),docker compose exec app php artisan test --filter=ExampleTest,docs/academico/qa-final/evidencias/04-phpunit.log; docs/academico/qa-final/evidencias/phpunit-junit.xml,1,1,0,0,APROBADO
CP-062,Regresión de DEF-09 (zona horaria) — AppTimezoneTest,,,Regresión de DEF-09 (zona horaria),Regresión,Media,AUTOMATIZADA,tests/Feature/Frontend/AppTimezoneTest.php (2 métodos),docker compose exec app php artisan test --filter=AppTimezoneTest,docs/academico/qa-final/evidencias/04-phpunit.log; docs/academico/qa-final/evidencias/phpunit-junit.xml,2,2,0,0,APROBADO
CP-063,Prueba de humo del starter kit — ExampleTest,,,Prueba de humo del starter kit,Regresión,Media,AUTOMATIZADA,tests/Unit/ExampleTest.php (1 métodos),docker compose exec app php artisan test --filter=ExampleTest,docs/academico/qa-final/evidencias/04-phpunit.log; docs/academico/qa-final/evidencias/phpunit-junit.xml,1,1,0,0,APROBADO
CP-064,RNF-01 — EmailVerificationTest,,,RNF-01,Seguridad básica,Alta,AUTOMATIZADA,tests/Feature/Auth/EmailVerificationTest.php (6 métodos),docker compose exec app php artisan test --filter=EmailVerificationTest,docs/academico/qa-final/evidencias/04-phpunit.log; docs/academico/qa-final/evidencias/phpunit-junit.xml,6,0,0,6,OMITIDO (función del starter kit desactivada)
CP-065,RNF-01 — PasswordConfirmationTest,,,RNF-01,Seguridad básica,Alta,AUTOMATIZADA,tests/Feature/Auth/PasswordConfirmationTest.php (2 métodos),docker compose exec app php artisan test --filter=PasswordConfirmationTest,docs/academico/qa-final/evidencias/04-phpunit.log; docs/academico/qa-final/evidencias/phpunit-junit.xml,2,2,0,0,APROBADO
CP-066,RNF-01 — PasswordResetTest,,,RNF-01,Seguridad básica,Alta,AUTOMATIZADA,tests/Feature/Auth/PasswordResetTest.php (5 métodos),docker compose exec app php artisan test --filter=PasswordResetTest,docs/academico/qa-final/evidencias/04-phpunit.log; docs/academico/qa-final/evidencias/phpunit-junit.xml,5,5,0,0,APROBADO
CP-067,RNF-01 — RegistrationTest,,,RNF-01,Seguridad básica,Alta,AUTOMATIZADA,tests/Feature/Auth/RegistrationTest.php (2 métodos),docker compose exec app php artisan test --filter=RegistrationTest,docs/academico/qa-final/evidencias/04-phpunit.log; docs/academico/qa-final/evidencias/phpunit-junit.xml,2,2,0,0,APROBADO
CP-068,RNF-01 — RoleMiddlewareTest,,,RNF-01,Seguridad básica,Alta,AUTOMATIZADA,tests/Feature/Auth/RoleMiddlewareTest.php (3 métodos),docker compose exec app php artisan test --filter=RoleMiddlewareTest,docs/academico/qa-final/evidencias/04-phpunit.log; docs/academico/qa-final/evidencias/phpunit-junit.xml,3,3,0,0,APROBADO
CP-069,RNF-01 — TwoFactorChallengeTest,,,RNF-01,Seguridad básica,Alta,AUTOMATIZADA,tests/Feature/Auth/TwoFactorChallengeTest.php (2 métodos),docker compose exec app php artisan test --filter=TwoFactorChallengeTest,docs/academico/qa-final/evidencias/04-phpunit.log; docs/academico/qa-final/evidencias/phpunit-junit.xml,2,2,0,0,APROBADO
CP-070,RNF-01 — VerificationNotificationTest,,,RNF-01,Seguridad básica,Alta,AUTOMATIZADA,tests/Feature/Auth/VerificationNotificationTest.php (2 métodos),docker compose exec app php artisan test --filter=VerificationNotificationTest,docs/academico/qa-final/evidencias/04-phpunit.log; docs/academico/qa-final/evidencias/phpunit-junit.xml,2,0,0,2,OMITIDO (función del starter kit desactivada)
CP-071,RNF-01 — NumericRouteParametersTest,,,RNF-01,Seguridad básica,Alta,AUTOMATIZADA,tests/Feature/Routing/NumericRouteParametersTest.php (2 métodos),docker compose exec app php artisan test --filter=NumericRouteParametersTest,docs/academico/qa-final/evidencias/04-phpunit.log; docs/academico/qa-final/evidencias/phpunit-junit.xml,2,2,0,0,APROBADO
CP-072,RNF-01 — ProfileUpdateTest,,,RNF-01,Seguridad básica,Alta,AUTOMATIZADA,tests/Feature/Settings/ProfileUpdateTest.php (5 métodos),docker compose exec app php artisan test --filter=ProfileUpdateTest,docs/academico/qa-final/evidencias/04-phpunit.log; docs/academico/qa-final/evidencias/phpunit-junit.xml,5,5,0,0,APROBADO
CP-073,RNF-01 — SecurityTest,,,RNF-01,Seguridad básica,Alta,AUTOMATIZADA,tests/Feature/Settings/SecurityTest.php (5 métodos),docker compose exec app php artisan test --filter=SecurityTest,docs/academico/qa-final/evidencias/04-phpunit.log; docs/academico/qa-final/evidencias/phpunit-junit.xml,5,5,0,0,APROBADO
CP-074,RNF-01; regresión de DEF-13 — E2eEnvironmentTest,,,RNF-01; regresión de DEF-13,Seguridad básica,Alta,AUTOMATIZADA,tests/Feature/Testing/E2eEnvironmentTest.php (2 métodos),docker compose exec app php artisan test --filter=E2eEnvironmentTest,docs/academico/qa-final/evidencias/04-phpunit.log; docs/academico/qa-final/evidencias/phpunit-junit.xml,2,2,0,0,APROBADO
CP-075,RNF-01; regresión de DEF-13 — E2eSupportTest,,,RNF-01; regresión de DEF-13,Seguridad básica,Alta,AUTOMATIZADA,tests/Feature/Testing/E2eSupportTest.php (9 métodos),docker compose exec app php artisan test --filter=E2eSupportTest,docs/academico/qa-final/evidencias/04-phpunit.log; docs/academico/qa-final/evidencias/phpunit-junit.xml,9,9,0,0,APROBADO
CP-076,Transversal — JobRequestStatusTest,,,Transversal,Unitaria,Media,AUTOMATIZADA,tests/Unit/Enums/JobRequestStatusTest.php (3 métodos),docker compose exec app php artisan test --filter=JobRequestStatusTest,docs/academico/qa-final/evidencias/04-phpunit.log; docs/academico/qa-final/evidencias/phpunit-junit.xml,13,13,0,0,APROBADO
CP-077,E2E-00 · Soporte · fechas en la zona horaria de la aplicación,,,Regresión de DEF-12 (fechas en la zona horaria de la aplicación),Regresión,Media,AUTOMATIZADA,cypress/e2e/e2e-00-app-dates.cy.js,npm run cy:run -- --spec cypress/e2e/e2e-00-app-dates.cy.js,docs/academico/qa-final/evidencias/09-cypress.log,3,3,0,0,APROBADO
CP-078,E2E-01 · E2E-01 · Inicio de sesión por rol,RF-08,CU-07,,UI / E2E,Media,AUTOMATIZADA,cypress/e2e/e2e-01-login.cy.js,npm run cy:run -- --spec cypress/e2e/e2e-01-login.cy.js,docs/academico/qa-final/evidencias/09-cypress.log,6,6,0,0,APROBADO
CP-079,E2E-02 · E2E-02 · El área solicitante registra un requerimiento (RF-01),RF-01 RF-02,CU-01 CU-02,,UI / E2E,Media,AUTOMATIZADA,cypress/e2e/e2e-02-register-job-request.cy.js,npm run cy:run -- --spec cypress/e2e/e2e-02-register-job-request.cy.js,docs/academico/qa-final/evidencias/09-cypress.log,2,2,0,0,APROBADO
CP-080,"E2E-03 · E2E-03 · El aprobador decide un requerimiento validado (RF-03, RF-04)",RF-03 RF-04,CU-03,,UI / E2E,Alta,AUTOMATIZADA,cypress/e2e/e2e-03-approve-job-request.cy.js,npm run cy:run -- --spec cypress/e2e/e2e-03-approve-job-request.cy.js,docs/academico/qa-final/evidencias/09-cypress.log,2,2,0,0,APROBADO
CP-081,E2E-04 · E2E-04 · RR. HH. configura y publica una vacante (RF-05 a RF-07),RF-05 RF-06 RF-07 RF-20,CU-04 CU-05 CU-06 CU-16,,UI / E2E,Media,AUTOMATIZADA,cypress/e2e/e2e-04-configure-publish-vacancy.cy.js,npm run cy:run -- --spec cypress/e2e/e2e-04-configure-publish-vacancy.cy.js,docs/academico/qa-final/evidencias/09-cypress.log,2,2,0,0,APROBADO
CP-082,E2E-05 · E2E-05 · El postulante completa su perfil y postula (RF-08 a RF-11),RF-08 RF-09 RF-10 RF-11,CU-07 CU-08 CU-09,,UI / E2E,Media,AUTOMATIZADA,cypress/e2e/e2e-05-candidate-apply.cy.js,npm run cy:run -- --spec cypress/e2e/e2e-05-candidate-apply.cy.js,docs/academico/qa-final/evidencias/09-cypress.log,1,1,0,0,APROBADO
CP-083,E2E-06 · E2E-06 · RR. HH. preselecciona a un candidato (RF-12 a RF-15),RF-12 RF-13 RF-14 RF-15,CU-10 CU-11 CU-12,,UI / E2E,Media,AUTOMATIZADA,cypress/e2e/e2e-06-shortlist-candidate.cy.js,npm run cy:run -- --spec cypress/e2e/e2e-06-shortlist-candidate.cy.js,docs/academico/qa-final/evidencias/09-cypress.log,2,2,0,0,APROBADO
CP-084,"E2E-07 · E2E-07 · El evaluador registra resultados (RF-19, RF-20)",RF-19 RF-20,CU-15 CU-16,,UI / E2E,Media,AUTOMATIZADA,cypress/e2e/e2e-07-evaluator-records-results.cy.js,npm run cy:run -- --spec cypress/e2e/e2e-07-evaluator-records-results.cy.js,docs/academico/qa-final/evidencias/09-cypress.log,1,1,0,0,APROBADO
CP-085,"E2E-08 · E2E-08 · RR. HH. consulta la comparación y el ranking (RF-21, RF-22)",RF-21 RF-22,CU-17,,UI / E2E,Alta,AUTOMATIZADA,cypress/e2e/e2e-08-comparison-ranking.cy.js,npm run cy:run -- --spec cypress/e2e/e2e-08-comparison-ranking.cy.js,docs/academico/qa-final/evidencias/09-cypress.log,1,1,0,0,APROBADO
CP-086,E2E-09 · E2E-09 · El aprobador registra la decisión final humana (RF-23),RF-23,CU-18,,UI / E2E,Alta,AUTOMATIZADA,cypress/e2e/e2e-09-human-final-decision.cy.js,npm run cy:run -- --spec cypress/e2e/e2e-09-human-final-decision.cy.js,docs/academico/qa-final/evidencias/09-cypress.log,2,2,0,0,APROBADO
CP-087,E2E-10 · E2E-10 · RR. HH. registra la selección y cierra el proceso (RF-24 a RF-26),RF-24 RF-25 RF-26,CU-19 CU-20,,UI / E2E,Alta,AUTOMATIZADA,cypress/e2e/e2e-10-selection-and-closure.cy.js,npm run cy:run -- --spec cypress/e2e/e2e-10-selection-and-closure.cy.js,docs/academico/qa-final/evidencias/09-cypress.log,1,1,0,0,APROBADO
CP-088,E2E-11 · Multitenancy · aislamiento entre organizaciones,RF-27,,RNF-02,Multitenencia,Alta,AUTOMATIZADA,cypress/e2e/e2e-11-multitenancy.cy.js,npm run cy:run -- --spec cypress/e2e/e2e-11-multitenancy.cy.js,docs/academico/qa-final/evidencias/09-cypress.log,4,4,0,0,APROBADO
CP-089,E2E-12 · Negativos · permisos y reglas del proceso,RF-10 RF-23 RF-24 RF-25,CU-09 CU-18 CU-19 CU-20,RNF-01,Seguridad básica,Alta,AUTOMATIZADA,cypress/e2e/e2e-12-negative-rules.cy.js,npm run cy:run -- --spec cypress/e2e/e2e-12-negative-rules.cy.js,docs/academico/qa-final/evidencias/09-cypress.log,4,4,0,0,APROBADO
CP-090,E2E-13 · Flujo integral · de requerimiento a auditoría,RF-01 RF-02 RF-03 RF-05 RF-07 RF-09 RF-10 RF-14 RF-16 RF-17 RF-18 RF-19 RF-21 RF-23 RF-24 RF-25 RF-26 RF-27,CU-01 CU-02 CU-03 CU-04 CU-06 CU-08 CU-09 CU-12 CU-13 CU-14 CU-15 CU-17 CU-18 CU-19 CU-20,,Aceptación (flujo completo),Alta,AUTOMATIZADA,cypress/e2e/e2e-13-full-recruitment-flow.cy.js,npm run cy:run -- --spec cypress/e2e/e2e-13-full-recruitment-flow.cy.js,docs/academico/qa-final/evidencias/09-cypress.log,12,12,0,0,APROBADO
CP-091,E2E-14 · E2E-14 · RR. HH. captura el plazo objetivo del proceso (GAP-01),,,RF-29 (EXPERIMENTAL / PROPUESTO),ML experimental,Media,AUTOMATIZADA,cypress/e2e/e2e-14-target-completion-form.cy.js,npm run cy:run -- --spec cypress/e2e/e2e-14-target-completion-form.cy.js,docs/academico/qa-final/evidencias/09-cypress.log,4,4,0,0,APROBADO
CP-092,"E2E-15 · E2E-15 · Panel de riesgo operacional (RF-29, experimental)",,,RF-29 (EXPERIMENTAL / PROPUESTO),ML experimental,Media,AUTOMATIZADA,cypress/e2e/e2e-15-operational-risk-panel.cy.js,npm run cy:run -- --spec cypress/e2e/e2e-15-operational-risk-panel.cy.js,docs/academico/qa-final/evidencias/09-cypress.log,8,8,0,0,APROBADO
CP-093,E2E-16 · E2E-16 · La tabla de expedientes conserva su semántica en móvil,,,RNF-05 (usabilidad y accesibilidad),UI / E2E (accesibilidad),Baja,AUTOMATIZADA,cypress/e2e/e2e-16-tabla-accesible-movil.cy.js,npm run cy:run -- --spec cypress/e2e/e2e-16-tabla-accesible-movil.cy.js,docs/academico/qa-final/evidencias/09-cypress.log,7,7,0,0,APROBADO
CP-094,E2E-17 · E2E-17 · El movimiento respeta el teclado y a quien lo reduce,,,RNF-05 (usabilidad y accesibilidad),UI / E2E (accesibilidad),Baja,AUTOMATIZADA,cypress/e2e/e2e-17-motion-accesible.cy.js,npm run cy:run -- --spec cypress/e2e/e2e-17-motion-accesible.cy.js,docs/academico/qa-final/evidencias/09-cypress.log,8,8,0,0,APROBADO
CP-095,E2E-18 · E2E-18 · La profundidad de la portada es opcional y nunca estorba,,,RNF-05 (usabilidad y accesibilidad),UI / E2E (accesibilidad),Baja,AUTOMATIZADA,cypress/e2e/e2e-18-profundidad-portada.cy.js,npm run cy:run -- --spec cypress/e2e/e2e-18-profundidad-portada.cy.js,docs/academico/qa-final/evidencias/09-cypress.log,8,8,0,0,APROBADO
CP-096,E2E-19 · E2E-19 · QA visual y accesibilidad de la Fase 21,,,RNF-05 (usabilidad y accesibilidad),UI / E2E (accesibilidad),Baja,AUTOMATIZADA,cypress/e2e/e2e-19-qa-visual-accesible.cy.js,npm run cy:run -- --spec cypress/e2e/e2e-19-qa-visual-accesible.cy.js,docs/academico/qa-final/evidencias/09-cypress.log,7,7,0,0,APROBADO
CP-097,Componente de interfaz «data-table»,,,RNF-05 (usabilidad),UI / componentes,Baja,AUTOMATIZADA,resources/js/components/data-table.test.tsx,docker compose exec app npx vp test --run,docs/academico/qa-final/evidencias/07-vitest.log,7,7,0,0,APROBADO
CP-098,Componente de interfaz «experience-3d»,,,RNF-05 (usabilidad),UI / componentes,Baja,AUTOMATIZADA,resources/js/components/experience-3d/experience-3d.test.tsx,docker compose exec app npx vp test --run,docs/academico/qa-final/evidencias/07-vitest.log,13,13,0,0,APROBADO
CP-099,Componente de interfaz «form-controls»,,,RNF-05 (usabilidad),UI / componentes,Baja,AUTOMATIZADA,resources/js/components/form-controls.test.tsx,docker compose exec app npx vp test --run,docs/academico/qa-final/evidencias/07-vitest.log,8,8,0,0,APROBADO
CP-100,Componente de interfaz «motion»,,,RNF-05 (usabilidad),UI / componentes,Baja,AUTOMATIZADA,resources/js/components/motion.test.tsx,docker compose exec app npx vp test --run,docs/academico/qa-final/evidencias/07-vitest.log,5,5,0,0,APROBADO
CP-101,Componente de interfaz «password-input»,,,RNF-05 (usabilidad),UI / componentes,Baja,AUTOMATIZADA,resources/js/components/password-input.test.tsx,docker compose exec app npx vp test --run,docs/academico/qa-final/evidencias/07-vitest.log,3,3,0,0,APROBADO
CP-102,Componente de interfaz «visual-qa»,,,RNF-05 (usabilidad),UI / componentes,Baja,AUTOMATIZADA,resources/js/components/visual-qa.test.tsx,docker compose exec app npx vp test --run,docs/academico/qa-final/evidencias/07-vitest.log,6,6,0,0,APROBADO
CP-103,Servicio ML: ablation,,,RF-29 (EXPERIMENTAL / PROPUESTO),ML experimental,Media,AUTOMATIZADA,ml-service/tests/test_ablation.py,cd ml-service && .venv/Scripts/python.exe -m pytest tests/test_ablation.py,docs/academico/qa-final/evidencias/08b-pytest.log; docs/academico/qa-final/evidencias/pytest-junit.xml,9,9,0,0,APROBADO
CP-104,Servicio ML: api security,,,RF-29 (EXPERIMENTAL / PROPUESTO),ML experimental,Media,AUTOMATIZADA,ml-service/tests/test_api_security.py,cd ml-service && .venv/Scripts/python.exe -m pytest tests/test_api_security.py,docs/academico/qa-final/evidencias/08b-pytest.log; docs/academico/qa-final/evidencias/pytest-junit.xml,24,24,0,0,APROBADO
CP-105,Servicio ML: api service,,,RF-29 (EXPERIMENTAL / PROPUESTO),ML experimental,Media,AUTOMATIZADA,ml-service/tests/test_api_service.py,cd ml-service && .venv/Scripts/python.exe -m pytest tests/test_api_service.py,docs/academico/qa-final/evidencias/08b-pytest.log; docs/academico/qa-final/evidencias/pytest-junit.xml,56,56,0,0,APROBADO
CP-106,Servicio ML: dataset distributions,,,RF-29 (EXPERIMENTAL / PROPUESTO),ML experimental,Media,AUTOMATIZADA,ml-service/tests/test_dataset_distributions.py,cd ml-service && .venv/Scripts/python.exe -m pytest tests/test_dataset_distributions.py,docs/academico/qa-final/evidencias/08b-pytest.log; docs/academico/qa-final/evidencias/pytest-junit.xml,21,21,0,0,APROBADO
CP-107,Servicio ML: dataset no leakage,,,RF-29 (EXPERIMENTAL / PROPUESTO),ML experimental,Media,AUTOMATIZADA,ml-service/tests/test_dataset_no_leakage.py,cd ml-service && .venv/Scripts/python.exe -m pytest tests/test_dataset_no_leakage.py,docs/academico/qa-final/evidencias/08b-pytest.log; docs/academico/qa-final/evidencias/pytest-junit.xml,20,20,0,0,APROBADO
CP-108,Servicio ML: dataset schema,,,RF-29 (EXPERIMENTAL / PROPUESTO),ML experimental,Media,AUTOMATIZADA,ml-service/tests/test_dataset_schema.py,cd ml-service && .venv/Scripts/python.exe -m pytest tests/test_dataset_schema.py,docs/academico/qa-final/evidencias/08b-pytest.log; docs/academico/qa-final/evidencias/pytest-junit.xml,93,93,0,0,APROBADO
CP-109,Servicio ML: dataset temporal integrity,,,RF-29 (EXPERIMENTAL / PROPUESTO),ML experimental,Media,AUTOMATIZADA,ml-service/tests/test_dataset_temporal_integrity.py,cd ml-service && .venv/Scripts/python.exe -m pytest tests/test_dataset_temporal_integrity.py,docs/academico/qa-final/evidencias/08b-pytest.log; docs/academico/qa-final/evidencias/pytest-junit.xml,15,15,0,0,APROBADO
CP-110,Servicio ML: experiment freeze,,,RF-29 (EXPERIMENTAL / PROPUESTO),ML experimental,Media,AUTOMATIZADA,ml-service/tests/test_experiment_freeze.py,cd ml-service && .venv/Scripts/python.exe -m pytest tests/test_experiment_freeze.py,docs/academico/qa-final/evidencias/08b-pytest.log; docs/academico/qa-final/evidencias/pytest-junit.xml,14,14,0,0,APROBADO
CP-111,Servicio ML: freeze contract,,,RF-29 (EXPERIMENTAL / PROPUESTO),ML experimental,Media,AUTOMATIZADA,ml-service/tests/test_freeze_contract.py,cd ml-service && .venv/Scripts/python.exe -m pytest tests/test_freeze_contract.py,docs/academico/qa-final/evidencias/08b-pytest.log; docs/academico/qa-final/evidencias/pytest-junit.xml,113,113,0,0,APROBADO
CP-112,Servicio ML: generator reproducibility,,,RF-29 (EXPERIMENTAL / PROPUESTO),ML experimental,Media,AUTOMATIZADA,ml-service/tests/test_generator_reproducibility.py,cd ml-service && .venv/Scripts/python.exe -m pytest tests/test_generator_reproducibility.py,docs/academico/qa-final/evidencias/08b-pytest.log; docs/academico/qa-final/evidencias/pytest-junit.xml,22,22,0,0,APROBADO
CP-113,Servicio ML: metrics,,,RF-29 (EXPERIMENTAL / PROPUESTO),ML experimental,Media,AUTOMATIZADA,ml-service/tests/test_metrics.py,cd ml-service && .venv/Scripts/python.exe -m pytest tests/test_metrics.py,docs/academico/qa-final/evidencias/08b-pytest.log; docs/academico/qa-final/evidencias/pytest-junit.xml,10,10,0,0,APROBADO
CP-114,Servicio ML: model reproducibility,,,RF-29 (EXPERIMENTAL / PROPUESTO),ML experimental,Media,AUTOMATIZADA,ml-service/tests/test_model_reproducibility.py,cd ml-service && .venv/Scripts/python.exe -m pytest tests/test_model_reproducibility.py,docs/academico/qa-final/evidencias/08b-pytest.log; docs/academico/qa-final/evidencias/pytest-junit.xml,13,13,0,0,APROBADO
CP-115,Servicio ML: serving artifact,,,RF-29 (EXPERIMENTAL / PROPUESTO),ML experimental,Media,AUTOMATIZADA,ml-service/tests/test_serving_artifact.py,cd ml-service && .venv/Scripts/python.exe -m pytest tests/test_serving_artifact.py,docs/academico/qa-final/evidencias/08b-pytest.log; docs/academico/qa-final/evidencias/pytest-junit.xml,57,57,0,0,APROBADO
CP-116,Servicio ML: serving cli,,,RF-29 (EXPERIMENTAL / PROPUESTO),ML experimental,Media,AUTOMATIZADA,ml-service/tests/test_serving_cli.py,cd ml-service && .venv/Scripts/python.exe -m pytest tests/test_serving_cli.py,docs/academico/qa-final/evidencias/08b-pytest.log; docs/academico/qa-final/evidencias/pytest-junit.xml,8,8,0,0,APROBADO
CP-117,Servicio ML: stage history semantics,,,RF-29 (EXPERIMENTAL / PROPUESTO),ML experimental,Media,AUTOMATIZADA,ml-service/tests/test_stage_history_semantics.py,cd ml-service && .venv/Scripts/python.exe -m pytest tests/test_stage_history_semantics.py,docs/academico/qa-final/evidencias/08b-pytest.log; docs/academico/qa-final/evidencias/pytest-junit.xml,11,11,0,0,APROBADO
CP-118,Servicio ML: temporal split,,,RF-29 (EXPERIMENTAL / PROPUESTO),ML experimental,Media,AUTOMATIZADA,ml-service/tests/test_temporal_split.py,cd ml-service && .venv/Scripts/python.exe -m pytest tests/test_temporal_split.py,docs/academico/qa-final/evidencias/08b-pytest.log; docs/academico/qa-final/evidencias/pytest-junit.xml,20,20,0,0,APROBADO
CP-119,Servicio ML: threshold selection,,,RF-29 (EXPERIMENTAL / PROPUESTO),ML experimental,Media,AUTOMATIZADA,ml-service/tests/test_threshold_selection.py,cd ml-service && .venv/Scripts/python.exe -m pytest tests/test_threshold_selection.py,docs/academico/qa-final/evidencias/08b-pytest.log; docs/academico/qa-final/evidencias/pytest-junit.xml,10,10,0,0,APROBADO
CP-120,Servicio ML: training no leakage,,,RF-29 (EXPERIMENTAL / PROPUESTO),ML experimental,Media,AUTOMATIZADA,ml-service/tests/test_training_no_leakage.py,cd ml-service && .venv/Scripts/python.exe -m pytest tests/test_training_no_leakage.py,docs/academico/qa-final/evidencias/08b-pytest.log; docs/academico/qa-final/evidencias/pytest-junit.xml,17,17,0,0,APROBADO
CP-121,Tipos de TypeScript del frontend,,,RNF-09 (mantenibilidad),Estática / build,Media,AUTOMATIZADA,docker compose exec app npx tsc --noEmit,docker compose exec app npx tsc --noEmit,docs/academico/qa-final/evidencias/05-tsc.log,1,1,0,0,APROBADO
CP-122,Compilación del frontend,,,RNF-09 (mantenibilidad),Estática / build,Media,AUTOMATIZADA,docker compose exec app npm run build,docker compose exec app npm run build,docs/academico/qa-final/evidencias/06-build.log,1,1,0,0,APROBADO
CP-123,Configuración de Docker Compose,,,RNF-09 (mantenibilidad),Estática / build,Media,AUTOMATIZADA,docker compose config --quiet,docker compose config --quiet,docs/academico/qa-final/evidencias/03-compose-config.log,1,1,0,0,APROBADO
CP-124,Integración continua (GitHub Actions `tests`),,,RNF-09,Regresión / CI,Alta,AUTOMATIZADA,.github/workflows/tests.yml,GitHub Actions (automático),docs/academico/qa-final/evidencias/ci-github-actions.json,1,1,0,0,APROBADO en develop (bc44303); main (60ebcb2): sin ejecución — pendiente de ejecución manual
CP-125,Recorrido visual por rol en navegador,,,RNF-05,Aceptación (manual),Media,MANUAL / NO AUTOMATIZADO,—,—,docs/manual-smoke-test.md,0,0,0,0,EJECUTADO EN LA FASE 8 (13/09/2026): 10/10; no repetido en la F29F
CP-126,Aceptación por el usuario institucional (RR. HH. / Dirección del Colegio),,,Validación institucional,Aceptación (manual),Media,MANUAL / NO AUTOMATIZADO,—,—,—,0,0,0,0,NO EJECUTADO: sin validación institucional (fuera de alcance)
CP-127,Rendimiento y carga,,,RNF-06,No funcional,Media,MANUAL / NO AUTOMATIZADO,—,—,—,0,0,0,0,NO EJECUTADO: sin herramienta de carga ni SLA (RNF-06 NO VERIFICADO)
CP-128,Disponibilidad y recuperación,,,RNF-07,No funcional,Media,MANUAL / NO AUTOMATIZADO,—,—,—,0,0,0,0,NO EJECUTADO: sin entorno de producción (RNF-07 NO VERIFICADO)
